event_id,timestamp,host_id,user_hash,session_id,step,parent_process,process,event_type,target,relation,signed,notarized,gatekeeper_bypass,xprotect_detection,privilege_escalation,persistence_write,sensitive_access,network_beacon,file_write_count,bytes_out,command_risk,scenario,mitre_technique,label,data_source
evt-0000-0,2026-01-15 08:01:03+00:00,mac-002,user-83383,session-0000,0,launchd,Terminal,exec,/bin/zsh,executes,1,1,0,0,0,0,0,0,7,820,0.030456552650041775,benign,,0,synthetic macOS Endpoint Security-style fixture
evt-0000-1,2026-01-15 08:01:22+00:00,mac-002,user-83383,session-0000,1,Terminal,zsh,exec,/usr/local/bin/brew,executes,0,0,0,0,0,0,0,0,3,1567,0.2766346277243197,benign,,0,synthetic macOS Endpoint Security-style fixture
evt-0000-2,2026-01-15 08:01:39+00:00,mac-002,user-83383,session-0000,2,zsh,brew,network_connect,packages.example,connects,0,0,0,0,0,0,0,0,4,380,0.23506882930996298,benign,,0,synthetic macOS Endpoint Security-style fixture
evt-0000-3,2026-01-15 08:01:57+00:00,mac-002,user-83383,session-0000,3,brew,softwareupdated,file_write,/Library/Updates,writes,1,1,0,0,0,1,0,0,81,512,0.3315241731024859,benign,,0,synthetic macOS Endpoint Security-style fixture
evt-0000-4,2026-01-15 08:02:18+00:00,mac-002,user-83383,session-0000,4,softwareupdated,security,file_read,login.keychain-db,reads,1,1,0,0,0,0,1,0,3,344,0.26180323769284675,benign,,0,synthetic macOS Endpoint Security-style fixture
evt-0000-5,2026-01-15 08:02:35+00:00,mac-002,user-83383,session-0000,5,security,backupd,network_connect,backup.example,connects,1,1,0,0,0,0,0,1,5,22783,0.24549991709929414,benign,,0,synthetic macOS Endpoint Security-style fixture
evt-0001-0,2026-01-15 08:08:02+00:00,mac-015,user-22503,session-0001,0,launchd,mdworker,exec,/System/Applications,executes,1,1,0,0,0,0,0,0,5,918,0.003229842637433554,benign,,0,synthetic macOS Endpoint Security-style fixture
evt-0001-1,2026-01-15 08:08:19+00:00,mac-015,user-22503,session-0001,1,mdworker,Calendar,network_connect,icloud.example,connects,1,1,0,0,0,0,0,0,5,572,0.029616068495507866,benign,,0,synthetic macOS Endpoint Security-style fixture
evt-0001-2,2026-01-15 08:08:41+00:00,mac-015,user-22503,session-0001,2,Calendar,backupd,exec,/usr/bin/open,executes,1,1,0,0,0,0,0,0,4,743,0.03865543622954199,benign,,0,synthetic macOS Endpoint Security-style fixture
evt-0001-3,2026-01-15 08:08:57+00:00,mac-015,user-22503,session-0001,3,backupd,softwareupdated,network_connect,updates.example,connects,1,1,0,0,0,0,0,0,2,613,0.09321174331087911,benign,,0,synthetic macOS Endpoint Security-style fixture
evt-0001-4,2026-01-15 08:09:18+00:00,mac-015,user-22503,session-0001,4,softwareupdated,Notes,network_connect,mail.example,connects,1,1,0,0,0,0,0,0,4,649,0.051151805037052016,benign,,0,synthetic macOS Endpoint Security-style fixture
evt-0001-5,2026-01-15 08:09:39+00:00,mac-015,user-22503,session-0001,5,Notes,Finder,file_read,~/Pictures,reads,1,1,0,0,0,0,0,0,8,1545,0.0783938997998998,benign,,0,synthetic macOS Endpoint Security-style fixture
evt-0002-0,2026-01-15 08:14:00+00:00,mac-012,user-44352,session-0002,0,launchd,WindowServer,exec,/System/Applications,executes,1,1,0,0,0,0,0,0,3,452,0.017631824526104338,benign,,0,synthetic macOS Endpoint Security-style fixture
evt-0002-1,2026-01-15 08:14:22+00:00,mac-012,user-44352,session-0002,1,WindowServer,WindowServer,auth,loginwindow,authenticates,1,1,0,0,0,0,0,0,2,3381,0.04226462267254364,benign,,0,synthetic macOS Endpoint Security-style fixture
evt-0002-2,2026-01-15 08:14:42+00:00,mac-012,user-44352,session-0002,2,WindowServer,Finder,exec,/System/Library/CoreServices,executes,1,1,0,0,0,0,0,0,6,1123,0.027895764166660536,benign,,0,synthetic macOS Endpoint Security-style fixture
evt-0002-3,2026-01-15 08:15:00+00:00,mac-012,user-44352,session-0002,3,Finder,Notes,file_read,/System/Library,reads,1,1,0,0,0,0,0,0,3,1331,0.044414333961342777,benign,,0,synthetic macOS Endpoint Security-style fixture
evt-0002-4,2026-01-15 08:15:17+00:00,mac-012,user-44352,session-0002,4,Notes,backupd,exec,/System/Applications,executes,1,1,0,0,0,0,0,0,7,2877,0.021772904056409786,benign,,0,synthetic macOS Endpoint Security-style fixture
evt-0002-5,2026-01-15 08:15:37+00:00,mac-012,user-44352,session-0002,5,backupd,softwareupdated,exec,/usr/bin/open,executes,1,1,0,0,0,0,0,0,6,268,0.0033238688652252324,benign,,0,synthetic macOS Endpoint Security-style fixture
evt-0003-0,2026-01-15 08:22:04+00:00,mac-016,user-72830,session-0003,0,launchd,Mail,network_connect,mail.example,connects,1,1,0,0,0,0,0,0,1,816,0.04853888877351274,benign,,0,synthetic macOS Endpoint Security-style fixture
evt-0003-1,2026-01-15 08:22:21+00:00,mac-016,user-72830,session-0003,1,Mail,Safari,file_read,~/Pictures,reads,1,1,0,0,0,0,0,0,3,985,0.0056276047907504526,benign,,0,synthetic macOS Endpoint Security-style fixture
evt-0003-2,2026-01-15 08:22:38+00:00,mac-016,user-72830,session-0003,2,Safari,Finder,exec,/System/Applications,executes,1,1,0,0,0,0,0,0,3,1453,0.041328883689446684,benign,,0,synthetic macOS Endpoint Security-style fixture
evt-0003-3,2026-01-15 08:23:00+00:00,mac-016,user-72830,session-0003,3,Finder,softwareupdated,network_connect,mail.example,connects,1,1,0,0,0,0,0,0,1,10417,0.09232920772326488,benign,,0,synthetic macOS Endpoint Security-style fixture
evt-0003-4,2026-01-15 08:23:16+00:00,mac-016,user-72830,session-0003,4,softwareupdated,Preview,file_read,~/Library/Preferences,reads,1,1,0,0,0,0,0,0,3,1353,0.05200358508479027,benign,,0,synthetic macOS Endpoint Security-style fixture
evt-0003-5,2026-01-15 08:23:38+00:00,mac-016,user-72830,session-0003,5,Preview,mdworker,network_connect,icloud.example,connects,1,1,0,0,0,0,0,0,8,3558,0.0,benign,,0,synthetic macOS Endpoint Security-style fixture
evt-0004-0,2026-01-15 08:31:02+00:00,mac-012,user-68163,session-0004,0,launchd,Mail,exec,/System/Applications,executes,1,1,0,0,0,0,0,0,3,2188,0.031786869421927655,benign,,0,synthetic macOS Endpoint Security-style fixture
evt-0004-1,2026-01-15 08:31:20+00:00,mac-012,user-68163,session-0004,1,Mail,Notes,network_connect,icloud.example,connects,1,1,0,0,0,0,0,0,8,1156,0.022564404417493078,benign,,0,synthetic macOS Endpoint Security-style fixture
evt-0004-2,2026-01-15 08:31:40+00:00,mac-012,user-68163,session-0004,2,Notes,Safari,exec,/System/Library/CoreServices,executes,1,1,0,0,0,0,0,0,4,4705,0.05826936727846612,benign,,0,synthetic macOS Endpoint Security-style fixture
evt-0004-3,2026-01-15 08:32:01+00:00,mac-012,user-68163,session-0004,3,Safari,WindowServer,exec,/System/Library/CoreServices,executes,1,1,0,0,0,0,0,0,7,1407,0.06888280090266741,benign,,0,synthetic macOS Endpoint Security-style fixture
evt-0004-4,2026-01-15 08:32:18+00:00,mac-012,user-68163,session-0004,4,WindowServer,Finder,file_read,/System/Library,reads,1,1,0,0,0,0,0,0,6,309,0.07689872620133772,benign,,0,synthetic macOS Endpoint Security-style fixture
evt-0004-5,2026-01-15 08:32:38+00:00,mac-012,user-68163,session-0004,5,Finder,mdworker,file_read,~/Pictures,reads,1,1,0,0,0,0,0,0,5,974,0.03618693668869103,benign,,0,synthetic macOS Endpoint Security-style fixture
evt-0005-0,2026-01-15 08:35:01+00:00,mac-029,user-43698,session-0005,0,launchd,WindowServer,file_read,/System/Library,reads,1,1,0,0,0,0,0,0,9,7059,0.03487095777834889,benign,,0,synthetic macOS Endpoint Security-style fixture
evt-0005-1,2026-01-15 08:35:21+00:00,mac-029,user-43698,session-0005,1,WindowServer,Safari,file_write,~/Documents,writes,1,1,0,0,0,0,0,0,1,3126,0.0,benign,,0,synthetic macOS Endpoint Security-style fixture
evt-0005-2,2026-01-15 08:35:40+00:00,mac-029,user-43698,session-0005,2,Safari,Mail,file_read,~/Library/Preferences,reads,1,1,0,0,0,0,0,0,6,1583,0.05754884065553176,benign,,0,synthetic macOS Endpoint Security-style fixture
evt-0005-3,2026-01-15 08:36:01+00:00,mac-029,user-43698,session-0005,3,Mail,mdworker,file_write,~/Pictures,writes,1,1,0,0,0,0,0,0,3,624,0.035509714654213535,benign,,0,synthetic macOS Endpoint Security-style fixture
evt-0005-4,2026-01-15 08:36:20+00:00,mac-029,user-43698,session-0005,4,mdworker,softwareupdated,exec,/System/Applications,executes,1,1,0,0,0,0,0,0,2,2129,0.0,benign,,0,synthetic macOS Endpoint Security-style fixture
evt-0005-5,2026-01-15 08:36:37+00:00,mac-029,user-43698,session-0005,5,softwareupdated,WindowServer,exec,/System/Library/CoreServices,executes,1,1,0,0,0,0,0,0,6,1037,0.07383964723923493,benign,,0,synthetic macOS Endpoint Security-style fixture
evt-0006-0,2026-01-15 08:46:01+00:00,mac-019,user-93371,session-0006,0,launchd,Calendar,network_connect,icloud.example,connects,1,1,0,0,0,0,0,0,5,477,0.05186742721158005,benign,,0,synthetic macOS Endpoint Security-style fixture
evt-0006-1,2026-01-15 08:46:19+00:00,mac-019,user-93371,session-0006,1,Calendar,backupd,network_connect,updates.example,connects,1,1,0,0,0,0,0,0,1,466,0.023642918082811114,benign,,0,synthetic macOS Endpoint Security-style fixture
evt-0006-2,2026-01-15 08:46:40+00:00,mac-019,user-93371,session-0006,2,backupd,Preview,file_write,~/Pictures,writes,1,1,0,0,0,0,0,0,4,2575,0.03171279569756863,benign,,0,synthetic macOS Endpoint Security-style fixture
evt-0006-3,2026-01-15 08:46:59+00:00,mac-019,user-93371,session-0006,3,Preview,WindowServer,exec,/usr/bin/open,executes,1,1,0,0,0,0,0,0,3,1246,0.06690600393665964,benign,,0,synthetic macOS Endpoint Security-style fixture
evt-0006-4,2026-01-15 08:47:17+00:00,mac-019,user-93371,session-0006,4,WindowServer,mdworker,file_write,~/Library/Preferences,writes,1,1,0,0,0,0,0,0,4,448,0.028533117876516675,benign,,0,synthetic macOS Endpoint Security-style fixture
evt-0006-5,2026-01-15 08:47:36+00:00,mac-019,user-93371,session-0006,5,mdworker,Calendar,file_read,~/Documents,reads,1,1,0,0,0,0,0,0,7,439,0.04015847655905671,benign,,0,synthetic macOS Endpoint Security-style fixture
evt-0007-0,2026-01-15 08:53:04+00:00,mac-016,user-73484,session-0007,0,launchd,Preview,network_connect,calendar.example,connects,1,1,0,0,0,0,0,0,7,1867,0.06713217511114775,benign,,0,synthetic macOS Endpoint Security-style fixture
evt-0007-1,2026-01-15 08:53:21+00:00,mac-016,user-73484,session-0007,1,Preview,backupd,file_read,~/Documents,reads,1,1,0,0,0,0,0,0,2,253,0.03160981579703384,benign,,0,synthetic macOS Endpoint Security-style fixture
evt-0007-2,2026-01-15 08:53:39+00:00,mac-016,user-73484,session-0007,2,backupd,backupd,network_connect,updates.example,connects,1,1,0,0,0,0,0,0,2,102,0.026412612301684138,benign,,0,synthetic macOS Endpoint Security-style fixture
evt-0007-3,2026-01-15 08:53:59+00:00,mac-016,user-73484,session-0007,3,backupd,Finder,network_connect,mail.example,connects,1,1,0,0,0,0,0,0,5,2064,0.04861613065590131,benign,,0,synthetic macOS Endpoint Security-style fixture
evt-0007-4,2026-01-15 08:54:20+00:00,mac-016,user-73484,session-0007,4,Finder,Safari,exec,/usr/bin/open,executes,1,1,0,0,0,0,0,0,6,3512,0.04328714542013631,benign,,0,synthetic macOS Endpoint Security-style fixture
evt-0007-5,2026-01-15 08:54:35+00:00,mac-016,user-73484,session-0007,5,Safari,Finder,file_read,~/Library/Preferences,reads,1,1,0,0,0,0,0,0,3,313,0.055936772566278034,benign,,0,synthetic macOS Endpoint Security-style fixture
evt-0008-0,2026-01-15 08:58:04+00:00,mac-015,user-91320,session-0008,0,launchd,softwareupdated,exec,/usr/bin/open,executes,1,1,0,0,0,0,0,0,6,489,0.05767124102247627,benign,,0,synthetic macOS Endpoint Security-style fixture
evt-0008-1,2026-01-15 08:58:21+00:00,mac-015,user-91320,session-0008,1,softwareupdated,Notes,network_connect,updates.example,connects,1,1,0,0,0,0,0,0,8,538,0.03823299045869822,benign,,0,synthetic macOS Endpoint Security-style fixture
evt-0008-2,2026-01-15 08:58:41+00:00,mac-015,user-91320,session-0008,2,Notes,WindowServer,file_write,~/Pictures,writes,1,1,0,0,0,0,0,0,2,965,0.0236770963833822,benign,,0,synthetic macOS Endpoint Security-style fixture
evt-0008-3,2026-01-15 08:58:59+00:00,mac-015,user-91320,session-0008,3,WindowServer,Calendar,file_read,~/Documents,reads,1,1,0,0,0,0,0,0,0,1352,0.017507630337806154,benign,,0,synthetic macOS Endpoint Security-style fixture
evt-0008-4,2026-01-15 08:59:19+00:00,mac-015,user-91320,session-0008,4,Calendar,Preview,auth,loginwindow,authenticates,1,1,0,0,0,0,0,0,8,5419,0.010584632014267452,benign,,0,synthetic macOS Endpoint Security-style fixture
evt-0008-5,2026-01-15 08:59:39+00:00,mac-015,user-91320,session-0008,5,Preview,mdworker,file_write,/System/Library,writes,1,1,0,0,0,0,0,0,6,393,0.029409834838479046,benign,,0,synthetic macOS Endpoint Security-style fixture
evt-0009-0,2026-01-15 09:07:02+00:00,mac-015,user-90666,session-0009,0,launchd,backupd,auth,loginwindow,authenticates,1,1,0,0,0,0,0,0,3,658,0.053528290270113285,benign,,0,synthetic macOS Endpoint Security-style fixture
evt-0009-1,2026-01-15 09:07:22+00:00,mac-015,user-90666,session-0009,1,backupd,Calendar,exec,/System/Library/CoreServices,executes,1,1,0,0,0,0,0,0,1,479,0.04588190278970659,benign,,0,synthetic macOS Endpoint Security-style fixture
evt-0009-2,2026-01-15 09:07:42+00:00,mac-015,user-90666,session-0009,2,Calendar,softwareupdated,network_connect,icloud.example,connects,1,1,0,0,0,0,0,0,3,3501,0.02898368946075644,benign,,0,synthetic macOS Endpoint Security-style fixture
evt-0009-3,2026-01-15 09:07:58+00:00,mac-015,user-90666,session-0009,3,softwareupdated,Calendar,file_write,~/Documents,writes,1,1,0,0,0,0,0,0,2,788,0.07406606599508353,benign,,0,synthetic macOS Endpoint Security-style fixture
evt-0009-4,2026-01-15 09:08:17+00:00,mac-015,user-90666,session-0009,4,Calendar,Mail,network_connect,calendar.example,connects,1,1,0,0,0,0,0,0,4,942,0.012165298951953792,benign,,0,synthetic macOS Endpoint Security-style fixture
evt-0009-5,2026-01-15 09:08:35+00:00,mac-015,user-90666,session-0009,5,Mail,mdworker,file_read,~/Documents,reads,1,1,0,0,0,0,0,0,5,1794,0.0,benign,,0,synthetic macOS Endpoint Security-style fixture
evt-0010-0,2026-01-15 09:14:04+00:00,mac-012,user-45660,session-0010,0,launchd,Mail,exec,/usr/bin/open,executes,1,1,0,0,0,0,0,0,2,1415,0.01827381880338044,benign,,0,synthetic macOS Endpoint Security-style fixture
evt-0010-1,2026-01-15 09:14:21+00:00,mac-012,user-45660,session-0010,1,Mail,mdworker,file_read,~/Library/Preferences,reads,1,1,0,0,0,0,0,0,6,1612,0.026932032595757993,benign,,0,synthetic macOS Endpoint Security-style fixture
evt-0010-2,2026-01-15 09:14:38+00:00,mac-012,user-45660,session-0010,2,mdworker,WindowServer,file_write,/System/Library,writes,1,1,0,0,0,0,0,0,3,1450,0.09956505706710184,benign,,0,synthetic macOS Endpoint Security-style fixture
evt-0010-3,2026-01-15 09:15:00+00:00,mac-012,user-45660,session-0010,3,WindowServer,Preview,network_connect,calendar.example,connects,1,1,0,0,0,0,0,0,7,2064,0.0774593610074183,benign,,0,synthetic macOS Endpoint Security-style fixture
evt-0010-4,2026-01-15 09:15:19+00:00,mac-012,user-45660,session-0010,4,Preview,Calendar,auth,loginwindow,authenticates,1,1,0,0,0,0,0,0,2,181,0.019332373827077635,benign,,0,synthetic macOS Endpoint Security-style fixture
evt-0010-5,2026-01-15 09:15:39+00:00,mac-012,user-45660,session-0010,5,Calendar,Mail,exec,/System/Applications,executes,1,1,0,0,0,0,0,0,2,2671,0.03387348372023244,benign,,0,synthetic macOS Endpoint Security-style fixture
evt-0011-0,2026-01-15 09:18:02+00:00,mac-004,user-53597,session-0011,0,launchd,softwareupdated,network_connect,icloud.example,connects,1,1,0,0,0,0,0,0,3,1084,0.05754159120223917,benign,,0,synthetic macOS Endpoint Security-style fixture
evt-0011-1,2026-01-15 09:18:21+00:00,mac-004,user-53597,session-0011,1,softwareupdated,backupd,exec,/System/Applications,executes,1,1,0,0,0,0,0,0,5,2703,0.0,benign,,0,synthetic macOS Endpoint Security-style fixture
evt-0011-2,2026-01-15 09:18:38+00:00,mac-004,user-53597,session-0011,2,backupd,WindowServer,network_connect,updates.example,connects,1,1,0,0,0,0,0,0,3,447,0.051195342918067765,benign,,0,synthetic macOS Endpoint Security-style fixture
evt-0011-3,2026-01-15 09:18:57+00:00,mac-004,user-53597,session-0011,3,WindowServer,Safari,exec,/System/Applications,executes,1,1,0,0,0,0,0,0,1,2043,0.06017520704861177,benign,,0,synthetic macOS Endpoint Security-style fixture
evt-0011-4,2026-01-15 09:19:18+00:00,mac-004,user-53597,session-0011,4,Safari,Safari,file_write,~/Documents,writes,1,1,0,0,0,0,0,0,4,2309,0.08493986306085788,benign,,0,synthetic macOS Endpoint Security-style fixture
evt-0011-5,2026-01-15 09:19:39+00:00,mac-004,user-53597,session-0011,5,Safari,Safari,network_connect,mail.example,connects,1,1,0,0,0,0,0,0,7,1829,0.051063640605101324,benign,,0,synthetic macOS Endpoint Security-style fixture
evt-0012-0,2026-01-15 09:26:00+00:00,mac-009,user-29786,session-0012,0,launchd,Calendar,file_read,~/Pictures,reads,1,1,0,0,0,0,0,0,1,1172,0.026095201028771872,benign,,0,synthetic macOS Endpoint Security-style fixture
evt-0012-1,2026-01-15 09:26:19+00:00,mac-009,user-29786,session-0012,1,Calendar,mdworker,network_connect,calendar.example,connects,1,1,0,0,0,0,0,0,4,1289,0.012663215738450424,benign,,0,synthetic macOS Endpoint Security-style fixture
evt-0012-2,2026-01-15 09:26:42+00:00,mac-009,user-29786,session-0012,2,mdworker,Safari,file_write,~/Documents,writes,1,1,0,0,0,0,0,0,0,1028,0.08493902916611601,benign,,0,synthetic macOS Endpoint Security-style fixture
evt-0012-3,2026-01-15 09:26:58+00:00,mac-009,user-29786,session-0012,3,Safari,Preview,exec,/usr/bin/open,executes,1,1,0,0,0,0,0,0,5,403,0.05278054536368837,benign,,0,synthetic macOS Endpoint Security-style fixture
evt-0012-4,2026-01-15 09:27:16+00:00,mac-009,user-29786,session-0012,4,Preview,mdworker,network_connect,icloud.example,connects,1,1,0,0,0,0,0,0,5,1444,0.04948200085912908,benign,,0,synthetic macOS Endpoint Security-style fixture
evt-0012-5,2026-01-15 09:27:37+00:00,mac-009,user-29786,session-0012,5,mdworker,Preview,file_write,/System/Library,writes,1,1,0,0,0,0,0,0,4,690,0.046322120374247475,benign,,0,synthetic macOS Endpoint Security-style fixture
evt-0013-0,2026-01-15 09:31:01+00:00,mac-013,user-40993,session-0013,0,launchd,softwareupdated,file_read,~/Pictures,reads,1,1,0,0,0,0,0,0,3,3464,0.010948012181642822,benign,,0,synthetic macOS Endpoint Security-style fixture
evt-0013-1,2026-01-15 09:31:23+00:00,mac-013,user-40993,session-0013,1,softwareupdated,Calendar,network_connect,calendar.example,connects,1,1,0,0,0,0,0,0,6,809,0.021177702069284477,benign,,0,synthetic macOS Endpoint Security-style fixture
evt-0013-2,2026-01-15 09:31:42+00:00,mac-013,user-40993,session-0013,2,Calendar,backupd,exec,/System/Library/CoreServices,executes,1,1,0,0,0,0,0,0,2,5034,0.04088941192461562,benign,,0,synthetic macOS Endpoint Security-style fixture
evt-0013-3,2026-01-15 09:31:58+00:00,mac-013,user-40993,session-0013,3,backupd,softwareupdated,network_connect,calendar.example,connects,1,1,0,0,0,0,0,0,6,2268,0.04077713969427882,benign,,0,synthetic macOS Endpoint Security-style fixture
evt-0013-4,2026-01-15 09:32:18+00:00,mac-013,user-40993,session-0013,4,softwareupdated,Notes,exec,/usr/bin/open,executes,1,1,0,0,0,0,0,0,4,345,0.03853971890353294,benign,,0,synthetic macOS Endpoint Security-style fixture
evt-0013-5,2026-01-15 09:32:36+00:00,mac-013,user-40993,session-0013,5,Notes,backupd,file_read,~/Library/Preferences,reads,1,1,0,0,0,0,0,0,3,1370,0.014802676259411382,benign,,0,synthetic macOS Endpoint Security-style fixture
evt-0014-0,2026-01-15 09:39:00+00:00,mac-003,user-48276,session-0014,0,launchd,mdworker,file_read,~/Pictures,reads,1,1,0,0,0,0,0,0,8,1381,0.07112368446616114,benign,,0,synthetic macOS Endpoint Security-style fixture
evt-0014-1,2026-01-15 09:39:20+00:00,mac-003,user-48276,session-0014,1,mdworker,Mail,exec,/usr/bin/open,executes,1,1,0,0,0,0,0,0,4,854,0.06623349026358519,benign,,0,synthetic macOS Endpoint Security-style fixture
evt-0014-2,2026-01-15 09:39:39+00:00,mac-003,user-48276,session-0014,2,Mail,Preview,network_connect,calendar.example,connects,1,1,0,0,0,0,0,0,4,666,0.09150745426310197,benign,,0,synthetic macOS Endpoint Security-style fixture
evt-0014-3,2026-01-15 09:40:01+00:00,mac-003,user-48276,session-0014,3,Preview,Mail,exec,/System/Library/CoreServices,executes,1,1,0,0,0,0,0,0,3,1710,0.024445807493643546,benign,,0,synthetic macOS Endpoint Security-style fixture
evt-0014-4,2026-01-15 09:40:20+00:00,mac-003,user-48276,session-0014,4,Mail,softwareupdated,network_connect,calendar.example,connects,1,1,0,0,0,0,0,0,3,850,0.01832486859191434,benign,,0,synthetic macOS Endpoint Security-style fixture
evt-0014-5,2026-01-15 09:40:35+00:00,mac-003,user-48276,session-0014,5,softwareupdated,Finder,network_connect,mail.example,connects,1,1,0,0,0,0,0,0,5,1101,0.051208101649328985,benign,,0,synthetic macOS Endpoint Security-style fixture
evt-0015-0,2026-01-15 09:49:00+00:00,mac-015,user-11861,session-0015,0,launchd,Safari,file_write,~/Documents,writes,1,1,0,0,0,0,0,0,2,2192,0.04529024331987626,benign,,0,synthetic macOS Endpoint Security-style fixture
evt-0015-1,2026-01-15 09:49:21+00:00,mac-015,user-11861,session-0015,1,Safari,Notes,file_write,~/Documents,writes,1,1,0,0,0,0,0,0,6,1574,0.05193823343166988,benign,,0,synthetic macOS Endpoint Security-style fixture
evt-0015-2,2026-01-15 09:49:40+00:00,mac-015,user-11861,session-0015,2,Notes,mdworker,exec,/usr/bin/open,executes,1,1,0,0,0,0,0,0,7,1004,0.03910973159524773,benign,,0,synthetic macOS Endpoint Security-style fixture
evt-0015-3,2026-01-15 09:49:57+00:00,mac-015,user-11861,session-0015,3,mdworker,WindowServer,file_read,~/Pictures,reads,1,1,0,0,0,0,0,0,2,1007,0.04557805046015415,benign,,0,synthetic macOS Endpoint Security-style fixture
evt-0015-4,2026-01-15 09:50:18+00:00,mac-015,user-11861,session-0015,4,WindowServer,Safari,file_read,~/Pictures,reads,1,1,0,0,0,0,0,0,7,1975,0.04935966129265658,benign,,0,synthetic macOS Endpoint Security-style fixture
evt-0015-5,2026-01-15 09:50:39+00:00,mac-015,user-11861,session-0015,5,Safari,Finder,file_read,~/Library/Preferences,reads,1,1,0,0,0,0,0,0,8,1454,0.059170571794606094,benign,,0,synthetic macOS Endpoint Security-style fixture
evt-0016-0,2026-01-15 09:55:03+00:00,mac-018,user-17182,session-0016,0,launchd,WindowServer,file_read,~/Documents,reads,1,1,0,0,0,0,0,0,3,1439,0.056751981055054745,benign,,0,synthetic macOS Endpoint Security-style fixture
evt-0016-1,2026-01-15 09:55:23+00:00,mac-018,user-17182,session-0016,1,WindowServer,Safari,file_write,/System/Library,writes,1,1,0,0,0,0,0,0,1,3476,0.027481381406077095,benign,,0,synthetic macOS Endpoint Security-style fixture
evt-0016-2,2026-01-15 09:55:41+00:00,mac-018,user-17182,session-0016,2,Safari,backupd,exec,/System/Library/CoreServices,executes,1,1,0,0,0,0,0,0,2,1800,0.0484968840298176,benign,,0,synthetic macOS Endpoint Security-style fixture
evt-0016-3,2026-01-15 09:55:59+00:00,mac-018,user-17182,session-0016,3,backupd,WindowServer,exec,/System/Library/CoreServices,executes,1,1,0,0,0,0,0,0,6,2835,0.045069376206309186,benign,,0,synthetic macOS Endpoint Security-style fixture
evt-0016-4,2026-01-15 09:56:18+00:00,mac-018,user-17182,session-0016,4,WindowServer,mdworker,exec,/usr/bin/open,executes,1,1,0,0,0,0,0,0,7,1189,0.020941913549308695,benign,,0,synthetic macOS Endpoint Security-style fixture
evt-0016-5,2026-01-15 09:56:36+00:00,mac-018,user-17182,session-0016,5,mdworker,backupd,auth,loginwindow,authenticates,1,1,0,0,0,0,0,0,8,1236,0.05027929795039908,benign,,0,synthetic macOS Endpoint Security-style fixture
evt-0017-0,2026-01-15 10:01:02+00:00,mac-010,user-08591,session-0017,0,launchd,Finder,file_read,~/Documents,reads,1,1,0,0,0,0,0,0,4,1045,0.013200936192744518,data_exfiltration,T1083,1,synthetic macOS Endpoint Security-style fixture
evt-0017-1,2026-01-15 10:01:20+00:00,mac-010,user-08591,session-0017,1,Finder,zip,exec,/usr/bin/zip,executes,1,1,0,0,0,0,0,0,4,912,0.00018014350696180653,data_exfiltration,T1560,1,synthetic macOS Endpoint Security-style fixture
evt-0017-2,2026-01-15 10:01:38+00:00,mac-010,user-08591,session-0017,2,zip,zip,file_write,/tmp/archive.zip,writes,1,1,0,0,0,0,1,0,5,971,0.2708148612931538,data_exfiltration,T1560,1,synthetic macOS Endpoint Security-style fixture
evt-0017-3,2026-01-15 10:01:57+00:00,mac-010,user-08591,session-0017,3,zip,curl,network_connect,upload.example,connects,1,1,0,0,0,0,1,1,3,22327,0.4763311220820307,data_exfiltration,T1041,1,synthetic macOS Endpoint Security-style fixture
evt-0017-4,2026-01-15 10:02:18+00:00,mac-010,user-08591,session-0017,4,curl,curl,network_connect,upload.example,connects,1,1,0,0,0,0,0,1,7,114021,0.2643415877836023,data_exfiltration,T1041,1,synthetic macOS Endpoint Security-style fixture
evt-0017-5,2026-01-15 10:02:36+00:00,mac-010,user-08591,session-0017,5,curl,rm,file_delete,/tmp/archive.zip,deletes,1,1,0,0,0,0,0,0,3,1661,0.012566558136323909,data_exfiltration,T1070,1,synthetic macOS Endpoint Security-style fixture
evt-0018-0,2026-01-15 10:10:01+00:00,mac-024,user-32402,session-0018,0,launchd,WindowServer,file_read,~/Pictures,reads,1,1,0,0,0,0,0,0,5,1168,0.06834201196891754,benign,,0,synthetic macOS Endpoint Security-style fixture
evt-0018-1,2026-01-15 10:10:19+00:00,mac-024,user-32402,session-0018,1,WindowServer,Safari,file_write,~/Library/Preferences,writes,1,1,0,0,0,0,0,0,1,601,0.03410426594562868,benign,,0,synthetic macOS Endpoint Security-style fixture
evt-0018-2,2026-01-15 10:10:40+00:00,mac-024,user-32402,session-0018,2,Safari,Finder,file_write,~/Documents,writes,1,1,0,0,0,0,0,0,3,536,0.03342316438859118,benign,,0,synthetic macOS Endpoint Security-style fixture
evt-0018-3,2026-01-15 10:10:58+00:00,mac-024,user-32402,session-0018,3,Finder,backupd,exec,/usr/bin/open,executes,1,1,0,0,0,0,0,0,6,221,0.02642072922359715,benign,,0,synthetic macOS Endpoint Security-style fixture
evt-0018-4,2026-01-15 10:11:16+00:00,mac-024,user-32402,session-0018,4,backupd,mdworker,exec,/System/Library/CoreServices,executes,1,1,0,0,0,0,0,0,1,2478,0.06575488507881827,benign,,0,synthetic macOS Endpoint Security-style fixture
evt-0018-5,2026-01-15 10:11:39+00:00,mac-024,user-32402,session-0018,5,mdworker,Notes,auth,loginwindow,authenticates,1,1,0,0,0,0,0,0,3,1097,0.07682383930473936,benign,,0,synthetic macOS Endpoint Security-style fixture
evt-0019-0,2026-01-15 10:13:01+00:00,mac-027,user-66855,session-0019,0,launchd,Terminal,exec,/bin/zsh,executes,1,1,0,0,0,0,0,0,4,550,0.1014356023018973,benign,,0,synthetic macOS Endpoint Security-style fixture
evt-0019-1,2026-01-15 10:13:22+00:00,mac-027,user-66855,session-0019,1,Terminal,zsh,exec,/usr/local/bin/brew,executes,0,0,0,0,0,0,0,0,1,437,0.21229673966936835,benign,,0,synthetic macOS Endpoint Security-style fixture
evt-0019-2,2026-01-15 10:13:38+00:00,mac-027,user-66855,session-0019,2,zsh,brew,network_connect,packages.example,connects,0,0,0,0,0,0,0,0,5,1469,0.2704367989685504,benign,,0,synthetic macOS Endpoint Security-style fixture
evt-0019-3,2026-01-15 10:14:00+00:00,mac-027,user-66855,session-0019,3,brew,softwareupdated,file_write,/Library/Updates,writes,1,1,0,0,0,1,0,0,52,364,0.3320950573854703,benign,,0,synthetic macOS Endpoint Security-style fixture
evt-0019-4,2026-01-15 10:14:19+00:00,mac-027,user-66855,session-0019,4,softwareupdated,security,file_read,login.keychain-db,reads,1,1,0,0,0,0,1,0,5,5151,0.3090121150195757,benign,,0,synthetic macOS Endpoint Security-style fixture
evt-0019-5,2026-01-15 10:14:37+00:00,mac-027,user-66855,session-0019,5,security,backupd,network_connect,backup.example,connects,1,1,0,0,0,0,0,1,3,6852,0.22784514673252385,benign,,0,synthetic macOS Endpoint Security-style fixture
evt-0020-0,2026-01-15 10:20:02+00:00,mac-006,user-57610,session-0020,0,launchd,mdworker,file_read,~/Pictures,reads,1,1,0,0,0,0,0,0,2,1391,0.062168976360118464,benign,,0,synthetic macOS Endpoint Security-style fixture
evt-0020-1,2026-01-15 10:20:23+00:00,mac-006,user-57610,session-0020,1,mdworker,Mail,network_connect,icloud.example,connects,1,1,0,0,0,0,0,0,1,257,0.0,benign,,0,synthetic macOS Endpoint Security-style fixture
evt-0020-2,2026-01-15 10:20:40+00:00,mac-006,user-57610,session-0020,2,Mail,Calendar,network_connect,icloud.example,connects,1,1,0,0,0,0,0,0,4,1667,0.05821785585185865,benign,,0,synthetic macOS Endpoint Security-style fixture
evt-0020-3,2026-01-15 10:21:01+00:00,mac-006,user-57610,session-0020,3,Calendar,WindowServer,file_write,~/Pictures,writes,1,1,0,0,0,0,0,0,5,1424,0.020186854238552137,benign,,0,synthetic macOS Endpoint Security-style fixture
evt-0020-4,2026-01-15 10:21:19+00:00,mac-006,user-57610,session-0020,4,WindowServer,Calendar,file_read,~/Documents,reads,1,1,0,0,0,0,0,0,2,492,0.08208965523845058,benign,,0,synthetic macOS Endpoint Security-style fixture
evt-0020-5,2026-01-15 10:21:38+00:00,mac-006,user-57610,session-0020,5,Calendar,Calendar,file_read,~/Pictures,reads,1,1,0,0,0,0,0,0,6,1396,0.021865211949800616,benign,,0,synthetic macOS Endpoint Security-style fixture
evt-0021-0,2026-01-15 10:31:00+00:00,mac-012,user-94679,session-0021,0,launchd,Notes,file_read,/System/Library,reads,1,1,0,0,0,0,0,0,3,766,0.038761029061210435,benign,,0,synthetic macOS Endpoint Security-style fixture
evt-0021-1,2026-01-15 10:31:23+00:00,mac-012,user-94679,session-0021,1,Notes,Preview,network_connect,updates.example,connects,1,1,0,0,0,0,0,0,5,1477,0.024409982768544683,benign,,0,synthetic macOS Endpoint Security-style fixture
evt-0021-2,2026-01-15 10:31:41+00:00,mac-012,user-94679,session-0021,2,Preview,Finder,exec,/System/Library/CoreServices,executes,1,1,0,0,0,0,0,0,1,2849,0.0,benign,,0,synthetic macOS Endpoint Security-style fixture
evt-0021-3,2026-01-15 10:32:01+00:00,mac-012,user-94679,session-0021,3,Finder,Mail,file_read,~/Library/Preferences,reads,1,1,0,0,0,0,0,0,0,1339,0.006840097417036284,benign,,0,synthetic macOS Endpoint Security-style fixture
evt-0021-4,2026-01-15 10:32:18+00:00,mac-012,user-94679,session-0021,4,Mail,backupd,file_read,~/Pictures,reads,1,1,0,0,0,0,0,0,3,1347,0.06113707771204635,benign,,0,synthetic macOS Endpoint Security-style fixture
evt-0021-5,2026-01-15 10:32:36+00:00,mac-012,user-94679,session-0021,5,backupd,Finder,network_connect,mail.example,connects,1,1,0,0,0,0,0,0,4,1792,0.05884637674834206,benign,,0,synthetic macOS Endpoint Security-style fixture
evt-0022-0,2026-01-15 10:38:00+00:00,mac-017,user-53597,session-0022,0,launchd,softwareupdated,file_read,/System/Library,reads,1,1,0,0,0,0,0,0,2,2087,0.023122151196413466,benign,,0,synthetic macOS Endpoint Security-style fixture
evt-0022-1,2026-01-15 10:38:23+00:00,mac-017,user-53597,session-0022,1,softwareupdated,Mail,file_read,/System/Library,reads,1,1,0,0,0,0,0,0,1,334,0.06976033908234361,benign,,0,synthetic macOS Endpoint Security-style fixture
evt-0022-2,2026-01-15 10:38:42+00:00,mac-017,user-53597,session-0022,2,Mail,Preview,file_write,~/Documents,writes,1,1,0,0,0,0,0,0,2,2377,0.04732334558743229,benign,,0,synthetic macOS Endpoint Security-style fixture
evt-0022-3,2026-01-15 10:38:57+00:00,mac-017,user-53597,session-0022,3,Preview,Mail,exec,/usr/bin/open,executes,1,1,0,0,0,0,0,0,3,1524,0.0864873701905828,benign,,0,synthetic macOS Endpoint Security-style fixture
evt-0022-4,2026-01-15 10:39:18+00:00,mac-017,user-53597,session-0022,4,Mail,Mail,file_write,~/Documents,writes,1,1,0,0,0,0,0,0,4,719,0.01419007451112881,benign,,0,synthetic macOS Endpoint Security-style fixture
evt-0022-5,2026-01-15 10:39:38+00:00,mac-017,user-53597,session-0022,5,Mail,WindowServer,exec,/System/Applications,executes,1,1,0,0,0,0,0,0,2,1719,0.007702943294207752,benign,,0,synthetic macOS Endpoint Security-style fixture
evt-0023-0,2026-01-15 10:42:00+00:00,mac-028,user-36415,session-0023,0,launchd,Finder,network_connect,mail.example,connects,1,1,0,0,0,0,0,0,5,274,0.061550001260303355,benign,,0,synthetic macOS Endpoint Security-style fixture
evt-0023-1,2026-01-15 10:42:20+00:00,mac-028,user-36415,session-0023,1,Finder,softwareupdated,file_read,~/Documents,reads,1,1,0,0,0,0,0,0,8,1467,0.05390188184557877,benign,,0,synthetic macOS Endpoint Security-style fixture
evt-0023-2,2026-01-15 10:42:42+00:00,mac-028,user-36415,session-0023,2,softwareupdated,Preview,network_connect,icloud.example,connects,1,1,0,0,0,0,0,0,5,2977,0.012835803510235243,benign,,0,synthetic macOS Endpoint Security-style fixture
evt-0023-3,2026-01-15 10:43:01+00:00,mac-028,user-36415,session-0023,3,Preview,Preview,file_read,~/Pictures,reads,1,1,0,0,0,0,0,0,3,245,0.08655793903487201,benign,,0,synthetic macOS Endpoint Security-style fixture
evt-0023-4,2026-01-15 10:43:20+00:00,mac-028,user-36415,session-0023,4,Preview,Mail,file_write,/System/Library,writes,1,1,0,0,0,0,0,0,2,931,0.02770860962586289,benign,,0,synthetic macOS Endpoint Security-style fixture
evt-0023-5,2026-01-15 10:43:37+00:00,mac-028,user-36415,session-0023,5,Mail,Safari,file_write,~/Documents,writes,1,1,0,0,0,0,0,0,8,554,0.09573184026389933,benign,,0,synthetic macOS Endpoint Security-style fixture
evt-0024-0,2026-01-15 10:52:00+00:00,mac-014,user-82075,session-0024,0,launchd,Safari,network_connect,downloads.example,connects,1,1,0,0,0,0,0,0,4,443,0.017213909421567742,download_execute,T1105,1,synthetic macOS Endpoint Security-style fixture
evt-0024-1,2026-01-15 10:52:21+00:00,mac-014,user-82075,session-0024,1,Safari,softwareupdated,file_write,/tmp/sample.bin,writes,1,1,0,0,0,0,0,0,4,191,0.0,download_execute,T1105,1,synthetic macOS Endpoint Security-style fixture
evt-0024-2,2026-01-15 10:52:39+00:00,mac-014,user-82075,session-0024,2,softwareupdated,Finder,exec,/bin/sh,executes,1,1,0,0,0,0,0,0,6,512,0.005232864250618592,download_execute,T1059,1,synthetic macOS Endpoint Security-style fixture
evt-0024-3,2026-01-15 10:52:58+00:00,mac-014,user-82075,session-0024,3,Finder,backupd,file_write,/tmp/sample.bin,writes,1,1,0,0,0,0,0,0,3,300,0.025169495378241022,download_execute,T1222,1,synthetic macOS Endpoint Security-style fixture
evt-0024-4,2026-01-15 10:53:19+00:00,mac-014,user-82075,session-0024,4,backupd,mdworker,exec,/tmp/sample.bin,executes,1,1,0,0,1,0,0,0,4,350,0.09748972732593299,download_execute,T1204,1,synthetic macOS Endpoint Security-style fixture
evt-0024-5,2026-01-15 10:53:38+00:00,mac-014,user-82075,session-0024,5,mdworker,Safari,network_connect,control.example,connects,1,1,0,0,0,0,0,1,7,136,0.20599354084276683,download_execute,T1071,1,synthetic macOS Endpoint Security-style fixture
evt-0025-0,2026-01-15 10:57:00+00:00,mac-016,user-29786,session-0025,0,launchd,softwareupdated,exec,/usr/bin/open,executes,1,1,0,0,0,0,0,0,4,341,0.03023305993502011,benign,,0,synthetic macOS Endpoint Security-style fixture
evt-0025-1,2026-01-15 10:57:20+00:00,mac-016,user-29786,session-0025,1,softwareupdated,Mail,file_read,~/Documents,reads,1,1,0,0,0,0,0,0,5,365,0.04820919932078845,benign,,0,synthetic macOS Endpoint Security-style fixture
evt-0025-2,2026-01-15 10:57:38+00:00,mac-016,user-29786,session-0025,2,Mail,Mail,file_read,~/Library/Preferences,reads,1,1,0,0,0,0,0,0,3,1419,0.01124786264619091,benign,,0,synthetic macOS Endpoint Security-style fixture
evt-0025-3,2026-01-15 10:58:00+00:00,mac-016,user-29786,session-0025,3,Mail,Safari,file_read,~/Pictures,reads,1,1,0,0,0,0,0,0,3,925,0.05246798602674309,benign,,0,synthetic macOS Endpoint Security-style fixture
evt-0025-4,2026-01-15 10:58:17+00:00,mac-016,user-29786,session-0025,4,Safari,Mail,network_connect,icloud.example,connects,1,1,0,0,0,0,0,0,2,2245,0.0,benign,,0,synthetic macOS Endpoint Security-style fixture
evt-0025-5,2026-01-15 10:58:37+00:00,mac-016,user-29786,session-0025,5,Mail,WindowServer,network_connect,icloud.example,connects,1,1,0,0,0,0,0,0,10,956,0.0,benign,,0,synthetic macOS Endpoint Security-style fixture
evt-0026-0,2026-01-15 11:04:03+00:00,mac-015,user-45660,session-0026,0,launchd,Safari,network_connect,download.example,connects,1,1,0,0,0,0,0,0,4,1996,0.0,gatekeeper_bypass,T1105,1,synthetic macOS Endpoint Security-style fixture
evt-0026-1,2026-01-15 11:04:23+00:00,mac-015,user-45660,session-0026,1,Safari,Archive Utility,file_write,~/Downloads/demo.zip,writes,1,1,0,0,0,0,0,0,5,907,0.0,gatekeeper_bypass,T1105,1,synthetic macOS Endpoint Security-style fixture
evt-0026-2,2026-01-15 11:04:41+00:00,mac-015,user-45660,session-0026,2,Archive Utility,xattr,exec,/usr/bin/xattr,executes,0,0,0,0,0,0,0,0,3,614,0.24545696626994384,gatekeeper_bypass,T1222,1,synthetic macOS Endpoint Security-style fixture
evt-0026-3,2026-01-15 11:04:59+00:00,mac-015,user-45660,session-0026,3,xattr,Finder,gatekeeper_bypass,unsigned-app.app,bypasses,0,0,1,0,0,0,0,0,4,975,0.6001990051032317,gatekeeper_bypass,T1553.001,1,synthetic macOS Endpoint Security-style fixture
evt-0026-4,2026-01-15 11:05:18+00:00,mac-015,user-45660,session-0026,4,Finder,unsigned-app,exec,unsigned-app.app,executes,0,0,0,0,0,0,0,0,3,659,0.23091315500519322,gatekeeper_bypass,T1204,1,synthetic macOS Endpoint Security-style fixture
evt-0026-5,2026-01-15 11:05:36+00:00,mac-015,user-45660,session-0026,5,unsigned-app,unsigned-app,network_connect,callback.example,connects,0,0,0,0,0,0,0,1,5,342,0.4284402675285709,gatekeeper_bypass,T1071,1,synthetic macOS Endpoint Security-style fixture
evt-0027-0,2026-01-15 11:11:03+00:00,mac-021,user-35761,session-0027,0,launchd,Preview,auth,loginwindow,authenticates,1,1,0,0,0,0,0,0,1,970,0.053755062400661024,benign,,0,synthetic macOS Endpoint Security-style fixture
evt-0027-1,2026-01-15 11:11:22+00:00,mac-021,user-35761,session-0027,1,Preview,Finder,file_read,~/Library/Preferences,reads,1,1,0,0,0,0,0,0,2,761,0.005338943668245166,benign,,0,synthetic macOS Endpoint Security-style fixture
evt-0027-2,2026-01-15 11:11:38+00:00,mac-021,user-35761,session-0027,2,Finder,softwareupdated,file_write,~/Pictures,writes,1,1,0,0,0,0,0,0,7,2713,0.07161349523345091,benign,,0,synthetic macOS Endpoint Security-style fixture
evt-0027-3,2026-01-15 11:11:59+00:00,mac-021,user-35761,session-0027,3,softwareupdated,Mail,exec,/usr/bin/open,executes,1,1,0,0,0,0,0,0,5,1059,0.04196496765287593,benign,,0,synthetic macOS Endpoint Security-style fixture
evt-0027-4,2026-01-15 11:12:18+00:00,mac-021,user-35761,session-0027,4,Mail,Finder,file_read,~/Pictures,reads,1,1,0,0,0,0,0,0,3,1740,0.041163936833196524,benign,,0,synthetic macOS Endpoint Security-style fixture
evt-0027-5,2026-01-15 11:12:39+00:00,mac-021,user-35761,session-0027,5,Finder,softwareupdated,exec,/usr/bin/open,executes,1,1,0,0,0,0,0,0,3,2597,0.00950310637896196,benign,,0,synthetic macOS Endpoint Security-style fixture
evt-0028-0,2026-01-15 11:18:03+00:00,mac-003,user-82075,session-0028,0,launchd,softwareupdated,exec,/System/Applications,executes,1,1,0,0,0,0,0,0,9,332,0.041336447815436855,benign,,0,synthetic macOS Endpoint Security-style fixture
evt-0028-1,2026-01-15 11:18:21+00:00,mac-003,user-82075,session-0028,1,softwareupdated,mdworker,file_write,/System/Library,writes,1,1,0,0,0,0,0,0,6,313,0.049711855021288526,benign,,0,synthetic macOS Endpoint Security-style fixture
evt-0028-2,2026-01-15 11:18:42+00:00,mac-003,user-82075,session-0028,2,mdworker,WindowServer,network_connect,mail.example,connects,1,1,0,0,0,0,0,0,5,1311,0.04004998391037718,benign,,0,synthetic macOS Endpoint Security-style fixture
evt-0028-3,2026-01-15 11:19:01+00:00,mac-003,user-82075,session-0028,3,WindowServer,Finder,network_connect,updates.example,connects,1,1,0,0,0,0,0,0,6,1467,0.02184962255747558,benign,,0,synthetic macOS Endpoint Security-style fixture
evt-0028-4,2026-01-15 11:19:19+00:00,mac-003,user-82075,session-0028,4,Finder,Finder,exec,/System/Library/CoreServices,executes,1,1,0,0,0,0,0,0,2,1830,0.026542094928460505,benign,,0,synthetic macOS Endpoint Security-style fixture
evt-0028-5,2026-01-15 11:19:36+00:00,mac-003,user-82075,session-0028,5,Finder,softwareupdated,file_read,~/Documents,reads,1,1,0,0,0,0,0,0,3,363,0.026703062651431065,benign,,0,synthetic macOS Endpoint Security-style fixture
evt-0029-0,2026-01-15 11:25:00+00:00,mac-007,user-60226,session-0029,0,launchd,Calendar,exec,/System/Library/CoreServices,executes,1,1,0,0,0,0,0,0,1,444,0.027664966490433034,benign,,0,synthetic macOS Endpoint Security-style fixture
evt-0029-1,2026-01-15 11:25:21+00:00,mac-007,user-60226,session-0029,1,Calendar,mdworker,network_connect,mail.example,connects,1,1,0,0,0,0,0,0,6,1831,0.03717078975677757,benign,,0,synthetic macOS Endpoint Security-style fixture
evt-0029-2,2026-01-15 11:25:42+00:00,mac-007,user-60226,session-0029,2,mdworker,Mail,auth,loginwindow,authenticates,1,1,0,0,0,0,0,0,3,2534,0.005057845922039908,benign,,0,synthetic macOS Endpoint Security-style fixture
evt-0029-3,2026-01-15 11:25:57+00:00,mac-007,user-60226,session-0029,3,Mail,Notes,auth,loginwindow,authenticates,1,1,0,0,0,0,0,0,1,516,0.026768192332502667,benign,,0,synthetic macOS Endpoint Security-style fixture
evt-0029-4,2026-01-15 11:26:19+00:00,mac-007,user-60226,session-0029,4,Notes,Finder,file_write,~/Pictures,writes,1,1,0,0,0,0,0,0,6,942,0.0195061517807289,benign,,0,synthetic macOS Endpoint Security-style fixture
evt-0029-5,2026-01-15 11:26:36+00:00,mac-007,user-60226,session-0029,5,Finder,Mail,exec,/System/Library/CoreServices,executes,1,1,0,0,0,0,0,0,4,1409,0.027706314506746633,benign,,0,synthetic macOS Endpoint Security-style fixture
evt-0030-0,2026-01-15 11:32:03+00:00,mac-023,user-29786,session-0030,0,launchd,Safari,network_connect,downloads.example,connects,1,1,0,0,0,0,0,0,5,6728,0.014232074201691505,download_execute,T1105,1,synthetic macOS Endpoint Security-style fixture
evt-0030-1,2026-01-15 11:32:21+00:00,mac-023,user-29786,session-0030,1,Safari,curl,file_write,/tmp/sample.bin,writes,1,1,0,0,0,0,0,0,4,472,0.03639289053699363,download_execute,T1105,1,synthetic macOS Endpoint Security-style fixture
evt-0030-2,2026-01-15 11:32:38+00:00,mac-023,user-29786,session-0030,2,curl,sh,exec,/bin/sh,executes,0,0,0,0,0,0,0,0,3,855,0.24871538872589014,download_execute,T1059,1,synthetic macOS Endpoint Security-style fixture
evt-0030-3,2026-01-15 11:32:59+00:00,mac-023,user-29786,session-0030,3,sh,chmod,file_write,/tmp/sample.bin,writes,0,0,0,0,0,0,0,0,7,3532,0.28022986829632934,download_execute,T1222,1,synthetic macOS Endpoint Security-style fixture
evt-0030-4,2026-01-15 11:33:18+00:00,mac-023,user-29786,session-0030,4,chmod,sample.bin,exec,/tmp/sample.bin,executes,0,0,0,1,1,0,0,0,6,2471,0.21854161086044388,download_execute,T1204,1,synthetic macOS Endpoint Security-style fixture
evt-0030-5,2026-01-15 11:33:37+00:00,mac-023,user-29786,session-0030,5,sample.bin,sample.bin,network_connect,control.example,connects,0,0,0,0,0,0,0,1,0,1365,0.45248088537883163,download_execute,T1071,1,synthetic macOS Endpoint Security-style fixture
evt-0031-0,2026-01-15 11:37:01+00:00,mac-023,user-75446,session-0031,0,launchd,Safari,network_connect,update.example,connects,1,1,0,0,0,0,0,0,3,1062,0.05106136512424278,launchagent_persistence,T1105,1,synthetic macOS Endpoint Security-style fixture
evt-0031-1,2026-01-15 11:37:22+00:00,mac-023,user-75446,session-0031,1,Safari,installer,file_write,/tmp/helper,writes,1,1,0,0,0,0,0,0,8,1365,0.039822078621787105,launchagent_persistence,T1105,1,synthetic macOS Endpoint Security-style fixture
evt-0031-2,2026-01-15 11:37:39+00:00,mac-023,user-75446,session-0031,2,installer,sh,exec,/bin/sh,executes,0,0,0,0,0,0,0,0,8,1836,0.23800893931581235,launchagent_persistence,T1059,1,synthetic macOS Endpoint Security-style fixture
evt-0031-3,2026-01-15 11:37:58+00:00,mac-023,user-75446,session-0031,3,sh,defaults,file_write,~/Library/LaunchAgents/com.demo.agent.plist,writes,0,0,0,0,0,1,0,0,7,1742,0.5621990724082752,launchagent_persistence,T1543.001,1,synthetic macOS Endpoint Security-style fixture
evt-0031-4,2026-01-15 11:38:20+00:00,mac-023,user-75446,session-0031,4,defaults,launchctl,exec,com.demo.agent,executes,0,0,0,0,1,1,0,0,5,2215,0.5225656707476366,launchagent_persistence,T1543.001,1,synthetic macOS Endpoint Security-style fixture
evt-0031-5,2026-01-15 11:38:37+00:00,mac-023,user-75446,session-0031,5,launchctl,helper,exec,/tmp/helper,executes,0,0,0,0,0,0,0,0,3,1861,0.24396143198042886,launchagent_persistence,T1204,1,synthetic macOS Endpoint Security-style fixture
evt-0032-0,2026-01-15 11:48:00+00:00,mac-008,user-25119,session-0032,0,launchd,Mail,exec,/System/Applications,executes,1,1,0,0,0,0,0,0,1,2527,0.04983442175635243,benign,,0,synthetic macOS Endpoint Security-style fixture
evt-0032-1,2026-01-15 11:48:20+00:00,mac-008,user-25119,session-0032,1,Mail,Preview,file_read,/System/Library,reads,1,1,0,0,0,0,0,0,4,927,0.05696309878500071,benign,,0,synthetic macOS Endpoint Security-style fixture
evt-0032-2,2026-01-15 11:48:39+00:00,mac-008,user-25119,session-0032,2,Preview,Preview,exec,/System/Library/CoreServices,executes,1,1,0,0,0,0,0,0,7,298,0.058121366788905005,benign,,0,synthetic macOS Endpoint Security-style fixture
evt-0032-3,2026-01-15 11:49:00+00:00,mac-008,user-25119,session-0032,3,Preview,Safari,network_connect,updates.example,connects,1,1,0,0,0,0,0,0,1,1357,0.013411006764132063,benign,,0,synthetic macOS Endpoint Security-style fixture
evt-0032-4,2026-01-15 11:49:19+00:00,mac-008,user-25119,session-0032,4,Safari,softwareupdated,network_connect,icloud.example,connects,1,1,0,0,0,0,0,0,3,886,0.025460151642959873,benign,,0,synthetic macOS Endpoint Security-style fixture
evt-0032-5,2026-01-15 11:49:37+00:00,mac-008,user-25119,session-0032,5,softwareupdated,Preview,file_read,~/Library/Preferences,reads,1,1,0,0,0,0,0,0,5,1799,0.010977201090331526,benign,,0,synthetic macOS Endpoint Security-style fixture
evt-0033-0,2026-01-15 11:54:02+00:00,mac-001,user-54905,session-0033,0,launchd,Terminal,exec,/bin/zsh,executes,1,1,0,0,0,0,0,0,7,669,0.06563370085644388,credential_access,T1059,1,synthetic macOS Endpoint Security-style fixture
evt-0033-1,2026-01-15 11:54:19+00:00,mac-001,user-54905,session-0033,1,Terminal,zsh,exec,/usr/bin/python3,executes,1,1,0,0,0,0,0,0,4,1049,0.010190116738939162,credential_access,T1059,1,synthetic macOS Endpoint Security-style fixture
evt-0033-2,2026-01-15 11:54:40+00:00,mac-001,user-54905,session-0033,2,zsh,python3,file_read,~/Library/Keychains/login.keychain-db,reads,0,0,0,0,0,0,1,0,4,794,0.45842035844139306,credential_access,T1555.001,1,synthetic macOS Endpoint Security-style fixture
evt-0033-3,2026-01-15 11:55:00+00:00,mac-001,user-54905,session-0033,3,python3,python3,file_read,~/.ssh/id_ed25519,reads,0,0,0,0,0,0,1,0,4,577,0.44813453994961233,credential_access,T1552.004,1,synthetic macOS Endpoint Security-style fixture
evt-0033-4,2026-01-15 11:55:17+00:00,mac-001,user-54905,session-0033,4,python3,security,exec,/usr/bin/security,executes,0,0,0,0,0,0,0,0,4,600,0.2372724277849161,credential_access,T1555,1,synthetic macOS Endpoint Security-style fixture
evt-0033-5,2026-01-15 11:55:35+00:00,mac-001,user-54905,session-0033,5,security,python3,network_connect,collector.example,connects,0,0,0,0,0,0,0,1,5,483,0.48270157108794964,credential_access,T1041,1,synthetic macOS Endpoint Security-style fixture
evt-0034-0,2026-01-15 11:59:03+00:00,mac-025,user-12515,session-0034,0,launchd,Mail,file_write,~/Downloads/invoice.pdf,writes,1,1,0,0,0,0,0,0,3,907,0.021640306065217475,ransomware_burst,T1566,1,synthetic macOS Endpoint Security-style fixture
evt-0034-1,2026-01-15 11:59:22+00:00,mac-025,user-12515,session-0034,1,Mail,Preview,exec,invoice.pdf,executes,1,1,0,0,0,0,0,0,1,1021,0.029238541663451047,ransomware_burst,T1204,1,synthetic macOS Endpoint Security-style fixture
evt-0034-2,2026-01-15 11:59:40+00:00,mac-025,user-12515,session-0034,2,Preview,sh,exec,/bin/sh,executes,0,0,0,0,0,0,0,0,2,4261,0.2264910947994699,ransomware_burst,T1059,1,synthetic macOS Endpoint Security-style fixture
evt-0034-3,2026-01-15 11:59:58+00:00,mac-025,user-12515,session-0034,3,sh,encryptor,file_write,~/Documents,writes,0,0,0,0,0,0,0,0,132,1621,0.2642656269634948,ransomware_burst,T1486,1,synthetic macOS Endpoint Security-style fixture
evt-0034-4,2026-01-15 12:00:18+00:00,mac-025,user-12515,session-0034,4,encryptor,encryptor,file_write,~/Pictures,writes,0,0,0,0,0,0,0,0,150,593,0.2398429544828829,ransomware_burst,T1486,1,synthetic macOS Endpoint Security-style fixture
evt-0034-5,2026-01-15 12:00:38+00:00,mac-025,user-12515,session-0034,5,encryptor,encryptor,file_write,~/Desktop,writes,0,0,0,0,0,0,0,0,181,1176,0.2698002734341439,ransomware_burst,T1486,1,synthetic macOS Endpoint Security-style fixture
evt-0035-0,2026-01-15 12:07:00+00:00,mac-024,user-97295,session-0035,0,launchd,mdworker,auth,loginwindow,authenticates,1,1,0,0,0,0,0,0,3,1341,0.004880211309741811,benign,,0,synthetic macOS Endpoint Security-style fixture
evt-0035-1,2026-01-15 12:07:21+00:00,mac-024,user-97295,session-0035,1,mdworker,WindowServer,exec,/System/Applications,executes,1,1,0,0,0,0,0,0,5,1245,0.0392979231223992,benign,,0,synthetic macOS Endpoint Security-style fixture
evt-0035-2,2026-01-15 12:07:39+00:00,mac-024,user-97295,session-0035,2,WindowServer,Finder,file_read,~/Documents,reads,1,1,0,0,0,0,0,0,7,136,0.0451352631740315,benign,,0,synthetic macOS Endpoint Security-style fixture
evt-0035-3,2026-01-15 12:08:00+00:00,mac-024,user-97295,session-0035,3,Finder,Preview,auth,loginwindow,authenticates,1,1,0,0,0,0,0,0,2,1201,0.05842091327300128,benign,,0,synthetic macOS Endpoint Security-style fixture
evt-0035-4,2026-01-15 12:08:19+00:00,mac-024,user-97295,session-0035,4,Preview,mdworker,exec,/usr/bin/open,executes,1,1,0,0,0,0,0,0,4,363,0.015141622287622013,benign,,0,synthetic macOS Endpoint Security-style fixture
evt-0035-5,2026-01-15 12:08:39+00:00,mac-024,user-97295,session-0035,5,mdworker,Finder,exec,/usr/bin/open,executes,1,1,0,0,0,0,0,0,2,411,0.0689737395594225,benign,,0,synthetic macOS Endpoint Security-style fixture
evt-0036-0,2026-01-15 12:15:03+00:00,mac-008,user-32402,session-0036,0,launchd,Notes,network_connect,icloud.example,connects,1,1,0,0,0,0,0,0,6,1485,0.03227444087009376,benign,,0,synthetic macOS Endpoint Security-style fixture
evt-0036-1,2026-01-15 12:15:19+00:00,mac-008,user-32402,session-0036,1,Notes,Safari,file_write,~/Library/Preferences,writes,1,1,0,0,0,0,0,0,2,355,0.0,benign,,0,synthetic macOS Endpoint Security-style fixture
evt-0036-2,2026-01-15 12:15:39+00:00,mac-008,user-32402,session-0036,2,Safari,Notes,exec,/System/Applications,executes,1,1,0,0,0,0,0,0,3,195,0.01712188351301247,benign,,0,synthetic macOS Endpoint Security-style fixture
evt-0036-3,2026-01-15 12:15:58+00:00,mac-008,user-32402,session-0036,3,Notes,Finder,exec,/System/Applications,executes,1,1,0,0,0,0,0,0,10,1182,0.05961721790329216,benign,,0,synthetic macOS Endpoint Security-style fixture
evt-0036-4,2026-01-15 12:16:17+00:00,mac-008,user-32402,session-0036,4,Finder,softwareupdated,auth,loginwindow,authenticates,1,1,0,0,0,0,0,0,3,619,0.059296857309245714,benign,,0,synthetic macOS Endpoint Security-style fixture
evt-0036-5,2026-01-15 12:16:38+00:00,mac-008,user-32402,session-0036,5,softwareupdated,mdworker,network_connect,mail.example,connects,1,1,0,0,0,0,0,0,3,1498,0.05240857585851829,benign,,0,synthetic macOS Endpoint Security-style fixture
evt-0037-0,2026-01-15 12:20:01+00:00,mac-014,user-02616,session-0037,0,launchd,WindowServer,file_read,~/Library/Preferences,reads,1,1,0,0,0,0,0,0,5,574,0.04169178145156774,benign,,0,synthetic macOS Endpoint Security-style fixture
evt-0037-1,2026-01-15 12:20:20+00:00,mac-014,user-02616,session-0037,1,WindowServer,Preview,exec,/System/Library/CoreServices,executes,1,1,0,0,0,0,0,0,8,1338,0.061157601557693245,benign,,0,synthetic macOS Endpoint Security-style fixture
evt-0037-2,2026-01-15 12:20:39+00:00,mac-014,user-02616,session-0037,2,Preview,Mail,file_write,~/Pictures,writes,1,1,0,0,0,0,0,0,3,616,0.022643405943798278,benign,,0,synthetic macOS Endpoint Security-style fixture
evt-0037-3,2026-01-15 12:20:57+00:00,mac-014,user-02616,session-0037,3,Mail,Preview,network_connect,icloud.example,connects,1,1,0,0,0,0,0,0,3,463,0.04560743267953986,benign,,0,synthetic macOS Endpoint Security-style fixture
evt-0037-4,2026-01-15 12:21:19+00:00,mac-014,user-02616,session-0037,4,Preview,Mail,file_read,~/Documents,reads,1,1,0,0,0,0,0,0,4,3105,0.05583553852568373,benign,,0,synthetic macOS Endpoint Security-style fixture
evt-0037-5,2026-01-15 12:21:35+00:00,mac-014,user-02616,session-0037,5,Mail,WindowServer,exec,/System/Library/CoreServices,executes,1,1,0,0,0,0,0,0,6,1433,0.041292458035715365,benign,,0,synthetic macOS Endpoint Security-style fixture
evt-0038-0,2026-01-15 12:29:00+00:00,mac-015,user-39685,session-0038,0,launchd,Terminal,exec,/bin/zsh,executes,1,1,0,0,0,0,0,0,2,1322,0.0,benign,,0,synthetic macOS Endpoint Security-style fixture
evt-0038-1,2026-01-15 12:29:23+00:00,mac-015,user-39685,session-0038,1,Terminal,zsh,exec,/usr/local/bin/brew,executes,0,0,0,0,0,0,0,0,5,1701,0.2781524590361584,benign,,0,synthetic macOS Endpoint Security-style fixture
evt-0038-2,2026-01-15 12:29:38+00:00,mac-015,user-39685,session-0038,2,zsh,brew,network_connect,packages.example,connects,0,0,0,0,0,0,0,0,3,949,0.2603518020718376,benign,,0,synthetic macOS Endpoint Security-style fixture
evt-0038-3,2026-01-15 12:30:01+00:00,mac-015,user-39685,session-0038,3,brew,softwareupdated,file_write,/Library/Updates,writes,1,1,0,0,0,1,0,0,51,866,0.328596095097116,benign,,0,synthetic macOS Endpoint Security-style fixture
evt-0038-4,2026-01-15 12:30:16+00:00,mac-015,user-39685,session-0038,4,softwareupdated,security,file_read,login.keychain-db,reads,1,1,0,0,0,0,1,0,3,2401,0.2922921616414668,benign,,0,synthetic macOS Endpoint Security-style fixture
evt-0038-5,2026-01-15 12:30:35+00:00,mac-015,user-39685,session-0038,5,security,backupd,network_connect,backup.example,connects,1,1,0,0,0,0,0,1,5,21258,0.2207911085113022,benign,,0,synthetic macOS Endpoint Security-style fixture
evt-0039-0,2026-01-15 12:35:00+00:00,mac-014,user-54251,session-0039,0,launchd,backupd,network_connect,icloud.example,connects,1,1,0,0,0,0,0,0,5,391,0.07957073616933336,benign,,0,synthetic macOS Endpoint Security-style fixture
evt-0039-1,2026-01-15 12:35:22+00:00,mac-014,user-54251,session-0039,1,backupd,Notes,exec,/System/Applications,executes,1,1,0,0,0,0,0,0,6,2331,0.05230742279845092,benign,,0,synthetic macOS Endpoint Security-style fixture
evt-0039-2,2026-01-15 12:35:38+00:00,mac-014,user-54251,session-0039,2,Notes,Finder,network_connect,calendar.example,connects,1,1,0,0,0,0,0,0,0,2786,0.014085450628258576,benign,,0,synthetic macOS Endpoint Security-style fixture
evt-0039-3,2026-01-15 12:36:00+00:00,mac-014,user-54251,session-0039,3,Finder,Notes,file_read,~/Pictures,reads,1,1,0,0,0,0,0,0,4,2611,0.05377310952233851,benign,,0,synthetic macOS Endpoint Security-style fixture
evt-0039-4,2026-01-15 12:36:17+00:00,mac-014,user-54251,session-0039,4,Notes,WindowServer,exec,/usr/bin/open,executes,1,1,0,0,0,0,0,0,2,1784,0.03464312643613837,benign,,0,synthetic macOS Endpoint Security-style fixture
evt-0039-5,2026-01-15 12:36:37+00:00,mac-014,user-54251,session-0039,5,WindowServer,backupd,auth,loginwindow,authenticates,1,1,0,0,0,0,0,0,1,1817,0.06270983243168261,benign,,0,synthetic macOS Endpoint Security-style fixture
evt-0040-0,2026-01-15 12:41:00+00:00,mac-009,user-44352,session-0040,0,launchd,WindowServer,exec,/System/Applications,executes,1,1,0,0,0,0,0,0,5,1582,0.04907523119286292,benign,,0,synthetic macOS Endpoint Security-style fixture
evt-0040-1,2026-01-15 12:41:23+00:00,mac-009,user-44352,session-0040,1,WindowServer,Mail,file_read,~/Pictures,reads,1,1,0,0,0,0,0,0,2,2733,0.07006752016340365,benign,,0,synthetic macOS Endpoint Security-style fixture
evt-0040-2,2026-01-15 12:41:38+00:00,mac-009,user-44352,session-0040,2,Mail,Mail,network_connect,icloud.example,connects,1,1,0,0,0,0,0,0,3,740,0.017749481255909923,benign,,0,synthetic macOS Endpoint Security-style fixture
evt-0040-3,2026-01-15 12:41:58+00:00,mac-009,user-44352,session-0040,3,Mail,softwareupdated,file_write,~/Documents,writes,1,1,0,0,0,0,0,0,5,2124,0.046981038848339055,benign,,0,synthetic macOS Endpoint Security-style fixture
evt-0040-4,2026-01-15 12:42:19+00:00,mac-009,user-44352,session-0040,4,softwareupdated,Calendar,network_connect,icloud.example,connects,1,1,0,0,0,0,0,0,4,1533,0.07144447377173607,benign,,0,synthetic macOS Endpoint Security-style fixture
evt-0040-5,2026-01-15 12:42:35+00:00,mac-009,user-44352,session-0040,5,Calendar,mdworker,file_read,~/Library/Preferences,reads,1,1,0,0,0,0,0,0,4,2439,0.01744722154547372,benign,,0,synthetic macOS Endpoint Security-style fixture
evt-0041-0,2026-01-15 12:47:04+00:00,mac-008,user-95333,session-0041,0,launchd,Preview,exec,/System/Applications,executes,1,1,0,0,0,0,0,0,4,3581,0.03524820817748138,benign,,0,synthetic macOS Endpoint Security-style fixture
evt-0041-1,2026-01-15 12:47:21+00:00,mac-008,user-95333,session-0041,1,Preview,Notes,exec,/System/Applications,executes,1,1,0,0,0,0,0,0,3,1997,0.05628851551609898,benign,,0,synthetic macOS Endpoint Security-style fixture
evt-0041-2,2026-01-15 12:47:42+00:00,mac-008,user-95333,session-0041,2,Notes,Mail,network_connect,mail.example,connects,1,1,0,0,0,0,0,0,5,3854,0.07924996212497368,benign,,0,synthetic macOS Endpoint Security-style fixture
evt-0041-3,2026-01-15 12:47:59+00:00,mac-008,user-95333,session-0041,3,Mail,WindowServer,file_read,~/Documents,reads,1,1,0,0,0,0,0,0,2,804,0.017920009221121885,benign,,0,synthetic macOS Endpoint Security-style fixture
evt-0041-4,2026-01-15 12:48:16+00:00,mac-008,user-95333,session-0041,4,WindowServer,backupd,exec,/System/Library/CoreServices,executes,1,1,0,0,0,0,0,0,2,825,0.0,benign,,0,synthetic macOS Endpoint Security-style fixture
evt-0041-5,2026-01-15 12:48:38+00:00,mac-008,user-95333,session-0041,5,backupd,Finder,network_connect,mail.example,connects,1,1,0,0,0,0,0,0,9,1057,0.0,benign,,0,synthetic macOS Endpoint Security-style fixture
evt-0042-0,2026-01-15 12:54:02+00:00,mac-015,user-15220,session-0042,0,launchd,Mail,file_write,~/Library/Preferences,writes,1,1,0,0,0,0,0,0,2,654,0.05471758195537877,benign,,0,synthetic macOS Endpoint Security-style fixture
evt-0042-1,2026-01-15 12:54:23+00:00,mac-015,user-15220,session-0042,1,Mail,Notes,network_connect,calendar.example,connects,1,1,0,0,0,0,0,0,5,1383,0.031135311318716045,benign,,0,synthetic macOS Endpoint Security-style fixture
evt-0042-2,2026-01-15 12:54:38+00:00,mac-015,user-15220,session-0042,2,Notes,backupd,file_write,~/Library/Preferences,writes,1,1,0,0,0,0,0,0,6,1795,0.0,benign,,0,synthetic macOS Endpoint Security-style fixture
evt-0042-3,2026-01-15 12:55:01+00:00,mac-015,user-15220,session-0042,3,backupd,Finder,file_write,/System/Library,writes,1,1,0,0,0,0,0,0,2,2716,0.09267211833195366,benign,,0,synthetic macOS Endpoint Security-style fixture
evt-0042-4,2026-01-15 12:55:17+00:00,mac-015,user-15220,session-0042,4,Finder,WindowServer,file_write,~/Pictures,writes,1,1,0,0,0,0,0,0,3,903,0.016049709982469268,benign,,0,synthetic macOS Endpoint Security-style fixture
evt-0042-5,2026-01-15 12:55:39+00:00,mac-015,user-15220,session-0042,5,WindowServer,Preview,file_write,~/Documents,writes,1,1,0,0,0,0,0,0,3,1159,0.05427935165727618,benign,,0,synthetic macOS Endpoint Security-style fixture
evt-0043-0,2026-01-15 13:02:02+00:00,mac-017,user-89358,session-0043,0,launchd,softwareupdated,file_read,~/Pictures,reads,1,1,0,0,0,0,0,0,3,714,0.029920933076748778,benign,,0,synthetic macOS Endpoint Security-style fixture
evt-0043-1,2026-01-15 13:02:20+00:00,mac-017,user-89358,session-0043,1,softwareupdated,WindowServer,auth,loginwindow,authenticates,1,1,0,0,0,0,0,0,4,236,0.008514673332346664,benign,,0,synthetic macOS Endpoint Security-style fixture
evt-0043-2,2026-01-15 13:02:39+00:00,mac-017,user-89358,session-0043,2,WindowServer,backupd,exec,/System/Applications,executes,1,1,0,0,0,0,0,0,3,1862,0.0404032353819001,benign,,0,synthetic macOS Endpoint Security-style fixture
evt-0043-3,2026-01-15 13:02:57+00:00,mac-017,user-89358,session-0043,3,backupd,Mail,exec,/System/Library/CoreServices,executes,1,1,0,0,0,0,0,0,7,4690,0.01796903881409874,benign,,0,synthetic macOS Endpoint Security-style fixture
evt-0043-4,2026-01-15 13:03:16+00:00,mac-017,user-89358,session-0043,4,Mail,softwareupdated,file_read,~/Library/Preferences,reads,1,1,0,0,0,0,0,0,4,1317,0.03994374388739606,benign,,0,synthetic macOS Endpoint Security-style fixture
evt-0043-5,2026-01-15 13:03:37+00:00,mac-017,user-89358,session-0043,5,softwareupdated,Finder,exec,/System/Library/CoreServices,executes,1,1,0,0,0,0,0,0,4,189,0.026298176668879424,benign,,0,synthetic macOS Endpoint Security-style fixture
evt-0044-0,2026-01-15 13:08:03+00:00,mac-021,user-91320,session-0044,0,launchd,Mail,file_read,~/Library/Preferences,reads,1,1,0,0,0,0,0,0,2,3704,0.04896990209765636,benign,,0,synthetic macOS Endpoint Security-style fixture
evt-0044-1,2026-01-15 13:08:19+00:00,mac-021,user-91320,session-0044,1,Mail,mdworker,file_read,~/Library/Preferences,reads,1,1,0,0,0,0,0,0,3,685,0.04027457231456003,benign,,0,synthetic macOS Endpoint Security-style fixture
evt-0044-2,2026-01-15 13:08:41+00:00,mac-021,user-91320,session-0044,2,mdworker,Calendar,file_write,~/Pictures,writes,1,1,0,0,0,0,0,0,5,259,0.0873262221355636,benign,,0,synthetic macOS Endpoint Security-style fixture
evt-0044-3,2026-01-15 13:08:59+00:00,mac-021,user-91320,session-0044,3,Calendar,Safari,exec,/usr/bin/open,executes,1,1,0,0,0,0,0,0,3,1333,0.043637870133389885,benign,,0,synthetic macOS Endpoint Security-style fixture
evt-0044-4,2026-01-15 13:09:18+00:00,mac-021,user-91320,session-0044,4,Safari,softwareupdated,exec,/usr/bin/open,executes,1,1,0,0,0,0,0,0,3,1817,0.05200602881279417,benign,,0,synthetic macOS Endpoint Security-style fixture
evt-0044-5,2026-01-15 13:09:37+00:00,mac-021,user-91320,session-0044,5,softwareupdated,Calendar,file_write,/System/Library,writes,1,1,0,0,0,0,0,0,2,5522,0.0,benign,,0,synthetic macOS Endpoint Security-style fixture
evt-0045-0,2026-01-15 13:15:04+00:00,mac-024,user-60880,session-0045,0,launchd,Notes,network_connect,mail.example,connects,1,1,0,0,0,0,0,0,4,3456,0.0772531085574143,benign,,0,synthetic macOS Endpoint Security-style fixture
evt-0045-1,2026-01-15 13:15:23+00:00,mac-024,user-60880,session-0045,1,Notes,WindowServer,network_connect,mail.example,connects,1,1,0,0,0,0,0,0,6,1596,0.09682479564948474,benign,,0,synthetic macOS Endpoint Security-style fixture
evt-0045-2,2026-01-15 13:15:42+00:00,mac-024,user-60880,session-0045,2,WindowServer,Finder,file_read,~/Pictures,reads,1,1,0,0,0,0,0,0,4,3287,0.015222342110316239,benign,,0,synthetic macOS Endpoint Security-style fixture
evt-0045-3,2026-01-15 13:15:57+00:00,mac-024,user-60880,session-0045,3,Finder,softwareupdated,network_connect,calendar.example,connects,1,1,0,0,0,0,0,0,9,1939,0.0,benign,,0,synthetic macOS Endpoint Security-style fixture
evt-0045-4,2026-01-15 13:16:20+00:00,mac-024,user-60880,session-0045,4,softwareupdated,Calendar,auth,loginwindow,authenticates,1,1,0,0,0,0,0,0,3,3391,0.03780410803490751,benign,,0,synthetic macOS Endpoint Security-style fixture
evt-0045-5,2026-01-15 13:16:37+00:00,mac-024,user-60880,session-0045,5,Calendar,Notes,exec,/System/Applications,executes,1,1,0,0,0,0,0,0,4,2119,0.024925542185824906,benign,,0,synthetic macOS Endpoint Security-style fixture
evt-0046-0,2026-01-15 13:24:02+00:00,mac-009,user-16528,session-0046,0,launchd,Mail,file_write,~/Downloads/invoice.pdf,writes,1,1,0,0,0,0,0,0,8,705,0.036121671720485166,ransomware_burst,T1566,1,synthetic macOS Endpoint Security-style fixture
evt-0046-1,2026-01-15 13:24:19+00:00,mac-009,user-16528,session-0046,1,Mail,Preview,exec,invoice.pdf,executes,1,1,0,0,0,0,0,0,4,498,0.03860787368375014,ransomware_burst,T1204,1,synthetic macOS Endpoint Security-style fixture
evt-0046-2,2026-01-15 13:24:42+00:00,mac-009,user-16528,session-0046,2,Preview,sh,exec,/bin/sh,executes,0,0,0,0,0,0,0,0,4,924,0.2766073075513909,ransomware_burst,T1059,1,synthetic macOS Endpoint Security-style fixture
evt-0046-3,2026-01-15 13:24:57+00:00,mac-009,user-16528,session-0046,3,sh,encryptor,file_write,~/Documents,writes,0,0,0,0,0,0,0,0,128,1384,0.31981691807545604,ransomware_burst,T1486,1,synthetic macOS Endpoint Security-style fixture
evt-0046-4,2026-01-15 13:25:20+00:00,mac-009,user-16528,session-0046,4,encryptor,encryptor,file_write,~/Pictures,writes,0,0,0,0,0,0,0,0,94,565,0.2594823408973442,ransomware_burst,T1486,1,synthetic macOS Endpoint Security-style fixture
evt-0046-5,2026-01-15 13:25:37+00:00,mac-009,user-16528,session-0046,5,encryptor,encryptor,file_write,~/Desktop,writes,0,0,0,0,0,0,0,0,129,949,0.2712453831639134,ransomware_burst,T1486,1,synthetic macOS Endpoint Security-style fixture
evt-0047-0,2026-01-15 13:32:03+00:00,mac-008,user-37723,session-0047,0,launchd,Calendar,exec,/System/Applications,executes,1,1,0,0,0,0,0,0,4,648,0.05727656414667193,benign,,0,synthetic macOS Endpoint Security-style fixture
evt-0047-1,2026-01-15 13:32:21+00:00,mac-008,user-37723,session-0047,1,Calendar,Finder,file_read,~/Library/Preferences,reads,1,1,0,0,0,0,0,0,4,265,0.051349890786173975,benign,,0,synthetic macOS Endpoint Security-style fixture
evt-0047-2,2026-01-15 13:32:39+00:00,mac-008,user-37723,session-0047,2,Finder,Safari,network_connect,mail.example,connects,1,1,0,0,0,0,0,0,3,905,0.07217105656613758,benign,,0,synthetic macOS Endpoint Security-style fixture
evt-0047-3,2026-01-15 13:33:00+00:00,mac-008,user-37723,session-0047,3,Safari,Finder,network_connect,calendar.example,connects,1,1,0,0,0,0,0,0,6,1502,0.018450441117165626,benign,,0,synthetic macOS Endpoint Security-style fixture
evt-0047-4,2026-01-15 13:33:16+00:00,mac-008,user-37723,session-0047,4,Finder,Safari,file_read,~/Documents,reads,1,1,0,0,0,0,0,0,8,1032,0.01149482858372105,benign,,0,synthetic macOS Endpoint Security-style fixture
evt-0047-5,2026-01-15 13:33:36+00:00,mac-008,user-37723,session-0047,5,Safari,mdworker,file_write,/System/Library,writes,1,1,0,0,0,0,0,0,2,459,0.044392511404121246,benign,,0,synthetic macOS Endpoint Security-style fixture
evt-0048-0,2026-01-15 13:37:04+00:00,mac-011,user-58918,session-0048,0,launchd,softwareupdated,network_connect,calendar.example,connects,1,1,0,0,0,0,0,0,4,430,0.0074516357459123855,benign,,0,synthetic macOS Endpoint Security-style fixture
evt-0048-1,2026-01-15 13:37:22+00:00,mac-011,user-58918,session-0048,1,softwareupdated,backupd,file_write,/System/Library,writes,1,1,0,0,0,0,0,0,5,1840,0.019211930683340588,benign,,0,synthetic macOS Endpoint Security-style fixture
evt-0048-2,2026-01-15 13:37:40+00:00,mac-011,user-58918,session-0048,2,backupd,Mail,file_read,~/Documents,reads,1,1,0,0,0,0,0,0,3,1997,0.04978740093370268,benign,,0,synthetic macOS Endpoint Security-style fixture
evt-0048-3,2026-01-15 13:37:58+00:00,mac-011,user-58918,session-0048,3,Mail,Finder,file_write,/System/Library,writes,1,1,0,0,0,0,0,0,5,629,0.0,benign,,0,synthetic macOS Endpoint Security-style fixture
evt-0048-4,2026-01-15 13:38:19+00:00,mac-011,user-58918,session-0048,4,Finder,WindowServer,file_read,/System/Library,reads,1,1,0,0,0,0,0,0,4,2030,0.06419313466948684,benign,,0,synthetic macOS Endpoint Security-style fixture
evt-0048-5,2026-01-15 13:38:38+00:00,mac-011,user-58918,session-0048,5,WindowServer,mdworker,file_write,~/Pictures,writes,1,1,0,0,0,0,0,0,2,756,0.051637419354157,benign,,0,synthetic macOS Endpoint Security-style fixture
evt-0049-0,2026-01-15 13:46:02+00:00,mac-017,user-95333,session-0049,0,launchd,Mail,exec,/usr/bin/open,executes,1,1,0,0,0,0,0,0,1,1182,0.040270052121400376,benign,,0,synthetic macOS Endpoint Security-style fixture
evt-0049-1,2026-01-15 13:46:20+00:00,mac-017,user-95333,session-0049,1,Mail,mdworker,file_read,~/Library/Preferences,reads,1,1,0,0,0,0,0,0,7,1716,0.033561970027255215,benign,,0,synthetic macOS Endpoint Security-style fixture
evt-0049-2,2026-01-15 13:46:40+00:00,mac-017,user-95333,session-0049,2,mdworker,Notes,exec,/usr/bin/open,executes,1,1,0,0,0,0,0,0,4,4362,0.0,benign,,0,synthetic macOS Endpoint Security-style fixture
evt-0049-3,2026-01-15 13:46:59+00:00,mac-017,user-95333,session-0049,3,Notes,Finder,exec,/System/Applications,executes,1,1,0,0,0,0,0,0,2,783,0.02665510150851979,benign,,0,synthetic macOS Endpoint Security-style fixture
evt-0049-4,2026-01-15 13:47:16+00:00,mac-017,user-95333,session-0049,4,Finder,Finder,exec,/System/Applications,executes,1,1,0,0,0,0,0,0,4,1883,0.014219948289010374,benign,,0,synthetic macOS Endpoint Security-style fixture
evt-0049-5,2026-01-15 13:47:35+00:00,mac-017,user-95333,session-0049,5,Finder,softwareupdated,exec,/System/Applications,executes,1,1,0,0,0,0,0,0,6,494,0.05233169484597748,benign,,0,synthetic macOS Endpoint Security-style fixture
evt-0050-0,2026-01-15 13:54:00+00:00,mac-012,user-95333,session-0050,0,launchd,Notes,auth,loginwindow,authenticates,1,1,0,0,0,0,0,0,3,1969,0.02338533319353508,benign,,0,synthetic macOS Endpoint Security-style fixture
evt-0050-1,2026-01-15 13:54:20+00:00,mac-012,user-95333,session-0050,1,Notes,mdworker,exec,/System/Library/CoreServices,executes,1,1,0,0,0,0,0,0,4,3277,0.04608497291001348,benign,,0,synthetic macOS Endpoint Security-style fixture
evt-0050-2,2026-01-15 13:54:41+00:00,mac-012,user-95333,session-0050,2,mdworker,softwareupdated,auth,loginwindow,authenticates,1,1,0,0,0,0,0,0,0,1213,0.031509874359835786,benign,,0,synthetic macOS Endpoint Security-style fixture
evt-0050-3,2026-01-15 13:55:00+00:00,mac-012,user-95333,session-0050,3,softwareupdated,Finder,file_write,~/Library/Preferences,writes,1,1,0,0,0,0,0,0,5,1154,0.05430606050468186,benign,,0,synthetic macOS Endpoint Security-style fixture
evt-0050-4,2026-01-15 13:55:16+00:00,mac-012,user-95333,session-0050,4,Finder,softwareupdated,file_read,~/Library/Preferences,reads,1,1,0,0,0,0,0,0,2,182,0.00694510084781378,benign,,0,synthetic macOS Endpoint Security-style fixture
evt-0050-5,2026-01-15 13:55:36+00:00,mac-012,user-95333,session-0050,5,softwareupdated,backupd,exec,/usr/bin/open,executes,1,1,0,0,0,0,0,0,5,1651,0.043541417434775645,benign,,0,synthetic macOS Endpoint Security-style fixture
evt-0051-0,2026-01-15 14:00:00+00:00,mac-015,user-33710,session-0051,0,launchd,Preview,file_read,/System/Library,reads,1,1,0,0,0,0,0,0,0,645,0.023443879516885185,benign,,0,synthetic macOS Endpoint Security-style fixture
evt-0051-1,2026-01-15 14:00:20+00:00,mac-015,user-33710,session-0051,1,Preview,WindowServer,file_write,~/Documents,writes,1,1,0,0,0,0,0,0,3,355,0.06553055723047832,benign,,0,synthetic macOS Endpoint Security-style fixture
evt-0051-2,2026-01-15 14:00:38+00:00,mac-015,user-33710,session-0051,2,WindowServer,Calendar,file_write,~/Library/Preferences,writes,1,1,0,0,0,0,0,0,9,3868,0.08577385721891415,benign,,0,synthetic macOS Endpoint Security-style fixture
evt-0051-3,2026-01-15 14:00:57+00:00,mac-015,user-33710,session-0051,3,Calendar,softwareupdated,exec,/System/Applications,executes,1,1,0,0,0,0,0,0,5,2080,0.04692049323327052,benign,,0,synthetic macOS Endpoint Security-style fixture
evt-0051-4,2026-01-15 14:01:17+00:00,mac-015,user-33710,session-0051,4,softwareupdated,Calendar,file_write,~/Documents,writes,1,1,0,0,0,0,0,0,4,266,0.07554067445205521,benign,,0,synthetic macOS Endpoint Security-style fixture
evt-0051-5,2026-01-15 14:01:36+00:00,mac-015,user-33710,session-0051,5,Calendar,Notes,file_write,~/Pictures,writes,1,1,0,0,0,0,0,0,1,1118,0.03266492272340065,benign,,0,synthetic macOS Endpoint Security-style fixture
evt-0052-0,2026-01-15 14:07:02+00:00,mac-027,user-09899,session-0052,0,launchd,Calendar,file_read,/System/Library,reads,1,1,0,0,0,0,0,0,4,843,0.0,benign,,0,synthetic macOS Endpoint Security-style fixture
evt-0052-1,2026-01-15 14:07:20+00:00,mac-027,user-09899,session-0052,1,Calendar,Calendar,file_write,~/Documents,writes,1,1,0,0,0,0,0,0,4,1399,0.02159317208654161,benign,,0,synthetic macOS Endpoint Security-style fixture
evt-0052-2,2026-01-15 14:07:42+00:00,mac-027,user-09899,session-0052,2,Calendar,Notes,exec,/System/Applications,executes,1,1,0,0,0,0,0,0,3,2495,0.03866742827522114,benign,,0,synthetic macOS Endpoint Security-style fixture
evt-0052-3,2026-01-15 14:08:01+00:00,mac-027,user-09899,session-0052,3,Notes,Notes,auth,loginwindow,authenticates,1,1,0,0,0,0,0,0,7,1020,0.078630803792414,benign,,0,synthetic macOS Endpoint Security-style fixture
evt-0052-4,2026-01-15 14:08:19+00:00,mac-027,user-09899,session-0052,4,Notes,mdworker,network_connect,calendar.example,connects,1,1,0,0,0,0,0,0,3,1309,0.07459300902982498,benign,,0,synthetic macOS Endpoint Security-style fixture
evt-0052-5,2026-01-15 14:08:36+00:00,mac-027,user-09899,session-0052,5,mdworker,backupd,exec,/usr/bin/open,executes,1,1,0,0,0,0,0,0,4,7078,0.06048618931544744,benign,,0,synthetic macOS Endpoint Security-style fixture
evt-0053-0,2026-01-15 14:15:01+00:00,mac-001,user-88704,session-0053,0,launchd,Finder,network_connect,mail.example,connects,1,1,0,0,0,0,0,0,6,7243,0.031168907704309794,benign,,0,synthetic macOS Endpoint Security-style fixture
evt-0053-1,2026-01-15 14:15:20+00:00,mac-001,user-88704,session-0053,1,Finder,softwareupdated,network_connect,calendar.example,connects,1,1,0,0,0,0,0,0,8,1512,0.020945101724068774,benign,,0,synthetic macOS Endpoint Security-style fixture
evt-0053-2,2026-01-15 14:15:41+00:00,mac-001,user-88704,session-0053,2,softwareupdated,Notes,file_read,~/Library/Preferences,reads,1,1,0,0,0,0,0,0,5,1732,0.009262315066010055,benign,,0,synthetic macOS Endpoint Security-style fixture
evt-0053-3,2026-01-15 14:16:01+00:00,mac-001,user-88704,session-0053,3,Notes,mdworker,exec,/System/Applications,executes,1,1,0,0,0,0,0,0,4,997,0.017754900266289748,benign,,0,synthetic macOS Endpoint Security-style fixture
evt-0053-4,2026-01-15 14:16:16+00:00,mac-001,user-88704,session-0053,4,mdworker,softwareupdated,file_read,/System/Library,reads,1,1,0,0,0,0,0,0,2,2233,0.07558898680662582,benign,,0,synthetic macOS Endpoint Security-style fixture
evt-0053-5,2026-01-15 14:16:37+00:00,mac-001,user-88704,session-0053,5,softwareupdated,Safari,exec,/System/Applications,executes,1,1,0,0,0,0,0,0,5,851,0.06946127125795828,benign,,0,synthetic macOS Endpoint Security-style fixture
evt-0054-0,2026-01-15 14:20:04+00:00,mac-016,user-90012,session-0054,0,launchd,Safari,network_connect,downloads.example,connects,1,1,0,0,0,0,0,0,2,1346,0.05088134892927659,download_execute,T1105,1,synthetic macOS Endpoint Security-style fixture
evt-0054-1,2026-01-15 14:20:20+00:00,mac-016,user-90012,session-0054,1,Safari,curl,file_write,/tmp/sample.bin,writes,1,1,0,0,0,0,0,0,5,3023,0.018570589905564254,download_execute,T1105,1,synthetic macOS Endpoint Security-style fixture
evt-0054-2,2026-01-15 14:20:38+00:00,mac-016,user-90012,session-0054,2,curl,sh,exec,/bin/sh,executes,0,0,0,0,0,0,0,0,3,451,0.26573650911146074,download_execute,T1059,1,synthetic macOS Endpoint Security-style fixture
evt-0054-3,2026-01-15 14:21:01+00:00,mac-016,user-90012,session-0054,3,sh,chmod,file_write,/tmp/sample.bin,writes,0,0,0,0,0,0,0,0,2,432,0.2373658696829542,download_execute,T1222,1,synthetic macOS Endpoint Security-style fixture
evt-0054-4,2026-01-15 14:21:16+00:00,mac-016,user-90012,session-0054,4,chmod,sample.bin,exec,/tmp/sample.bin,executes,0,0,0,1,1,0,0,0,4,4726,0.2316557243645068,download_execute,T1204,1,synthetic macOS Endpoint Security-style fixture
evt-0054-5,2026-01-15 14:21:38+00:00,mac-016,user-90012,session-0054,5,sample.bin,sample.bin,network_connect,control.example,connects,0,0,0,0,0,0,0,1,5,2048,0.486316110440389,download_execute,T1071,1,synthetic macOS Endpoint Security-style fixture
evt-0055-0,2026-01-15 14:27:00+00:00,mac-001,user-78805,session-0055,0,launchd,mdworker,file_read,~/Pictures,reads,1,1,0,0,0,0,0,0,2,2899,0.0803995606040512,benign,,0,synthetic macOS Endpoint Security-style fixture
evt-0055-1,2026-01-15 14:27:20+00:00,mac-001,user-78805,session-0055,1,mdworker,backupd,exec,/usr/bin/open,executes,1,1,0,0,0,0,0,0,1,567,0.008781434732307213,benign,,0,synthetic macOS Endpoint Security-style fixture
evt-0055-2,2026-01-15 14:27:39+00:00,mac-001,user-78805,session-0055,2,backupd,Mail,file_read,/System/Library,reads,1,1,0,0,0,0,0,0,2,1711,0.03893292259431309,benign,,0,synthetic macOS Endpoint Security-style fixture
evt-0055-3,2026-01-15 14:28:01+00:00,mac-001,user-78805,session-0055,3,Mail,WindowServer,auth,loginwindow,authenticates,1,1,0,0,0,0,0,0,3,665,0.026837332587097126,benign,,0,synthetic macOS Endpoint Security-style fixture
evt-0055-4,2026-01-15 14:28:19+00:00,mac-001,user-78805,session-0055,4,WindowServer,Finder,file_read,~/Documents,reads,1,1,0,0,0,0,0,0,4,914,0.04637983379390041,benign,,0,synthetic macOS Endpoint Security-style fixture
evt-0055-5,2026-01-15 14:28:35+00:00,mac-001,user-78805,session-0055,5,Finder,Finder,file_read,~/Library/Preferences,reads,1,1,0,0,0,0,0,0,6,985,0.02479400676656783,benign,,0,synthetic macOS Endpoint Security-style fixture
evt-0056-0,2026-01-15 14:32:03+00:00,mac-014,user-37069,session-0056,0,launchd,Safari,exec,/usr/bin/open,executes,1,1,0,0,0,0,0,0,3,1884,0.023878492334066758,benign,,0,synthetic macOS Endpoint Security-style fixture
evt-0056-1,2026-01-15 14:32:23+00:00,mac-014,user-37069,session-0056,1,Safari,backupd,file_write,/System/Library,writes,1,1,0,0,0,0,0,0,3,2395,0.04098282665060741,benign,,0,synthetic macOS Endpoint Security-style fixture
evt-0056-2,2026-01-15 14:32:40+00:00,mac-014,user-37069,session-0056,2,backupd,Notes,auth,loginwindow,authenticates,1,1,0,0,0,0,0,0,3,497,0.002549005615223837,benign,,0,synthetic macOS Endpoint Security-style fixture
evt-0056-3,2026-01-15 14:32:57+00:00,mac-014,user-37069,session-0056,3,Notes,backupd,file_write,~/Library/Preferences,writes,1,1,0,0,0,0,0,0,1,500,0.021919107851479016,benign,,0,synthetic macOS Endpoint Security-style fixture
evt-0056-4,2026-01-15 14:33:17+00:00,mac-014,user-37069,session-0056,4,backupd,Calendar,file_read,~/Documents,reads,1,1,0,0,0,0,0,0,5,929,0.06561891834376932,benign,,0,synthetic macOS Endpoint Security-style fixture
evt-0056-5,2026-01-15 14:33:35+00:00,mac-014,user-37069,session-0056,5,Calendar,Preview,network_connect,calendar.example,connects,1,1,0,0,0,0,0,0,3,833,0.05199226326493826,benign,,0,synthetic macOS Endpoint Security-style fixture
evt-0057-0,2026-01-15 14:39:03+00:00,mac-009,user-64893,session-0057,0,launchd,Terminal,exec,/bin/zsh,executes,1,1,0,0,0,0,0,0,4,2473,0.051658219304260414,benign,,0,synthetic macOS Endpoint Security-style fixture
evt-0057-1,2026-01-15 14:39:22+00:00,mac-009,user-64893,session-0057,1,Terminal,zsh,exec,/usr/local/bin/brew,executes,0,0,0,0,0,0,0,0,7,682,0.23713559304181622,benign,,0,synthetic macOS Endpoint Security-style fixture
evt-0057-2,2026-01-15 14:39:40+00:00,mac-009,user-64893,session-0057,2,zsh,brew,network_connect,packages.example,connects,0,0,0,0,0,0,0,0,3,343,0.2487780594929904,benign,,0,synthetic macOS Endpoint Security-style fixture
evt-0057-3,2026-01-15 14:40:01+00:00,mac-009,user-64893,session-0057,3,brew,softwareupdated,file_write,/Library/Updates,writes,1,1,0,0,0,1,0,0,66,2269,0.3112101616648011,benign,,0,synthetic macOS Endpoint Security-style fixture
evt-0057-4,2026-01-15 14:40:16+00:00,mac-009,user-64893,session-0057,4,softwareupdated,security,file_read,login.keychain-db,reads,1,1,0,0,0,0,1,0,2,1616,0.2684239169015048,benign,,0,synthetic macOS Endpoint Security-style fixture
evt-0057-5,2026-01-15 14:40:38+00:00,mac-009,user-64893,session-0057,5,security,backupd,network_connect,backup.example,connects,1,1,0,0,0,0,0,1,6,42756,0.23074073475847234,benign,,0,synthetic macOS Endpoint Security-style fixture
evt-0058-0,2026-01-15 14:47:02+00:00,mac-001,user-57610,session-0058,0,launchd,Calendar,file_read,~/Library/Preferences,reads,1,1,0,0,0,0,0,0,6,121,0.03902676998787898,benign,,0,synthetic macOS Endpoint Security-style fixture
evt-0058-1,2026-01-15 14:47:21+00:00,mac-001,user-57610,session-0058,1,Calendar,mdworker,network_connect,icloud.example,connects,1,1,0,0,0,0,0,0,2,236,0.011700338998075974,benign,,0,synthetic macOS Endpoint Security-style fixture
evt-0058-2,2026-01-15 14:47:42+00:00,mac-001,user-57610,session-0058,2,mdworker,Finder,file_read,~/Library/Preferences,reads,1,1,0,0,0,0,0,0,5,606,0.06522749509335014,benign,,0,synthetic macOS Endpoint Security-style fixture
evt-0058-3,2026-01-15 14:47:58+00:00,mac-001,user-57610,session-0058,3,Finder,Preview,file_read,/System/Library,reads,1,1,0,0,0,0,0,0,5,1801,0.05105555155091499,benign,,0,synthetic macOS Endpoint Security-style fixture
evt-0058-4,2026-01-15 14:48:17+00:00,mac-001,user-57610,session-0058,4,Preview,Notes,file_read,/System/Library,reads,1,1,0,0,0,0,0,0,0,1703,0.09154497881829021,benign,,0,synthetic macOS Endpoint Security-style fixture
evt-0058-5,2026-01-15 14:48:39+00:00,mac-001,user-57610,session-0058,5,Notes,WindowServer,file_read,~/Documents,reads,1,1,0,0,0,0,0,0,6,953,0.04345558563685757,benign,,0,synthetic macOS Endpoint Security-style fixture
evt-0059-0,2026-01-15 14:54:03+00:00,mac-012,user-03924,session-0059,0,launchd,WindowServer,exec,/System/Applications,executes,1,1,0,0,0,0,0,0,2,853,0.04413788655041906,benign,,0,synthetic macOS Endpoint Security-style fixture
evt-0059-1,2026-01-15 14:54:21+00:00,mac-012,user-03924,session-0059,1,WindowServer,backupd,network_connect,icloud.example,connects,1,1,0,0,0,0,0,0,7,797,0.0414051413272288,benign,,0,synthetic macOS Endpoint Security-style fixture
evt-0059-2,2026-01-15 14:54:39+00:00,mac-012,user-03924,session-0059,2,backupd,Preview,exec,/usr/bin/open,executes,1,1,0,0,0,0,0,0,3,4230,0.059553205977368504,benign,,0,synthetic macOS Endpoint Security-style fixture
evt-0059-3,2026-01-15 14:54:59+00:00,mac-012,user-03924,session-0059,3,Preview,Calendar,file_write,~/Library/Preferences,writes,1,1,0,0,0,0,0,0,3,1155,0.05050807074440323,benign,,0,synthetic macOS Endpoint Security-style fixture
evt-0059-4,2026-01-15 14:55:18+00:00,mac-012,user-03924,session-0059,4,Calendar,backupd,file_write,~/Documents,writes,1,1,0,0,0,0,0,0,3,485,0.04414030375581629,benign,,0,synthetic macOS Endpoint Security-style fixture
evt-0059-5,2026-01-15 14:55:35+00:00,mac-012,user-03924,session-0059,5,backupd,Calendar,file_write,~/Documents,writes,1,1,0,0,0,0,0,0,2,393,0.0407501634632735,benign,,0,synthetic macOS Endpoint Security-style fixture
evt-0060-0,2026-01-15 15:03:03+00:00,mac-011,user-07283,session-0060,0,launchd,mdworker,file_read,~/Pictures,reads,1,1,0,0,0,0,0,0,3,674,0.055630298264486636,benign,,0,synthetic macOS Endpoint Security-style fixture
evt-0060-1,2026-01-15 15:03:20+00:00,mac-011,user-07283,session-0060,1,mdworker,softwareupdated,auth,loginwindow,authenticates,1,1,0,0,0,0,0,0,2,4928,0.023277266499914514,benign,,0,synthetic macOS Endpoint Security-style fixture
evt-0060-2,2026-01-15 15:03:41+00:00,mac-011,user-07283,session-0060,2,softwareupdated,Finder,file_read,/System/Library,reads,1,1,0,0,0,0,0,0,6,1749,0.055027295935357344,benign,,0,synthetic macOS Endpoint Security-style fixture
evt-0060-3,2026-01-15 15:04:01+00:00,mac-011,user-07283,session-0060,3,Finder,Notes,file_read,/System/Library,reads,1,1,0,0,0,0,0,0,11,1627,0.03899144033664969,benign,,0,synthetic macOS Endpoint Security-style fixture
evt-0060-4,2026-01-15 15:04:16+00:00,mac-011,user-07283,session-0060,4,Notes,backupd,file_write,~/Library/Preferences,writes,1,1,0,0,0,0,0,0,7,999,0.06660780465617956,benign,,0,synthetic macOS Endpoint Security-style fixture
evt-0060-5,2026-01-15 15:04:37+00:00,mac-011,user-07283,session-0060,5,backupd,Finder,file_read,/System/Library,reads,1,1,0,0,0,0,0,0,10,651,0.04250424094983685,benign,,0,synthetic macOS Endpoint Security-style fixture
evt-0061-0,2026-01-15 15:11:02+00:00,mac-016,user-46314,session-0061,0,launchd,backupd,file_read,~/Documents,reads,1,1,0,0,0,0,0,0,3,782,0.06446482159162412,benign,,0,synthetic macOS Endpoint Security-style fixture
evt-0061-1,2026-01-15 15:11:21+00:00,mac-016,user-46314,session-0061,1,backupd,Finder,exec,/System/Applications,executes,1,1,0,0,0,0,0,0,4,1324,0.01642100189076526,benign,,0,synthetic macOS Endpoint Security-style fixture
evt-0061-2,2026-01-15 15:11:39+00:00,mac-016,user-46314,session-0061,2,Finder,Notes,file_write,~/Pictures,writes,1,1,0,0,0,0,0,0,4,5716,0.07406145610000532,benign,,0,synthetic macOS Endpoint Security-style fixture
evt-0061-3,2026-01-15 15:11:59+00:00,mac-016,user-46314,session-0061,3,Notes,backupd,network_connect,calendar.example,connects,1,1,0,0,0,0,0,0,6,917,0.06844891923500122,benign,,0,synthetic macOS Endpoint Security-style fixture
evt-0061-4,2026-01-15 15:12:18+00:00,mac-016,user-46314,session-0061,4,backupd,mdworker,auth,loginwindow,authenticates,1,1,0,0,0,0,0,0,6,1178,0.03406850702256495,benign,,0,synthetic macOS Endpoint Security-style fixture
evt-0061-5,2026-01-15 15:12:38+00:00,mac-016,user-46314,session-0061,5,mdworker,Mail,file_read,~/Library/Preferences,reads,1,1,0,0,0,0,0,0,5,911,0.054867255284254596,benign,,0,synthetic macOS Endpoint Security-style fixture
evt-0062-0,2026-01-15 15:17:01+00:00,mac-013,user-39031,session-0062,0,launchd,Safari,network_connect,download.example,connects,1,1,0,0,0,0,0,0,7,1650,0.005154121199134359,gatekeeper_bypass,T1105,1,synthetic macOS Endpoint Security-style fixture
evt-0062-1,2026-01-15 15:17:19+00:00,mac-013,user-39031,session-0062,1,Safari,Archive Utility,file_write,~/Downloads/demo.zip,writes,1,1,0,0,0,0,0,0,6,1107,0.05642046316800344,gatekeeper_bypass,T1105,1,synthetic macOS Endpoint Security-style fixture
evt-0062-2,2026-01-15 15:17:41+00:00,mac-013,user-39031,session-0062,2,Archive Utility,xattr,exec,/usr/bin/xattr,executes,0,0,0,0,0,0,0,0,1,854,0.22035991563499363,gatekeeper_bypass,T1222,1,synthetic macOS Endpoint Security-style fixture
evt-0062-3,2026-01-15 15:17:57+00:00,mac-013,user-39031,session-0062,3,xattr,Finder,gatekeeper_bypass,unsigned-app.app,bypasses,0,0,1,0,0,0,0,0,5,944,0.6426749888351004,gatekeeper_bypass,T1553.001,1,synthetic macOS Endpoint Security-style fixture
evt-0062-4,2026-01-15 15:18:18+00:00,mac-013,user-39031,session-0062,4,Finder,unsigned-app,exec,unsigned-app.app,executes,0,0,0,0,0,0,0,0,4,2187,0.2396457504503472,gatekeeper_bypass,T1204,1,synthetic macOS Endpoint Security-style fixture
evt-0062-5,2026-01-15 15:18:38+00:00,mac-013,user-39031,session-0062,5,unsigned-app,unsigned-app,network_connect,callback.example,connects,0,0,0,0,0,0,0,1,5,2538,0.4409783813737956,gatekeeper_bypass,T1071,1,synthetic macOS Endpoint Security-style fixture
evt-0063-0,2026-01-15 15:23:02+00:00,mac-024,user-88050,session-0063,0,launchd,Terminal,exec,/bin/zsh,executes,1,1,0,0,0,0,0,0,2,2301,0.03368194218567354,credential_access,T1059,1,synthetic macOS Endpoint Security-style fixture
evt-0063-1,2026-01-15 15:23:21+00:00,mac-024,user-88050,session-0063,1,Terminal,zsh,exec,/usr/bin/python3,executes,1,1,0,0,0,0,0,0,1,1745,0.019341420579277294,credential_access,T1059,1,synthetic macOS Endpoint Security-style fixture
evt-0063-2,2026-01-15 15:23:38+00:00,mac-024,user-88050,session-0063,2,zsh,python3,file_read,~/Library/Keychains/login.keychain-db,reads,0,0,0,0,0,0,1,0,5,423,0.4922651725613972,credential_access,T1555.001,1,synthetic macOS Endpoint Security-style fixture
evt-0063-3,2026-01-15 15:23:59+00:00,mac-024,user-88050,session-0063,3,python3,python3,file_read,~/.ssh/id_ed25519,reads,0,0,0,0,0,0,1,0,2,1466,0.4781896915292364,credential_access,T1552.004,1,synthetic macOS Endpoint Security-style fixture
evt-0063-4,2026-01-15 15:24:16+00:00,mac-024,user-88050,session-0063,4,python3,security,exec,/usr/bin/security,executes,0,0,0,0,0,0,0,0,5,5673,0.2619612532694478,credential_access,T1555,1,synthetic macOS Endpoint Security-style fixture
evt-0063-5,2026-01-15 15:24:38+00:00,mac-024,user-88050,session-0063,5,security,python3,network_connect,collector.example,connects,0,0,0,0,0,0,0,1,4,578,0.44632488197887515,credential_access,T1041,1,synthetic macOS Endpoint Security-style fixture
evt-0064-0,2026-01-15 15:29:00+00:00,mac-027,user-09245,session-0064,0,launchd,WindowServer,file_read,/System/Library,reads,1,1,0,0,0,0,0,0,2,694,0.0,benign,,0,synthetic macOS Endpoint Security-style fixture
evt-0064-1,2026-01-15 15:29:20+00:00,mac-027,user-09245,session-0064,1,WindowServer,Safari,exec,/usr/bin/open,executes,1,1,0,0,0,0,0,0,3,293,0.07670204556663243,benign,,0,synthetic macOS Endpoint Security-style fixture
evt-0064-2,2026-01-15 15:29:40+00:00,mac-027,user-09245,session-0064,2,Safari,softwareupdated,network_connect,calendar.example,connects,1,1,0,0,0,0,0,0,2,756,0.0,benign,,0,synthetic macOS Endpoint Security-style fixture
evt-0064-3,2026-01-15 15:29:57+00:00,mac-027,user-09245,session-0064,3,softwareupdated,Preview,network_connect,calendar.example,connects,1,1,0,0,0,0,0,0,3,540,0.06630187215059356,benign,,0,synthetic macOS Endpoint Security-style fixture
evt-0064-4,2026-01-15 15:30:19+00:00,mac-027,user-09245,session-0064,4,Preview,Safari,auth,loginwindow,authenticates,1,1,0,0,0,0,0,0,10,3194,0.04593345259484618,benign,,0,synthetic macOS Endpoint Security-style fixture
evt-0064-5,2026-01-15 15:30:38+00:00,mac-027,user-09245,session-0064,5,Safari,backupd,exec,/System/Library/CoreServices,executes,1,1,0,0,0,0,0,0,8,3441,0.04641736247607714,benign,,0,synthetic macOS Endpoint Security-style fixture
evt-0065-0,2026-01-15 15:36:02+00:00,mac-014,user-89358,session-0065,0,launchd,Calendar,network_connect,icloud.example,connects,1,1,0,0,0,0,0,0,3,1109,0.05006101883358804,benign,,0,synthetic macOS Endpoint Security-style fixture
evt-0065-1,2026-01-15 15:36:21+00:00,mac-014,user-89358,session-0065,1,Calendar,Mail,exec,/System/Library/CoreServices,executes,1,1,0,0,0,0,0,0,4,1620,0.05316745105261441,benign,,0,synthetic macOS Endpoint Security-style fixture
evt-0065-2,2026-01-15 15:36:38+00:00,mac-014,user-89358,session-0065,2,Mail,Mail,auth,loginwindow,authenticates,1,1,0,0,0,0,0,0,2,1787,0.022826559458353848,benign,,0,synthetic macOS Endpoint Security-style fixture
evt-0065-3,2026-01-15 15:37:00+00:00,mac-014,user-89358,session-0065,3,Mail,backupd,file_read,/System/Library,reads,1,1,0,0,0,0,0,0,9,1024,0.0,benign,,0,synthetic macOS Endpoint Security-style fixture
evt-0065-4,2026-01-15 15:37:20+00:00,mac-014,user-89358,session-0065,4,backupd,Finder,network_connect,updates.example,connects,1,1,0,0,0,0,0,0,4,537,0.02147453550552763,benign,,0,synthetic macOS Endpoint Security-style fixture
evt-0065-5,2026-01-15 15:37:37+00:00,mac-014,user-89358,session-0065,5,Finder,Finder,file_read,~/Documents,reads,1,1,0,0,0,0,0,0,1,1767,0.0364490097941765,benign,,0,synthetic macOS Endpoint Security-style fixture
evt-0066-0,2026-01-15 15:45:02+00:00,mac-020,user-09899,session-0066,0,launchd,mdworker,file_read,~/Library/Preferences,reads,1,1,0,0,0,0,0,0,0,586,0.01848292392088686,benign,,0,synthetic macOS Endpoint Security-style fixture
evt-0066-1,2026-01-15 15:45:19+00:00,mac-020,user-09899,session-0066,1,mdworker,Safari,exec,/System/Applications,executes,1,1,0,0,0,0,0,0,6,1316,0.05580940481414497,benign,,0,synthetic macOS Endpoint Security-style fixture
evt-0066-2,2026-01-15 15:45:39+00:00,mac-020,user-09899,session-0066,2,Safari,Notes,file_read,~/Library/Preferences,reads,1,1,0,0,0,0,0,0,6,3772,0.023175724556813382,benign,,0,synthetic macOS Endpoint Security-style fixture
evt-0066-3,2026-01-15 15:46:01+00:00,mac-020,user-09899,session-0066,3,Notes,Mail,file_read,~/Pictures,reads,1,1,0,0,0,0,0,0,5,613,0.0724836732638385,benign,,0,synthetic macOS Endpoint Security-style fixture
evt-0066-4,2026-01-15 15:46:16+00:00,mac-020,user-09899,session-0066,4,Mail,WindowServer,network_connect,icloud.example,connects,1,1,0,0,0,0,0,0,7,1506,0.0,benign,,0,synthetic macOS Endpoint Security-style fixture
evt-0066-5,2026-01-15 15:46:36+00:00,mac-020,user-09899,session-0066,5,WindowServer,Mail,file_read,/System/Library,reads,1,1,0,0,0,0,0,0,4,2303,0.05876058886008942,benign,,0,synthetic macOS Endpoint Security-style fixture
evt-0067-0,2026-01-15 15:49:02+00:00,mac-014,user-57610,session-0067,0,launchd,Safari,network_connect,update.example,connects,1,1,0,0,0,0,0,0,2,518,0.017339223518070917,launchagent_persistence,T1105,1,synthetic macOS Endpoint Security-style fixture
evt-0067-1,2026-01-15 15:49:23+00:00,mac-014,user-57610,session-0067,1,Safari,installer,file_write,/tmp/helper,writes,1,1,0,0,0,0,0,0,4,514,0.07379203432150268,launchagent_persistence,T1105,1,synthetic macOS Endpoint Security-style fixture
evt-0067-2,2026-01-15 15:49:38+00:00,mac-014,user-57610,session-0067,2,installer,sh,exec,/bin/sh,executes,0,0,0,0,0,0,0,0,2,4559,0.24767827630438996,launchagent_persistence,T1059,1,synthetic macOS Endpoint Security-style fixture
evt-0067-3,2026-01-15 15:50:01+00:00,mac-014,user-57610,session-0067,3,sh,defaults,file_write,~/Library/LaunchAgents/com.demo.agent.plist,writes,0,0,0,0,0,1,0,0,6,290,0.5336141554761075,launchagent_persistence,T1543.001,1,synthetic macOS Endpoint Security-style fixture
evt-0067-4,2026-01-15 15:50:20+00:00,mac-014,user-57610,session-0067,4,defaults,launchctl,exec,com.demo.agent,executes,0,0,0,0,1,1,0,0,3,1395,0.5845729051615441,launchagent_persistence,T1543.001,1,synthetic macOS Endpoint Security-style fixture
evt-0067-5,2026-01-15 15:50:38+00:00,mac-014,user-57610,session-0067,5,launchctl,helper,exec,/tmp/helper,executes,0,0,0,0,0,0,0,0,3,1514,0.26668850715316383,launchagent_persistence,T1204,1,synthetic macOS Endpoint Security-style fixture
evt-0068-0,2026-01-15 15:59:02+00:00,mac-025,user-90012,session-0068,0,launchd,Mail,file_read,/System/Library,reads,1,1,0,0,0,0,0,0,8,926,0.031773658198794595,benign,,0,synthetic macOS Endpoint Security-style fixture
evt-0068-1,2026-01-15 15:59:22+00:00,mac-025,user-90012,session-0068,1,Mail,Preview,file_write,~/Library/Preferences,writes,1,1,0,0,0,0,0,0,5,3445,0.04704521371708881,benign,,0,synthetic macOS Endpoint Security-style fixture
evt-0068-2,2026-01-15 15:59:40+00:00,mac-025,user-90012,session-0068,2,Preview,softwareupdated,exec,/System/Library/CoreServices,executes,1,1,0,0,0,0,0,0,4,4819,0.04214997662513039,benign,,0,synthetic macOS Endpoint Security-style fixture
evt-0068-3,2026-01-15 15:59:59+00:00,mac-025,user-90012,session-0068,3,softwareupdated,Notes,file_write,~/Library/Preferences,writes,1,1,0,0,0,0,0,0,1,1759,0.021449664377756493,benign,,0,synthetic macOS Endpoint Security-style fixture
evt-0068-4,2026-01-15 16:00:16+00:00,mac-025,user-90012,session-0068,4,Notes,Notes,exec,/usr/bin/open,executes,1,1,0,0,0,0,0,0,2,1105,0.029795670600276145,benign,,0,synthetic macOS Endpoint Security-style fixture
evt-0068-5,2026-01-15 16:00:37+00:00,mac-025,user-90012,session-0068,5,Notes,Calendar,auth,loginwindow,authenticates,1,1,0,0,0,0,0,0,6,1410,0.05407144800455978,benign,,0,synthetic macOS Endpoint Security-style fixture
evt-0069-0,2026-01-15 16:06:03+00:00,mac-004,user-72176,session-0069,0,launchd,WindowServer,file_read,~/Library/Preferences,reads,1,1,0,0,0,0,0,0,2,446,0.04798885016808403,benign,,0,synthetic macOS Endpoint Security-style fixture
evt-0069-1,2026-01-15 16:06:21+00:00,mac-004,user-72176,session-0069,1,WindowServer,WindowServer,exec,/System/Library/CoreServices,executes,1,1,0,0,0,0,0,0,1,2947,0.021108832089370186,benign,,0,synthetic macOS Endpoint Security-style fixture
evt-0069-2,2026-01-15 16:06:39+00:00,mac-004,user-72176,session-0069,2,WindowServer,mdworker,file_read,~/Documents,reads,1,1,0,0,0,0,0,0,3,353,0.0,benign,,0,synthetic macOS Endpoint Security-style fixture
evt-0069-3,2026-01-15 16:06:59+00:00,mac-004,user-72176,session-0069,3,mdworker,Finder,exec,/System/Applications,executes,1,1,0,0,0,0,0,0,5,324,0.03422350800251275,benign,,0,synthetic macOS Endpoint Security-style fixture
evt-0069-4,2026-01-15 16:07:17+00:00,mac-004,user-72176,session-0069,4,Finder,mdworker,file_read,~/Documents,reads,1,1,0,0,0,0,0,0,3,3235,0.10056119752708739,benign,,0,synthetic macOS Endpoint Security-style fixture
evt-0069-5,2026-01-15 16:07:37+00:00,mac-004,user-72176,session-0069,5,mdworker,Preview,exec,/System/Applications,executes,1,1,0,0,0,0,0,0,2,1309,0.04987932857038716,benign,,0,synthetic macOS Endpoint Security-style fixture
evt-0070-0,2026-01-15 16:12:02+00:00,mac-006,user-05232,session-0070,0,launchd,Finder,file_write,~/Library/Preferences,writes,1,1,0,0,0,0,0,0,2,351,0.004144444813559918,benign,,0,synthetic macOS Endpoint Security-style fixture
evt-0070-1,2026-01-15 16:12:22+00:00,mac-006,user-05232,session-0070,1,Finder,WindowServer,file_read,~/Documents,reads,1,1,0,0,0,0,0,0,9,859,0.01905441853055876,benign,,0,synthetic macOS Endpoint Security-style fixture
evt-0070-2,2026-01-15 16:12:39+00:00,mac-006,user-05232,session-0070,2,WindowServer,Notes,network_connect,calendar.example,connects,1,1,0,0,0,0,0,0,5,1040,0.02980673070988917,benign,,0,synthetic macOS Endpoint Security-style fixture
evt-0070-3,2026-01-15 16:13:00+00:00,mac-006,user-05232,session-0070,3,Notes,Notes,file_read,~/Library/Preferences,reads,1,1,0,0,0,0,0,0,9,576,0.015130672024283878,benign,,0,synthetic macOS Endpoint Security-style fixture
evt-0070-4,2026-01-15 16:13:18+00:00,mac-006,user-05232,session-0070,4,Notes,softwareupdated,exec,/usr/bin/open,executes,1,1,0,0,0,0,0,0,4,1389,0.047817814481870044,benign,,0,synthetic macOS Endpoint Security-style fixture
evt-0070-5,2026-01-15 16:13:37+00:00,mac-006,user-05232,session-0070,5,softwareupdated,Calendar,file_read,/System/Library,reads,1,1,0,0,0,0,0,0,1,893,0.031061747286136622,benign,,0,synthetic macOS Endpoint Security-style fixture
evt-0071-0,2026-01-15 16:17:01+00:00,mac-018,user-86088,session-0071,0,launchd,Finder,file_read,~/Documents,reads,1,1,0,0,0,0,0,0,4,1375,0.014147221511757242,data_exfiltration,T1083,1,synthetic macOS Endpoint Security-style fixture
evt-0071-1,2026-01-15 16:17:21+00:00,mac-018,user-86088,session-0071,1,Finder,zip,exec,/usr/bin/zip,executes,1,1,0,0,0,0,0,0,2,2463,0.03385698065844502,data_exfiltration,T1560,1,synthetic macOS Endpoint Security-style fixture
evt-0071-2,2026-01-15 16:17:39+00:00,mac-018,user-86088,session-0071,2,zip,zip,file_write,/tmp/archive.zip,writes,1,1,0,0,0,0,1,0,3,1364,0.31597079166036063,data_exfiltration,T1560,1,synthetic macOS Endpoint Security-style fixture
evt-0071-3,2026-01-15 16:18:00+00:00,mac-018,user-86088,session-0071,3,zip,curl,network_connect,upload.example,connects,1,1,0,0,0,0,1,1,6,132993,0.5030707470842265,data_exfiltration,T1041,1,synthetic macOS Endpoint Security-style fixture
evt-0071-4,2026-01-15 16:18:20+00:00,mac-018,user-86088,session-0071,4,curl,curl,network_connect,upload.example,connects,1,1,0,0,0,0,0,1,7,25931,0.201437884804961,data_exfiltration,T1041,1,synthetic macOS Endpoint Security-style fixture
evt-0071-5,2026-01-15 16:18:36+00:00,mac-018,user-86088,session-0071,5,curl,rm,file_delete,/tmp/archive.zip,deletes,1,1,0,0,0,0,0,0,7,1765,0.0218856542953023,data_exfiltration,T1070,1,synthetic macOS Endpoint Security-style fixture
evt-0072-0,2026-01-15 16:27:02+00:00,mac-016,user-33710,session-0072,0,launchd,softwareupdated,file_write,~/Documents,writes,1,1,0,0,0,0,0,0,2,1069,0.003913830076579007,benign,,0,synthetic macOS Endpoint Security-style fixture
evt-0072-1,2026-01-15 16:27:21+00:00,mac-016,user-33710,session-0072,1,softwareupdated,softwareupdated,network_connect,calendar.example,connects,1,1,0,0,0,0,0,0,2,1151,0.062235336413113136,benign,,0,synthetic macOS Endpoint Security-style fixture
evt-0072-2,2026-01-15 16:27:41+00:00,mac-016,user-33710,session-0072,2,softwareupdated,Mail,exec,/System/Applications,executes,1,1,0,0,0,0,0,0,4,1940,0.05471839057202865,benign,,0,synthetic macOS Endpoint Security-style fixture
evt-0072-3,2026-01-15 16:27:57+00:00,mac-016,user-33710,session-0072,3,Mail,Finder,auth,loginwindow,authenticates,1,1,0,0,0,0,0,0,2,1267,0.05038199225663634,benign,,0,synthetic macOS Endpoint Security-style fixture
evt-0072-4,2026-01-15 16:28:19+00:00,mac-016,user-33710,session-0072,4,Finder,Preview,file_read,~/Pictures,reads,1,1,0,0,0,0,0,0,2,966,0.035992676429424525,benign,,0,synthetic macOS Endpoint Security-style fixture
evt-0072-5,2026-01-15 16:28:37+00:00,mac-016,user-33710,session-0072,5,Preview,Calendar,auth,loginwindow,authenticates,1,1,0,0,0,0,0,0,10,569,0.0,benign,,0,synthetic macOS Endpoint Security-style fixture
evt-0073-0,2026-01-15 16:35:03+00:00,mac-028,user-84037,session-0073,0,launchd,mdworker,exec,/System/Applications,executes,1,1,0,0,0,0,0,0,2,267,0.05375862753512221,benign,,0,synthetic macOS Endpoint Security-style fixture
evt-0073-1,2026-01-15 16:35:21+00:00,mac-028,user-84037,session-0073,1,mdworker,backupd,file_read,~/Pictures,reads,1,1,0,0,0,0,0,0,2,4819,0.03120801550973709,benign,,0,synthetic macOS Endpoint Security-style fixture
evt-0073-2,2026-01-15 16:35:41+00:00,mac-028,user-84037,session-0073,2,backupd,Finder,exec,/System/Library/CoreServices,executes,1,1,0,0,0,0,0,0,4,655,0.05367805763598351,benign,,0,synthetic macOS Endpoint Security-style fixture
evt-0073-3,2026-01-15 16:35:59+00:00,mac-028,user-84037,session-0073,3,Finder,mdworker,file_read,~/Documents,reads,1,1,0,0,0,0,0,0,2,654,0.05831598916163727,benign,,0,synthetic macOS Endpoint Security-style fixture
evt-0073-4,2026-01-15 16:36:20+00:00,mac-028,user-84037,session-0073,4,mdworker,Safari,network_connect,mail.example,connects,1,1,0,0,0,0,0,0,1,2460,0.03239224576275519,benign,,0,synthetic macOS Endpoint Security-style fixture
evt-0073-5,2026-01-15 16:36:38+00:00,mac-028,user-84037,session-0073,5,Safari,Mail,network_connect,calendar.example,connects,1,1,0,0,0,0,0,0,4,3315,0.04504143856586201,benign,,0,synthetic macOS Endpoint Security-style fixture
evt-0074-0,2026-01-15 16:40:04+00:00,mac-022,user-21849,session-0074,0,launchd,Safari,file_read,~/Pictures,reads,1,1,0,0,0,0,0,0,7,274,0.030102050889735055,benign,,0,synthetic macOS Endpoint Security-style fixture
evt-0074-1,2026-01-15 16:40:22+00:00,mac-022,user-21849,session-0074,1,Safari,WindowServer,network_connect,icloud.example,connects,1,1,0,0,0,0,0,0,2,1464,0.07345490332346633,benign,,0,synthetic macOS Endpoint Security-style fixture
evt-0074-2,2026-01-15 16:40:40+00:00,mac-022,user-21849,session-0074,2,WindowServer,Finder,exec,/usr/bin/open,executes,1,1,0,0,0,0,0,0,8,2563,0.0551763358692638,benign,,0,synthetic macOS Endpoint Security-style fixture
evt-0074-3,2026-01-15 16:41:00+00:00,mac-022,user-21849,session-0074,3,Finder,Finder,auth,loginwindow,authenticates,1,1,0,0,0,0,0,0,4,1435,0.0,benign,,0,synthetic macOS Endpoint Security-style fixture
evt-0074-4,2026-01-15 16:41:19+00:00,mac-022,user-21849,session-0074,4,Finder,backupd,network_connect,updates.example,connects,1,1,0,0,0,0,0,0,0,352,0.09889552953995379,benign,,0,synthetic macOS Endpoint Security-style fixture
evt-0074-5,2026-01-15 16:41:35+00:00,mac-022,user-21849,session-0074,5,backupd,Safari,network_connect,mail.example,connects,1,1,0,0,0,0,0,0,4,1738,0.014917065240957886,benign,,0,synthetic macOS Endpoint Security-style fixture
evt-0075-0,2026-01-15 16:47:02+00:00,mac-023,user-39031,session-0075,0,launchd,backupd,file_read,~/Documents,reads,1,1,0,0,0,0,0,0,7,1104,0.062192656419597835,benign,,0,synthetic macOS Endpoint Security-style fixture
evt-0075-1,2026-01-15 16:47:20+00:00,mac-023,user-39031,session-0075,1,backupd,Safari,auth,loginwindow,authenticates,1,1,0,0,0,0,0,0,5,3307,0.07023801756107216,benign,,0,synthetic macOS Endpoint Security-style fixture
evt-0075-2,2026-01-15 16:47:39+00:00,mac-023,user-39031,session-0075,2,Safari,backupd,network_connect,mail.example,connects,1,1,0,0,0,0,0,0,4,631,0.050469945705013695,benign,,0,synthetic macOS Endpoint Security-style fixture
evt-0075-3,2026-01-15 16:48:01+00:00,mac-023,user-39031,session-0075,3,backupd,Finder,network_connect,updates.example,connects,1,1,0,0,0,0,0,0,3,3381,0.07073312328288535,benign,,0,synthetic macOS Endpoint Security-style fixture
evt-0075-4,2026-01-15 16:48:16+00:00,mac-023,user-39031,session-0075,4,Finder,mdworker,exec,/System/Applications,executes,1,1,0,0,0,0,0,0,1,1831,0.04077837132362444,benign,,0,synthetic macOS Endpoint Security-style fixture
evt-0075-5,2026-01-15 16:48:36+00:00,mac-023,user-39031,session-0075,5,mdworker,Safari,file_write,~/Documents,writes,1,1,0,0,0,0,0,0,7,885,0.029164325380462278,benign,,0,synthetic macOS Endpoint Security-style fixture
evt-0076-0,2026-01-15 16:53:03+00:00,mac-015,user-62188,session-0076,0,launchd,Terminal,exec,/bin/zsh,executes,1,1,0,0,0,0,0,0,5,1384,0.06797717712127567,benign,,0,synthetic macOS Endpoint Security-style fixture
evt-0076-1,2026-01-15 16:53:23+00:00,mac-015,user-62188,session-0076,1,Terminal,zsh,exec,/usr/local/bin/brew,executes,0,0,0,0,0,0,0,0,4,578,0.2685661799798701,benign,,0,synthetic macOS Endpoint Security-style fixture
evt-0076-2,2026-01-15 16:53:38+00:00,mac-015,user-62188,session-0076,2,zsh,brew,network_connect,packages.example,connects,0,0,0,0,0,0,0,0,3,4794,0.26984312498285995,benign,,0,synthetic macOS Endpoint Security-style fixture
evt-0076-3,2026-01-15 16:53:58+00:00,mac-015,user-62188,session-0076,3,brew,softwareupdated,file_write,/Library/Updates,writes,1,1,0,0,0,1,0,0,71,509,0.37521122110615884,benign,,0,synthetic macOS Endpoint Security-style fixture
evt-0076-4,2026-01-15 16:54:17+00:00,mac-015,user-62188,session-0076,4,softwareupdated,security,file_read,login.keychain-db,reads,1,1,0,0,0,0,1,0,5,636,0.25674014402701173,benign,,0,synthetic macOS Endpoint Security-style fixture
evt-0076-5,2026-01-15 16:54:37+00:00,mac-015,user-62188,session-0076,5,security,backupd,network_connect,backup.example,connects,1,1,0,0,0,0,0,1,4,28317,0.2334644698206741,benign,,0,synthetic macOS Endpoint Security-style fixture
evt-0077-0,2026-01-15 17:02:03+00:00,mac-021,user-33056,session-0077,0,launchd,Finder,file_read,~/Documents,reads,1,1,0,0,0,0,0,0,1,2635,0.021940991028315367,data_exfiltration,T1083,1,synthetic macOS Endpoint Security-style fixture
evt-0077-1,2026-01-15 17:02:22+00:00,mac-021,user-33056,session-0077,1,Finder,zip,exec,/usr/bin/zip,executes,1,1,0,0,0,0,0,0,5,163,0.04815747358578902,data_exfiltration,T1560,1,synthetic macOS Endpoint Security-style fixture
evt-0077-2,2026-01-15 17:02:39+00:00,mac-021,user-33056,session-0077,2,zip,zip,file_write,/tmp/archive.zip,writes,1,1,0,0,0,0,1,0,2,1071,0.2586846976736153,data_exfiltration,T1560,1,synthetic macOS Endpoint Security-style fixture
evt-0077-3,2026-01-15 17:02:59+00:00,mac-021,user-33056,session-0077,3,zip,curl,network_connect,upload.example,connects,1,1,0,0,0,0,1,1,3,43295,0.46250357281150195,data_exfiltration,T1041,1,synthetic macOS Endpoint Security-style fixture
evt-0077-4,2026-01-15 17:03:16+00:00,mac-021,user-33056,session-0077,4,curl,curl,network_connect,upload.example,connects,1,1,0,0,0,0,0,1,2,177113,0.2518002392094519,data_exfiltration,T1041,1,synthetic macOS Endpoint Security-style fixture
evt-0077-5,2026-01-15 17:03:36+00:00,mac-021,user-33056,session-0077,5,curl,rm,file_delete,/tmp/archive.zip,deletes,1,1,0,0,0,0,0,0,6,553,0.043789746120488075,data_exfiltration,T1070,1,synthetic macOS Endpoint Security-style fixture
evt-0078-0,2026-01-15 17:10:03+00:00,mac-010,user-79459,session-0078,0,launchd,mdworker,exec,/System/Library/CoreServices,executes,1,1,0,0,0,0,0,0,4,536,0.0,benign,,0,synthetic macOS Endpoint Security-style fixture
evt-0078-1,2026-01-15 17:10:21+00:00,mac-010,user-79459,session-0078,1,mdworker,mdworker,file_write,~/Library/Preferences,writes,1,1,0,0,0,0,0,0,3,601,0.061098476772288905,benign,,0,synthetic macOS Endpoint Security-style fixture
evt-0078-2,2026-01-15 17:10:42+00:00,mac-010,user-79459,session-0078,2,mdworker,mdworker,file_read,~/Library/Preferences,reads,1,1,0,0,0,0,0,0,3,680,0.0,benign,,0,synthetic macOS Endpoint Security-style fixture
evt-0078-3,2026-01-15 17:10:58+00:00,mac-010,user-79459,session-0078,3,mdworker,Mail,auth,loginwindow,authenticates,1,1,0,0,0,0,0,0,2,316,0.025252966711154862,benign,,0,synthetic macOS Endpoint Security-style fixture
evt-0078-4,2026-01-15 17:11:20+00:00,mac-010,user-79459,session-0078,4,Mail,Preview,exec,/usr/bin/open,executes,1,1,0,0,0,0,0,0,6,1603,0.022699626269194653,benign,,0,synthetic macOS Endpoint Security-style fixture
evt-0078-5,2026-01-15 17:11:35+00:00,mac-010,user-79459,session-0078,5,Preview,softwareupdated,file_write,~/Library/Preferences,writes,1,1,0,0,0,0,0,0,4,3055,0.013114506084529541,benign,,0,synthetic macOS Endpoint Security-style fixture
evt-0079-0,2026-01-15 17:17:03+00:00,mac-015,user-65547,session-0079,0,launchd,Safari,network_connect,update.example,connects,1,1,0,0,0,0,0,0,1,756,0.014648270177868013,launchagent_persistence,T1105,1,synthetic macOS Endpoint Security-style fixture
evt-0079-1,2026-01-15 17:17:21+00:00,mac-015,user-65547,session-0079,1,Safari,installer,file_write,/tmp/helper,writes,1,1,0,0,0,0,0,0,3,1026,0.07175107334817313,launchagent_persistence,T1105,1,synthetic macOS Endpoint Security-style fixture
evt-0079-2,2026-01-15 17:17:42+00:00,mac-015,user-65547,session-0079,2,installer,sh,exec,/bin/sh,executes,0,0,0,0,0,0,0,0,4,984,0.278660455490824,launchagent_persistence,T1059,1,synthetic macOS Endpoint Security-style fixture
evt-0079-3,2026-01-15 17:17:58+00:00,mac-015,user-65547,session-0079,3,sh,defaults,file_write,~/Library/LaunchAgents/com.demo.agent.plist,writes,0,0,0,0,0,1,0,0,2,1406,0.5691763381670223,launchagent_persistence,T1543.001,1,synthetic macOS Endpoint Security-style fixture
evt-0079-4,2026-01-15 17:18:20+00:00,mac-015,user-65547,session-0079,4,defaults,launchctl,exec,com.demo.agent,executes,0,0,0,0,1,1,0,0,7,360,0.5552813946747194,launchagent_persistence,T1543.001,1,synthetic macOS Endpoint Security-style fixture
evt-0079-5,2026-01-15 17:18:37+00:00,mac-015,user-65547,session-0079,5,launchctl,helper,exec,/tmp/helper,executes,0,0,0,0,0,0,0,0,4,5046,0.2811968322374336,launchagent_persistence,T1204,1,synthetic macOS Endpoint Security-style fixture
evt-0080-0,2026-01-15 17:22:01+00:00,mac-006,user-43044,session-0080,0,launchd,WindowServer,file_read,~/Documents,reads,1,1,0,0,0,0,0,0,4,463,0.05060620343637972,benign,,0,synthetic macOS Endpoint Security-style fixture
evt-0080-1,2026-01-15 17:22:23+00:00,mac-006,user-43044,session-0080,1,WindowServer,Mail,file_write,~/Documents,writes,1,1,0,0,0,0,0,0,4,1757,0.10172990091732045,benign,,0,synthetic macOS Endpoint Security-style fixture
evt-0080-2,2026-01-15 17:22:42+00:00,mac-006,user-43044,session-0080,2,Mail,Mail,file_read,~/Pictures,reads,1,1,0,0,0,0,0,0,3,669,0.06465435119726781,benign,,0,synthetic macOS Endpoint Security-style fixture
evt-0080-3,2026-01-15 17:23:01+00:00,mac-006,user-43044,session-0080,3,Mail,Preview,network_connect,updates.example,connects,1,1,0,0,0,0,0,0,3,601,0.08464051871553266,benign,,0,synthetic macOS Endpoint Security-style fixture
evt-0080-4,2026-01-15 17:23:19+00:00,mac-006,user-43044,session-0080,4,Preview,Calendar,exec,/System/Library/CoreServices,executes,1,1,0,0,0,0,0,0,10,473,0.050690905471993626,benign,,0,synthetic macOS Endpoint Security-style fixture
evt-0080-5,2026-01-15 17:23:36+00:00,mac-006,user-43044,session-0080,5,Calendar,Calendar,auth,loginwindow,authenticates,1,1,0,0,0,0,0,0,3,365,0.028036787631055844,benign,,0,synthetic macOS Endpoint Security-style fixture
evt-0081-0,2026-01-15 17:28:01+00:00,mac-020,user-55559,session-0081,0,launchd,mdworker,network_connect,calendar.example,connects,1,1,0,0,0,0,0,0,4,1997,0.014798803228149297,benign,,0,synthetic macOS Endpoint Security-style fixture
evt-0081-1,2026-01-15 17:28:22+00:00,mac-020,user-55559,session-0081,1,mdworker,softwareupdated,file_read,~/Library/Preferences,reads,1,1,0,0,0,0,0,0,3,1179,0.06386569484130765,benign,,0,synthetic macOS Endpoint Security-style fixture
evt-0081-2,2026-01-15 17:28:42+00:00,mac-020,user-55559,session-0081,2,softwareupdated,WindowServer,file_write,~/Pictures,writes,1,1,0,0,0,0,0,0,4,982,0.04187317696415566,benign,,0,synthetic macOS Endpoint Security-style fixture
evt-0081-3,2026-01-15 17:28:57+00:00,mac-020,user-55559,session-0081,3,WindowServer,Safari,file_read,~/Library/Preferences,reads,1,1,0,0,0,0,0,0,2,3446,0.06271467004032868,benign,,0,synthetic macOS Endpoint Security-style fixture
evt-0081-4,2026-01-15 17:29:17+00:00,mac-020,user-55559,session-0081,4,Safari,Safari,exec,/usr/bin/open,executes,1,1,0,0,0,0,0,0,0,1470,0.017136123830151947,benign,,0,synthetic macOS Endpoint Security-style fixture
evt-0081-5,2026-01-15 17:29:36+00:00,mac-020,user-55559,session-0081,5,Safari,Notes,auth,loginwindow,authenticates,1,1,0,0,0,0,0,0,6,127,0.07107075959670602,benign,,0,synthetic macOS Endpoint Security-style fixture
evt-0082-0,2026-01-15 17:34:00+00:00,mac-013,user-90666,session-0082,0,launchd,Safari,file_write,~/Library/Preferences,writes,1,1,0,0,0,0,0,0,4,1587,0.05978747330212063,benign,,0,synthetic macOS Endpoint Security-style fixture
evt-0082-1,2026-01-15 17:34:19+00:00,mac-013,user-90666,session-0082,1,Safari,WindowServer,network_connect,updates.example,connects,1,1,0,0,0,0,0,0,2,1414,0.03431330930981657,benign,,0,synthetic macOS Endpoint Security-style fixture
evt-0082-2,2026-01-15 17:34:38+00:00,mac-013,user-90666,session-0082,2,WindowServer,mdworker,exec,/System/Applications,executes,1,1,0,0,0,0,0,0,1,1566,0.03743535134478551,benign,,0,synthetic macOS Endpoint Security-style fixture
evt-0082-3,2026-01-15 17:35:00+00:00,mac-013,user-90666,session-0082,3,mdworker,Notes,auth,loginwindow,authenticates,1,1,0,0,0,0,0,0,5,155,0.028071977449547966,benign,,0,synthetic macOS Endpoint Security-style fixture
evt-0082-4,2026-01-15 17:35:20+00:00,mac-013,user-90666,session-0082,4,Notes,softwareupdated,file_read,~/Pictures,reads,1,1,0,0,0,0,0,0,7,759,0.0612129026347126,benign,,0,synthetic macOS Endpoint Security-style fixture
evt-0082-5,2026-01-15 17:35:35+00:00,mac-013,user-90666,session-0082,5,softwareupdated,Finder,file_read,~/Library/Preferences,reads,1,1,0,0,0,0,0,0,6,4975,0.0585651239808823,benign,,0,synthetic macOS Endpoint Security-style fixture
evt-0083-0,2026-01-15 17:42:02+00:00,mac-002,user-81421,session-0083,0,launchd,Safari,file_read,~/Documents,reads,1,1,0,0,0,0,0,0,2,440,0.029197205988674688,benign,,0,synthetic macOS Endpoint Security-style fixture
evt-0083-1,2026-01-15 17:42:22+00:00,mac-002,user-81421,session-0083,1,Safari,Mail,file_write,~/Library/Preferences,writes,1,1,0,0,0,0,0,0,4,491,0.1082822177289888,benign,,0,synthetic macOS Endpoint Security-style fixture
evt-0083-2,2026-01-15 17:42:38+00:00,mac-002,user-81421,session-0083,2,Mail,mdworker,exec,/usr/bin/open,executes,1,1,0,0,0,0,0,0,4,2058,0.022543682578428474,benign,,0,synthetic macOS Endpoint Security-style fixture
evt-0083-3,2026-01-15 17:43:01+00:00,mac-002,user-81421,session-0083,3,mdworker,Preview,file_write,~/Library/Preferences,writes,1,1,0,0,0,0,0,0,3,420,0.0,benign,,0,synthetic macOS Endpoint Security-style fixture
evt-0083-4,2026-01-15 17:43:18+00:00,mac-002,user-81421,session-0083,4,Preview,WindowServer,file_write,~/Library/Preferences,writes,1,1,0,0,0,0,0,0,4,562,0.03853043371048082,benign,,0,synthetic macOS Endpoint Security-style fixture
evt-0083-5,2026-01-15 17:43:39+00:00,mac-002,user-81421,session-0083,5,WindowServer,Safari,file_read,~/Library/Preferences,reads,1,1,0,0,0,0,0,0,5,1025,0.01831022656841815,benign,,0,synthetic macOS Endpoint Security-style fixture
evt-0084-0,2026-01-15 17:48:02+00:00,mac-001,user-97295,session-0084,0,launchd,Calendar,exec,/usr/bin/open,executes,1,1,0,0,0,0,0,0,8,141,0.028846859791177924,benign,,0,synthetic macOS Endpoint Security-style fixture
evt-0084-1,2026-01-15 17:48:20+00:00,mac-001,user-97295,session-0084,1,Calendar,Calendar,exec,/System/Library/CoreServices,executes,1,1,0,0,0,0,0,0,3,456,0.08035284807561219,benign,,0,synthetic macOS Endpoint Security-style fixture
evt-0084-2,2026-01-15 17:48:42+00:00,mac-001,user-97295,session-0084,2,Calendar,Preview,file_read,~/Pictures,reads,1,1,0,0,0,0,0,0,1,621,0.007921304934908502,benign,,0,synthetic macOS Endpoint Security-style fixture
evt-0084-3,2026-01-15 17:48:59+00:00,mac-001,user-97295,session-0084,3,Preview,softwareupdated,file_read,/System/Library,reads,1,1,0,0,0,0,0,0,6,1017,0.06697809448310522,benign,,0,synthetic macOS Endpoint Security-style fixture
evt-0084-4,2026-01-15 17:49:20+00:00,mac-001,user-97295,session-0084,4,softwareupdated,softwareupdated,file_write,/System/Library,writes,1,1,0,0,0,0,0,0,6,575,0.053793206726094514,benign,,0,synthetic macOS Endpoint Security-style fixture
evt-0084-5,2026-01-15 17:49:39+00:00,mac-001,user-97295,session-0084,5,softwareupdated,softwareupdated,auth,loginwindow,authenticates,1,1,0,0,0,0,0,0,6,1241,0.0,benign,,0,synthetic macOS Endpoint Security-style fixture
evt-0085-0,2026-01-15 17:59:02+00:00,mac-005,user-71522,session-0085,0,launchd,Safari,network_connect,update.example,connects,1,1,0,0,0,0,0,0,4,1422,0.031834416660804915,launchagent_persistence,T1105,1,synthetic macOS Endpoint Security-style fixture
evt-0085-1,2026-01-15 17:59:19+00:00,mac-005,user-71522,session-0085,1,Safari,installer,file_write,/tmp/helper,writes,1,1,0,0,0,0,0,0,4,587,0.06249564580320708,launchagent_persistence,T1105,1,synthetic macOS Endpoint Security-style fixture
evt-0085-2,2026-01-15 17:59:38+00:00,mac-005,user-71522,session-0085,2,installer,sh,exec,/bin/sh,executes,0,0,0,0,0,0,0,0,2,1002,0.25738033365880475,launchagent_persistence,T1059,1,synthetic macOS Endpoint Security-style fixture
evt-0085-3,2026-01-15 18:00:01+00:00,mac-005,user-71522,session-0085,3,sh,defaults,file_write,~/Library/LaunchAgents/com.demo.agent.plist,writes,0,0,0,0,0,1,0,0,3,473,0.5162870492629119,launchagent_persistence,T1543.001,1,synthetic macOS Endpoint Security-style fixture
evt-0085-4,2026-01-15 18:00:19+00:00,mac-005,user-71522,session-0085,4,defaults,launchctl,exec,com.demo.agent,executes,0,0,0,0,1,1,0,0,5,1254,0.5813596165169593,launchagent_persistence,T1543.001,1,synthetic macOS Endpoint Security-style fixture
evt-0085-5,2026-01-15 18:00:36+00:00,mac-005,user-71522,session-0085,5,launchctl,helper,exec,/tmp/helper,executes,0,0,0,0,0,0,0,0,3,3964,0.29014182862979887,launchagent_persistence,T1204,1,synthetic macOS Endpoint Security-style fixture
evt-0086-0,2026-01-15 18:05:00+00:00,mac-011,user-66201,session-0086,0,launchd,backupd,network_connect,mail.example,connects,1,1,0,0,0,0,0,0,4,1850,0.034074403174005834,benign,,0,synthetic macOS Endpoint Security-style fixture
evt-0086-1,2026-01-15 18:05:19+00:00,mac-011,user-66201,session-0086,1,backupd,mdworker,file_read,/System/Library,reads,1,1,0,0,0,0,0,0,5,1408,0.04169924927909063,benign,,0,synthetic macOS Endpoint Security-style fixture
evt-0086-2,2026-01-15 18:05:42+00:00,mac-011,user-66201,session-0086,2,mdworker,softwareupdated,file_write,~/Library/Preferences,writes,1,1,0,0,0,0,0,0,2,91,0.0583263398251095,benign,,0,synthetic macOS Endpoint Security-style fixture
evt-0086-3,2026-01-15 18:05:58+00:00,mac-011,user-66201,session-0086,3,softwareupdated,Finder,auth,loginwindow,authenticates,1,1,0,0,0,0,0,0,7,1692,0.03964164988720223,benign,,0,synthetic macOS Endpoint Security-style fixture
evt-0086-4,2026-01-15 18:06:17+00:00,mac-011,user-66201,session-0086,4,Finder,mdworker,file_read,~/Library/Preferences,reads,1,1,0,0,0,0,0,0,4,1157,0.03033290893779293,benign,,0,synthetic macOS Endpoint Security-style fixture
evt-0086-5,2026-01-15 18:06:35+00:00,mac-011,user-66201,session-0086,5,mdworker,Mail,file_write,/System/Library,writes,1,1,0,0,0,0,0,0,5,640,0.07674309411271363,benign,,0,synthetic macOS Endpoint Security-style fixture
evt-0087-0,2026-01-15 18:11:03+00:00,mac-029,user-88704,session-0087,0,launchd,backupd,file_write,~/Library/Preferences,writes,1,1,0,0,0,0,0,0,4,459,0.019709998720197318,benign,,0,synthetic macOS Endpoint Security-style fixture
evt-0087-1,2026-01-15 18:11:21+00:00,mac-029,user-88704,session-0087,1,backupd,WindowServer,network_connect,icloud.example,connects,1,1,0,0,0,0,0,0,3,1274,0.014930536093022136,benign,,0,synthetic macOS Endpoint Security-style fixture
evt-0087-2,2026-01-15 18:11:38+00:00,mac-029,user-88704,session-0087,2,WindowServer,Mail,exec,/usr/bin/open,executes,1,1,0,0,0,0,0,0,2,607,0.0406137458100997,benign,,0,synthetic macOS Endpoint Security-style fixture
evt-0087-3,2026-01-15 18:12:00+00:00,mac-029,user-88704,session-0087,3,Mail,backupd,file_read,~/Documents,reads,1,1,0,0,0,0,0,0,5,718,0.03441775694865039,benign,,0,synthetic macOS Endpoint Security-style fixture
evt-0087-4,2026-01-15 18:12:16+00:00,mac-029,user-88704,session-0087,4,backupd,Mail,file_read,~/Pictures,reads,1,1,0,0,0,0,0,0,3,840,0.09383669817927195,benign,,0,synthetic macOS Endpoint Security-style fixture
evt-0087-5,2026-01-15 18:12:37+00:00,mac-029,user-88704,session-0087,5,Mail,Calendar,network_connect,icloud.example,connects,1,1,0,0,0,0,0,0,4,2320,0.05445995495042098,benign,,0,synthetic macOS Endpoint Security-style fixture
evt-0088-0,2026-01-15 18:17:03+00:00,mac-019,user-66201,session-0088,0,launchd,Preview,network_connect,calendar.example,connects,1,1,0,0,0,0,0,0,1,1561,0.03128068296996745,benign,,0,synthetic macOS Endpoint Security-style fixture
evt-0088-1,2026-01-15 18:17:21+00:00,mac-019,user-66201,session-0088,1,Preview,mdworker,network_connect,mail.example,connects,1,1,0,0,0,0,0,0,4,553,0.037742756347329647,benign,,0,synthetic macOS Endpoint Security-style fixture
evt-0088-2,2026-01-15 18:17:38+00:00,mac-019,user-66201,session-0088,2,mdworker,softwareupdated,file_write,~/Library/Preferences,writes,1,1,0,0,0,0,0,0,8,507,0.027175131270081414,benign,,0,synthetic macOS Endpoint Security-style fixture
evt-0088-3,2026-01-15 18:17:57+00:00,mac-019,user-66201,session-0088,3,softwareupdated,Finder,network_connect,icloud.example,connects,1,1,0,0,0,0,0,0,4,1052,0.047030161398072624,benign,,0,synthetic macOS Endpoint Security-style fixture
evt-0088-4,2026-01-15 18:18:19+00:00,mac-019,user-66201,session-0088,4,Finder,Safari,exec,/System/Applications,executes,1,1,0,0,0,0,0,0,4,2854,0.048072730760118074,benign,,0,synthetic macOS Endpoint Security-style fixture
evt-0088-5,2026-01-15 18:18:37+00:00,mac-019,user-66201,session-0088,5,Safari,WindowServer,exec,/System/Library/CoreServices,executes,1,1,0,0,0,0,0,0,3,642,0.04641959453784642,benign,,0,synthetic macOS Endpoint Security-style fixture
evt-0089-0,2026-01-15 18:25:00+00:00,mac-030,user-10553,session-0089,0,launchd,Finder,exec,/System/Library/CoreServices,executes,1,1,0,0,0,0,0,0,4,3321,0.048861973874886416,benign,,0,synthetic macOS Endpoint Security-style fixture
evt-0089-1,2026-01-15 18:25:19+00:00,mac-030,user-10553,session-0089,1,Finder,Mail,file_read,/System/Library,reads,1,1,0,0,0,0,0,0,4,5721,0.042002065615577136,benign,,0,synthetic macOS Endpoint Security-style fixture
evt-0089-2,2026-01-15 18:25:38+00:00,mac-030,user-10553,session-0089,2,Mail,Notes,network_connect,mail.example,connects,1,1,0,0,0,0,0,0,2,742,0.02375985918495839,benign,,0,synthetic macOS Endpoint Security-style fixture
evt-0089-3,2026-01-15 18:25:57+00:00,mac-030,user-10553,session-0089,3,Notes,Preview,file_read,~/Pictures,reads,1,1,0,0,0,0,0,0,5,122,0.028840871124289118,benign,,0,synthetic macOS Endpoint Security-style fixture
evt-0089-4,2026-01-15 18:26:20+00:00,mac-030,user-10553,session-0089,4,Preview,mdworker,file_write,/System/Library,writes,1,1,0,0,0,0,0,0,3,278,0.08751350638585276,benign,,0,synthetic macOS Endpoint Security-style fixture
evt-0089-5,2026-01-15 18:26:35+00:00,mac-030,user-10553,session-0089,5,mdworker,Mail,exec,/usr/bin/open,executes,1,1,0,0,0,0,0,0,4,1040,0.025903133086188537,benign,,0,synthetic macOS Endpoint Security-style fixture
evt-0090-0,2026-01-15 18:34:01+00:00,mac-004,user-07283,session-0090,0,launchd,Safari,network_connect,calendar.example,connects,1,1,0,0,0,0,0,0,2,892,0.032512852730209624,benign,,0,synthetic macOS Endpoint Security-style fixture
evt-0090-1,2026-01-15 18:34:19+00:00,mac-004,user-07283,session-0090,1,Safari,Preview,file_write,/System/Library,writes,1,1,0,0,0,0,0,0,5,396,0.004711568635595374,benign,,0,synthetic macOS Endpoint Security-style fixture
evt-0090-2,2026-01-15 18:34:41+00:00,mac-004,user-07283,session-0090,2,Preview,Notes,file_write,~/Pictures,writes,1,1,0,0,0,0,0,0,1,519,0.027238978777318013,benign,,0,synthetic macOS Endpoint Security-style fixture
evt-0090-3,2026-01-15 18:34:58+00:00,mac-004,user-07283,session-0090,3,Notes,mdworker,file_write,/System/Library,writes,1,1,0,0,0,0,0,0,7,242,0.0690466590215887,benign,,0,synthetic macOS Endpoint Security-style fixture
evt-0090-4,2026-01-15 18:35:17+00:00,mac-004,user-07283,session-0090,4,mdworker,mdworker,exec,/System/Applications,executes,1,1,0,0,0,0,0,0,0,2467,0.003218899127327368,benign,,0,synthetic macOS Endpoint Security-style fixture
evt-0090-5,2026-01-15 18:35:39+00:00,mac-004,user-07283,session-0090,5,mdworker,Calendar,file_read,~/Pictures,reads,1,1,0,0,0,0,0,0,5,3287,0.06259500323503586,benign,,0,synthetic macOS Endpoint Security-style fixture
evt-0091-0,2026-01-15 18:41:00+00:00,mac-020,user-75446,session-0091,0,launchd,mdworker,network_connect,mail.example,connects,1,1,0,0,0,0,0,0,1,611,0.04077946121661572,benign,,0,synthetic macOS Endpoint Security-style fixture
evt-0091-1,2026-01-15 18:41:19+00:00,mac-020,user-75446,session-0091,1,mdworker,Finder,file_write,/System/Library,writes,1,1,0,0,0,0,0,0,2,474,0.06004489774751119,benign,,0,synthetic macOS Endpoint Security-style fixture
evt-0091-2,2026-01-15 18:41:40+00:00,mac-020,user-75446,session-0091,2,Finder,backupd,exec,/System/Library/CoreServices,executes,1,1,0,0,0,0,0,0,5,1054,0.0878446510017106,benign,,0,synthetic macOS Endpoint Security-style fixture
evt-0091-3,2026-01-15 18:41:58+00:00,mac-020,user-75446,session-0091,3,backupd,mdworker,file_read,~/Library/Preferences,reads,1,1,0,0,0,0,0,0,3,633,0.015398786924520364,benign,,0,synthetic macOS Endpoint Security-style fixture
evt-0091-4,2026-01-15 18:42:16+00:00,mac-020,user-75446,session-0091,4,mdworker,Safari,exec,/System/Library/CoreServices,executes,1,1,0,0,0,0,0,0,2,609,0.004094014542178649,benign,,0,synthetic macOS Endpoint Security-style fixture
evt-0091-5,2026-01-15 18:42:39+00:00,mac-020,user-75446,session-0091,5,Safari,Safari,auth,loginwindow,authenticates,1,1,0,0,0,0,0,0,3,895,0.06689264062065986,benign,,0,synthetic macOS Endpoint Security-style fixture
evt-0092-0,2026-01-15 18:45:00+00:00,mac-015,user-64893,session-0092,0,launchd,Preview,exec,/usr/bin/open,executes,1,1,0,0,0,0,0,0,3,570,0.06225067894357961,benign,,0,synthetic macOS Endpoint Security-style fixture
evt-0092-1,2026-01-15 18:45:23+00:00,mac-015,user-64893,session-0092,1,Preview,WindowServer,auth,loginwindow,authenticates,1,1,0,0,0,0,0,0,4,4093,0.054637155806152055,benign,,0,synthetic macOS Endpoint Security-style fixture
evt-0092-2,2026-01-15 18:45:40+00:00,mac-015,user-64893,session-0092,2,WindowServer,mdworker,exec,/usr/bin/open,executes,1,1,0,0,0,0,0,0,3,843,0.037927574412961164,benign,,0,synthetic macOS Endpoint Security-style fixture
evt-0092-3,2026-01-15 18:46:01+00:00,mac-015,user-64893,session-0092,3,mdworker,Mail,exec,/System/Library/CoreServices,executes,1,1,0,0,0,0,0,0,2,518,0.040298238329914166,benign,,0,synthetic macOS Endpoint Security-style fixture
evt-0092-4,2026-01-15 18:46:20+00:00,mac-015,user-64893,session-0092,4,Mail,Preview,file_write,~/Pictures,writes,1,1,0,0,0,0,0,0,4,1595,0.035448026766287076,benign,,0,synthetic macOS Endpoint Security-style fixture
evt-0092-5,2026-01-15 18:46:36+00:00,mac-015,user-64893,session-0092,5,Preview,Notes,exec,/System/Library/CoreServices,executes,1,1,0,0,0,0,0,0,11,653,0.05237328261308247,benign,,0,synthetic macOS Endpoint Security-style fixture
evt-0093-0,2026-01-15 18:55:00+00:00,mac-010,user-23157,session-0093,0,launchd,WindowServer,file_read,~/Pictures,reads,1,1,0,0,0,0,0,0,3,241,0.012513452830487406,benign,,0,synthetic macOS Endpoint Security-style fixture
evt-0093-1,2026-01-15 18:55:22+00:00,mac-010,user-23157,session-0093,1,WindowServer,mdworker,network_connect,updates.example,connects,1,1,0,0,0,0,0,0,6,3343,0.0,benign,,0,synthetic macOS Endpoint Security-style fixture
evt-0093-2,2026-01-15 18:55:38+00:00,mac-010,user-23157,session-0093,2,mdworker,softwareupdated,file_read,~/Documents,reads,1,1,0,0,0,0,0,0,4,1795,0.0399606998882701,benign,,0,synthetic macOS Endpoint Security-style fixture
evt-0093-3,2026-01-15 18:56:00+00:00,mac-010,user-23157,session-0093,3,softwareupdated,Mail,file_read,/System/Library,reads,1,1,0,0,0,0,0,0,1,1425,0.05425502259780229,benign,,0,synthetic macOS Endpoint Security-style fixture
evt-0093-4,2026-01-15 18:56:19+00:00,mac-010,user-23157,session-0093,4,Mail,Notes,exec,/System/Library/CoreServices,executes,1,1,0,0,0,0,0,0,2,1341,0.028041680962515123,benign,,0,synthetic macOS Endpoint Security-style fixture
evt-0093-5,2026-01-15 18:56:36+00:00,mac-010,user-23157,session-0093,5,Notes,Mail,file_read,~/Pictures,reads,1,1,0,0,0,0,0,0,4,376,0.04949380471246743,benign,,0,synthetic macOS Endpoint Security-style fixture
evt-0094-0,2026-01-15 19:01:04+00:00,mac-021,user-11207,session-0094,0,launchd,Mail,file_read,~/Pictures,reads,1,1,0,0,0,0,0,0,1,2856,0.06210469346781968,benign,,0,synthetic macOS Endpoint Security-style fixture
evt-0094-1,2026-01-15 19:01:22+00:00,mac-021,user-11207,session-0094,1,Mail,Mail,exec,/System/Library/CoreServices,executes,1,1,0,0,0,0,0,0,9,711,0.09112058121191616,benign,,0,synthetic macOS Endpoint Security-style fixture
evt-0094-2,2026-01-15 19:01:40+00:00,mac-021,user-11207,session-0094,2,Mail,Mail,file_write,~/Pictures,writes,1,1,0,0,0,0,0,0,1,608,0.03535972662982375,benign,,0,synthetic macOS Endpoint Security-style fixture
evt-0094-3,2026-01-15 19:02:00+00:00,mac-021,user-11207,session-0094,3,Mail,WindowServer,file_read,~/Library/Preferences,reads,1,1,0,0,0,0,0,0,4,2549,0.048121940610170666,benign,,0,synthetic macOS Endpoint Security-style fixture
evt-0094-4,2026-01-15 19:02:16+00:00,mac-021,user-11207,session-0094,4,WindowServer,Preview,file_read,/System/Library,reads,1,1,0,0,0,0,0,0,5,406,0.002813220165481037,benign,,0,synthetic macOS Endpoint Security-style fixture
evt-0094-5,2026-01-15 19:02:35+00:00,mac-021,user-11207,session-0094,5,Preview,softwareupdated,exec,/System/Applications,executes,1,1,0,0,0,0,0,0,6,600,0.061812462553576336,benign,,0,synthetic macOS Endpoint Security-style fixture
evt-0095-0,2026-01-15 19:06:03+00:00,mac-009,user-30440,session-0095,0,launchd,Terminal,exec,/bin/zsh,executes,1,1,0,0,0,0,0,0,2,1210,0.02822815300710598,benign,,0,synthetic macOS Endpoint Security-style fixture
evt-0095-1,2026-01-15 19:06:19+00:00,mac-009,user-30440,session-0095,1,Terminal,zsh,exec,/usr/local/bin/brew,executes,0,0,0,0,0,0,0,0,4,2267,0.26746078090437664,benign,,0,synthetic macOS Endpoint Security-style fixture
evt-0095-2,2026-01-15 19:06:41+00:00,mac-009,user-30440,session-0095,2,zsh,brew,network_connect,packages.example,connects,0,0,0,0,0,0,0,0,4,534,0.26847346306155173,benign,,0,synthetic macOS Endpoint Security-style fixture
evt-0095-3,2026-01-15 19:07:01+00:00,mac-009,user-30440,session-0095,3,brew,softwareupdated,file_write,/Library/Updates,writes,1,1,0,0,0,1,0,0,80,1506,0.32084028299722095,benign,,0,synthetic macOS Endpoint Security-style fixture
evt-0095-4,2026-01-15 19:07:18+00:00,mac-009,user-30440,session-0095,4,softwareupdated,security,file_read,login.keychain-db,reads,1,1,0,0,0,0,1,0,7,1940,0.23543861853331022,benign,,0,synthetic macOS Endpoint Security-style fixture
evt-0095-5,2026-01-15 19:07:36+00:00,mac-009,user-30440,session-0095,5,security,backupd,network_connect,backup.example,connects,1,1,0,0,0,0,0,1,3,36228,0.2732468312104608,benign,,0,synthetic macOS Endpoint Security-style fixture
evt-0096-0,2026-01-15 19:14:01+00:00,mac-009,user-48276,session-0096,0,launchd,Mail,network_connect,updates.example,connects,1,1,0,0,0,0,0,0,2,4033,0.09056473511662252,benign,,0,synthetic macOS Endpoint Security-style fixture
evt-0096-1,2026-01-15 19:14:19+00:00,mac-009,user-48276,session-0096,1,Mail,backupd,auth,loginwindow,authenticates,1,1,0,0,0,0,0,0,3,4230,0.06756166285920144,benign,,0,synthetic macOS Endpoint Security-style fixture
evt-0096-2,2026-01-15 19:14:39+00:00,mac-009,user-48276,session-0096,2,backupd,mdworker,exec,/System/Applications,executes,1,1,0,0,0,0,0,0,4,1208,0.0,benign,,0,synthetic macOS Endpoint Security-style fixture
evt-0096-3,2026-01-15 19:15:01+00:00,mac-009,user-48276,session-0096,3,mdworker,mdworker,exec,/usr/bin/open,executes,1,1,0,0,0,0,0,0,2,697,0.047404239615718505,benign,,0,synthetic macOS Endpoint Security-style fixture
evt-0096-4,2026-01-15 19:15:18+00:00,mac-009,user-48276,session-0096,4,mdworker,Preview,auth,loginwindow,authenticates,1,1,0,0,0,0,0,0,1,2196,0.0,benign,,0,synthetic macOS Endpoint Security-style fixture
evt-0096-5,2026-01-15 19:15:39+00:00,mac-009,user-48276,session-0096,5,Preview,Finder,auth,loginwindow,authenticates,1,1,0,0,0,0,0,0,4,1384,0.08986866046022782,benign,,0,synthetic macOS Endpoint Security-style fixture
evt-0097-0,2026-01-15 19:21:04+00:00,mac-026,user-94679,session-0097,0,launchd,backupd,file_read,~/Pictures,reads,1,1,0,0,0,0,0,0,1,1040,0.024398964003019736,benign,,0,synthetic macOS Endpoint Security-style fixture
evt-0097-1,2026-01-15 19:21:21+00:00,mac-026,user-94679,session-0097,1,backupd,mdworker,exec,/usr/bin/open,executes,1,1,0,0,0,0,0,0,4,2425,0.0706290363774964,benign,,0,synthetic macOS Endpoint Security-style fixture
evt-0097-2,2026-01-15 19:21:40+00:00,mac-026,user-94679,session-0097,2,mdworker,Safari,file_write,~/Documents,writes,1,1,0,0,0,0,0,0,3,520,0.033312186952118544,benign,,0,synthetic macOS Endpoint Security-style fixture
evt-0097-3,2026-01-15 19:21:59+00:00,mac-026,user-94679,session-0097,3,Safari,mdworker,file_read,/System/Library,reads,1,1,0,0,0,0,0,0,5,2808,0.0,benign,,0,synthetic macOS Endpoint Security-style fixture
evt-0097-4,2026-01-15 19:22:17+00:00,mac-026,user-94679,session-0097,4,mdworker,backupd,file_write,~/Pictures,writes,1,1,0,0,0,0,0,0,5,460,0.05263740110520688,benign,,0,synthetic macOS Endpoint Security-style fixture
evt-0097-5,2026-01-15 19:22:38+00:00,mac-026,user-94679,session-0097,5,backupd,Finder,file_write,/System/Library,writes,1,1,0,0,0,0,0,0,6,416,0.06357389390274158,benign,,0,synthetic macOS Endpoint Security-style fixture
evt-0098-0,2026-01-15 19:29:04+00:00,mac-006,user-01308,session-0098,0,launchd,Mail,file_read,~/Pictures,reads,1,1,0,0,0,0,0,0,4,328,0.047883550444664455,benign,,0,synthetic macOS Endpoint Security-style fixture
evt-0098-1,2026-01-15 19:29:22+00:00,mac-006,user-01308,session-0098,1,Mail,WindowServer,exec,/usr/bin/open,executes,1,1,0,0,0,0,0,0,3,1614,0.03985581134543042,benign,,0,synthetic macOS Endpoint Security-style fixture
evt-0098-2,2026-01-15 19:29:41+00:00,mac-006,user-01308,session-0098,2,WindowServer,Notes,file_read,~/Pictures,reads,1,1,0,0,0,0,0,0,6,934,0.01824132455856417,benign,,0,synthetic macOS Endpoint Security-style fixture
evt-0098-3,2026-01-15 19:30:01+00:00,mac-006,user-01308,session-0098,3,Notes,softwareupdated,auth,loginwindow,authenticates,1,1,0,0,0,0,0,0,5,1713,0.03597191206359075,benign,,0,synthetic macOS Endpoint Security-style fixture
evt-0098-4,2026-01-15 19:30:20+00:00,mac-006,user-01308,session-0098,4,softwareupdated,Preview,file_write,/System/Library,writes,1,1,0,0,0,0,0,0,4,864,0.02804307154979513,benign,,0,synthetic macOS Endpoint Security-style fixture
evt-0098-5,2026-01-15 19:30:37+00:00,mac-006,user-01308,session-0098,5,Preview,Preview,file_write,/System/Library,writes,1,1,0,0,0,0,0,0,2,1823,0.0621672518851524,benign,,0,synthetic macOS Endpoint Security-style fixture
evt-0099-0,2026-01-15 19:34:02+00:00,mac-022,user-97295,session-0099,0,launchd,WindowServer,file_write,/System/Library,writes,1,1,0,0,0,0,0,0,4,498,0.021946943244285234,benign,,0,synthetic macOS Endpoint Security-style fixture
evt-0099-1,2026-01-15 19:34:19+00:00,mac-022,user-97295,session-0099,1,WindowServer,mdworker,file_write,~/Pictures,writes,1,1,0,0,0,0,0,0,4,1955,0.02078635525521473,benign,,0,synthetic macOS Endpoint Security-style fixture
evt-0099-2,2026-01-15 19:34:38+00:00,mac-022,user-97295,session-0099,2,mdworker,WindowServer,exec,/usr/bin/open,executes,1,1,0,0,0,0,0,0,3,727,0.009366732960435022,benign,,0,synthetic macOS Endpoint Security-style fixture
evt-0099-3,2026-01-15 19:35:00+00:00,mac-022,user-97295,session-0099,3,WindowServer,Notes,network_connect,calendar.example,connects,1,1,0,0,0,0,0,0,4,791,0.029917617176984365,benign,,0,synthetic macOS Endpoint Security-style fixture
evt-0099-4,2026-01-15 19:35:16+00:00,mac-022,user-97295,session-0099,4,Notes,WindowServer,file_read,~/Pictures,reads,1,1,0,0,0,0,0,0,3,575,0.06122164806588598,benign,,0,synthetic macOS Endpoint Security-style fixture
evt-0099-5,2026-01-15 19:35:37+00:00,mac-022,user-97295,session-0099,5,WindowServer,Safari,network_connect,calendar.example,connects,1,1,0,0,0,0,0,0,0,914,0.03906367287541751,benign,,0,synthetic macOS Endpoint Security-style fixture
evt-0100-0,2026-01-15 19:44:04+00:00,mac-002,user-29786,session-0100,0,launchd,mdworker,file_read,/System/Library,reads,1,1,0,0,0,0,0,0,8,418,0.03837095954648272,benign,,0,synthetic macOS Endpoint Security-style fixture
evt-0100-1,2026-01-15 19:44:22+00:00,mac-002,user-29786,session-0100,1,mdworker,Notes,network_connect,updates.example,connects,1,1,0,0,0,0,0,0,3,966,0.05401320688182111,benign,,0,synthetic macOS Endpoint Security-style fixture
evt-0100-2,2026-01-15 19:44:42+00:00,mac-002,user-29786,session-0100,2,Notes,Safari,network_connect,icloud.example,connects,1,1,0,0,0,0,0,0,5,8033,0.05118551778005947,benign,,0,synthetic macOS Endpoint Security-style fixture
evt-0100-3,2026-01-15 19:44:57+00:00,mac-002,user-29786,session-0100,3,Safari,mdworker,exec,/System/Library/CoreServices,executes,1,1,0,0,0,0,0,0,2,992,0.04489830161109923,benign,,0,synthetic macOS Endpoint Security-style fixture
evt-0100-4,2026-01-15 19:45:19+00:00,mac-002,user-29786,session-0100,4,mdworker,Calendar,auth,loginwindow,authenticates,1,1,0,0,0,0,0,0,4,750,0.018855680131852643,benign,,0,synthetic macOS Endpoint Security-style fixture
evt-0100-5,2026-01-15 19:45:39+00:00,mac-002,user-29786,session-0100,5,Calendar,Safari,exec,/usr/bin/open,executes,1,1,0,0,0,0,0,0,2,1244,0.02589216905596895,benign,,0,synthetic macOS Endpoint Security-style fixture
evt-0101-0,2026-01-15 19:50:04+00:00,mac-010,user-21849,session-0101,0,launchd,backupd,network_connect,mail.example,connects,1,1,0,0,0,0,0,0,4,943,0.022094522122218383,benign,,0,synthetic macOS Endpoint Security-style fixture
evt-0101-1,2026-01-15 19:50:21+00:00,mac-010,user-21849,session-0101,1,backupd,softwareupdated,exec,/System/Library/CoreServices,executes,1,1,0,0,0,0,0,0,10,630,0.022923109819774717,benign,,0,synthetic macOS Endpoint Security-style fixture
evt-0101-2,2026-01-15 19:50:38+00:00,mac-010,user-21849,session-0101,2,softwareupdated,WindowServer,auth,loginwindow,authenticates,1,1,0,0,0,0,0,0,1,1010,0.04078935305703458,benign,,0,synthetic macOS Endpoint Security-style fixture
evt-0101-3,2026-01-15 19:50:57+00:00,mac-010,user-21849,session-0101,3,WindowServer,Finder,file_write,~/Documents,writes,1,1,0,0,0,0,0,0,2,2930,0.0500578847839154,benign,,0,synthetic macOS Endpoint Security-style fixture
evt-0101-4,2026-01-15 19:51:19+00:00,mac-010,user-21849,session-0101,4,Finder,Notes,auth,loginwindow,authenticates,1,1,0,0,0,0,0,0,4,119,0.06344997362633534,benign,,0,synthetic macOS Endpoint Security-style fixture
evt-0101-5,2026-01-15 19:51:36+00:00,mac-010,user-21849,session-0101,5,Notes,Safari,exec,/System/Library/CoreServices,executes,1,1,0,0,0,0,0,0,2,1750,0.02970809719152346,benign,,0,synthetic macOS Endpoint Security-style fixture
evt-0102-0,2026-01-15 19:54:04+00:00,mac-022,user-54905,session-0102,0,launchd,Notes,auth,loginwindow,authenticates,1,1,0,0,0,0,0,0,8,707,0.0356869503504004,benign,,0,synthetic macOS Endpoint Security-style fixture
evt-0102-1,2026-01-15 19:54:20+00:00,mac-022,user-54905,session-0102,1,Notes,Safari,network_connect,icloud.example,connects,1,1,0,0,0,0,0,0,7,1413,0.03534572343339704,benign,,0,synthetic macOS Endpoint Security-style fixture
evt-0102-2,2026-01-15 19:54:42+00:00,mac-022,user-54905,session-0102,2,Safari,softwareupdated,network_connect,mail.example,connects,1,1,0,0,0,0,0,0,3,730,0.0,benign,,0,synthetic macOS Endpoint Security-style fixture
evt-0102-3,2026-01-15 19:54:59+00:00,mac-022,user-54905,session-0102,3,softwareupdated,Calendar,network_connect,calendar.example,connects,1,1,0,0,0,0,0,0,3,544,0.015157877003933378,benign,,0,synthetic macOS Endpoint Security-style fixture
evt-0102-4,2026-01-15 19:55:17+00:00,mac-022,user-54905,session-0102,4,Calendar,softwareupdated,exec,/usr/bin/open,executes,1,1,0,0,0,0,0,0,3,884,0.0759314770109019,benign,,0,synthetic macOS Endpoint Security-style fixture
evt-0102-5,2026-01-15 19:55:36+00:00,mac-022,user-54905,session-0102,5,softwareupdated,backupd,file_read,~/Library/Preferences,reads,1,1,0,0,0,0,0,0,4,2739,0.05497085431640173,benign,,0,synthetic macOS Endpoint Security-style fixture
evt-0103-0,2026-01-15 20:02:04+00:00,mac-012,user-40993,session-0103,0,launchd,mdworker,file_write,~/Library/Preferences,writes,1,1,0,0,0,0,0,0,4,1489,0.10425804952361498,benign,,0,synthetic macOS Endpoint Security-style fixture
evt-0103-1,2026-01-15 20:02:20+00:00,mac-012,user-40993,session-0103,1,mdworker,backupd,exec,/System/Library/CoreServices,executes,1,1,0,0,0,0,0,0,3,2075,0.04041876772679356,benign,,0,synthetic macOS Endpoint Security-style fixture
evt-0103-2,2026-01-15 20:02:40+00:00,mac-012,user-40993,session-0103,2,backupd,Calendar,exec,/usr/bin/open,executes,1,1,0,0,0,0,0,0,6,3283,0.04105953071740314,benign,,0,synthetic macOS Endpoint Security-style fixture
evt-0103-3,2026-01-15 20:02:57+00:00,mac-012,user-40993,session-0103,3,Calendar,Mail,exec,/usr/bin/open,executes,1,1,0,0,0,0,0,0,3,2713,0.05458812729583355,benign,,0,synthetic macOS Endpoint Security-style fixture
evt-0103-4,2026-01-15 20:03:19+00:00,mac-012,user-40993,session-0103,4,Mail,Mail,exec,/System/Applications,executes,1,1,0,0,0,0,0,0,3,988,0.049703423082704486,benign,,0,synthetic macOS Endpoint Security-style fixture
evt-0103-5,2026-01-15 20:03:39+00:00,mac-012,user-40993,session-0103,5,Mail,backupd,exec,/System/Applications,executes,1,1,0,0,0,0,0,0,3,1418,0.0,benign,,0,synthetic macOS Endpoint Security-style fixture
evt-0104-0,2026-01-15 20:10:04+00:00,mac-005,user-11861,session-0104,0,launchd,Preview,exec,/System/Applications,executes,1,1,0,0,0,0,0,0,1,742,0.0812997959360835,benign,,0,synthetic macOS Endpoint Security-style fixture
evt-0104-1,2026-01-15 20:10:22+00:00,mac-005,user-11861,session-0104,1,Preview,Mail,file_write,~/Pictures,writes,1,1,0,0,0,0,0,0,4,1413,0.04291900219681416,benign,,0,synthetic macOS Endpoint Security-style fixture
evt-0104-2,2026-01-15 20:10:41+00:00,mac-005,user-11861,session-0104,2,Mail,Mail,file_write,/System/Library,writes,1,1,0,0,0,0,0,0,4,4515,0.05339982012313061,benign,,0,synthetic macOS Endpoint Security-style fixture
evt-0104-3,2026-01-15 20:10:58+00:00,mac-005,user-11861,session-0104,3,Mail,Notes,exec,/usr/bin/open,executes,1,1,0,0,0,0,0,0,5,1500,0.0968164747723333,benign,,0,synthetic macOS Endpoint Security-style fixture
evt-0104-4,2026-01-15 20:11:17+00:00,mac-005,user-11861,session-0104,4,Notes,Preview,exec,/usr/bin/open,executes,1,1,0,0,0,0,0,0,6,972,0.025940790426920227,benign,,0,synthetic macOS Endpoint Security-style fixture
evt-0104-5,2026-01-15 20:11:39+00:00,mac-005,user-11861,session-0104,5,Preview,Preview,file_read,/System/Library,reads,1,1,0,0,0,0,0,0,4,1363,0.033274237893483494,benign,,0,synthetic macOS Endpoint Security-style fixture
evt-0105-0,2026-01-15 20:15:00+00:00,mac-017,user-93371,session-0105,0,launchd,Calendar,file_read,/System/Library,reads,1,1,0,0,0,0,0,0,0,931,0.0,benign,,0,synthetic macOS Endpoint Security-style fixture
evt-0105-1,2026-01-15 20:15:20+00:00,mac-017,user-93371,session-0105,1,Calendar,Notes,network_connect,icloud.example,connects,1,1,0,0,0,0,0,0,5,953,0.0,benign,,0,synthetic macOS Endpoint Security-style fixture
evt-0105-2,2026-01-15 20:15:41+00:00,mac-017,user-93371,session-0105,2,Notes,Safari,exec,/System/Library/CoreServices,executes,1,1,0,0,0,0,0,0,4,1609,0.0759768770871555,benign,,0,synthetic macOS Endpoint Security-style fixture
evt-0105-3,2026-01-15 20:15:58+00:00,mac-017,user-93371,session-0105,3,Safari,Notes,file_write,/System/Library,writes,1,1,0,0,0,0,0,0,1,2458,0.06682523214904142,benign,,0,synthetic macOS Endpoint Security-style fixture
evt-0105-4,2026-01-15 20:16:18+00:00,mac-017,user-93371,session-0105,4,Notes,mdworker,network_connect,icloud.example,connects,1,1,0,0,0,0,0,0,9,754,0.052065887486394395,benign,,0,synthetic macOS Endpoint Security-style fixture
evt-0105-5,2026-01-15 20:16:38+00:00,mac-017,user-93371,session-0105,5,mdworker,Finder,file_read,/System/Library,reads,1,1,0,0,0,0,0,0,5,1116,0.00801524780196259,benign,,0,synthetic macOS Endpoint Security-style fixture
evt-0106-0,2026-01-15 20:26:00+00:00,mac-022,user-86088,session-0106,0,launchd,Mail,file_write,~/Downloads/invoice.pdf,writes,1,1,0,0,0,0,0,0,9,5323,0.06242986045082654,ransomware_burst,T1566,1,synthetic macOS Endpoint Security-style fixture
evt-0106-1,2026-01-15 20:26:20+00:00,mac-022,user-86088,session-0106,1,Mail,Preview,exec,invoice.pdf,executes,1,1,0,0,0,0,0,0,3,896,0.06967228361497702,ransomware_burst,T1204,1,synthetic macOS Endpoint Security-style fixture
evt-0106-2,2026-01-15 20:26:42+00:00,mac-022,user-86088,session-0106,2,Preview,sh,exec,/bin/sh,executes,0,0,0,0,0,0,0,0,4,1142,0.2518027234342197,ransomware_burst,T1059,1,synthetic macOS Endpoint Security-style fixture
evt-0106-3,2026-01-15 20:26:58+00:00,mac-022,user-86088,session-0106,3,sh,encryptor,file_write,~/Documents,writes,0,0,0,0,0,0,0,0,122,1143,0.2383655584898373,ransomware_burst,T1486,1,synthetic macOS Endpoint Security-style fixture
evt-0106-4,2026-01-15 20:27:16+00:00,mac-022,user-86088,session-0106,4,encryptor,encryptor,file_write,~/Pictures,writes,0,0,0,0,0,0,0,0,125,969,0.27320046699236306,ransomware_burst,T1486,1,synthetic macOS Endpoint Security-style fixture
evt-0106-5,2026-01-15 20:27:36+00:00,mac-022,user-86088,session-0106,5,encryptor,encryptor,file_write,~/Desktop,writes,0,0,0,0,0,0,0,0,169,9589,0.22989082628664892,ransomware_burst,T1486,1,synthetic macOS Endpoint Security-style fixture
evt-0107-0,2026-01-15 20:29:04+00:00,mac-024,user-01308,session-0107,0,launchd,Mail,exec,/usr/bin/open,executes,1,1,0,0,0,0,0,0,1,1674,0.022697846084290763,benign,,0,synthetic macOS Endpoint Security-style fixture
evt-0107-1,2026-01-15 20:29:22+00:00,mac-024,user-01308,session-0107,1,Mail,Safari,file_write,/System/Library,writes,1,1,0,0,0,0,0,0,3,1334,0.05527653000184858,benign,,0,synthetic macOS Endpoint Security-style fixture
evt-0107-2,2026-01-15 20:29:42+00:00,mac-024,user-01308,session-0107,2,Safari,Finder,exec,/System/Library/CoreServices,executes,1,1,0,0,0,0,0,0,4,2537,0.12020402284791237,benign,,0,synthetic macOS Endpoint Security-style fixture
evt-0107-3,2026-01-15 20:30:00+00:00,mac-024,user-01308,session-0107,3,Finder,Safari,auth,loginwindow,authenticates,1,1,0,0,0,0,0,0,2,929,0.04324455806154608,benign,,0,synthetic macOS Endpoint Security-style fixture
evt-0107-4,2026-01-15 20:30:18+00:00,mac-024,user-01308,session-0107,4,Safari,Preview,exec,/usr/bin/open,executes,1,1,0,0,0,0,0,0,6,2913,0.020046357380339126,benign,,0,synthetic macOS Endpoint Security-style fixture
evt-0107-5,2026-01-15 20:30:39+00:00,mac-024,user-01308,session-0107,5,Preview,Notes,file_read,~/Documents,reads,1,1,0,0,0,0,0,0,3,3114,0.04009263376993686,benign,,0,synthetic macOS Endpoint Security-style fixture
evt-0108-0,2026-01-15 20:38:01+00:00,mac-007,user-50327,session-0108,0,launchd,Notes,network_connect,icloud.example,connects,1,1,0,0,0,0,0,0,2,1032,0.05761029171390246,benign,,0,synthetic macOS Endpoint Security-style fixture
evt-0108-1,2026-01-15 20:38:23+00:00,mac-007,user-50327,session-0108,1,Notes,Finder,file_read,~/Documents,reads,1,1,0,0,0,0,0,0,4,2293,0.046075439033704826,benign,,0,synthetic macOS Endpoint Security-style fixture
evt-0108-2,2026-01-15 20:38:38+00:00,mac-007,user-50327,session-0108,2,Finder,Safari,file_read,/System/Library,reads,1,1,0,0,0,0,0,0,1,1290,0.005430959847679349,benign,,0,synthetic macOS Endpoint Security-style fixture
evt-0108-3,2026-01-15 20:38:59+00:00,mac-007,user-50327,session-0108,3,Safari,mdworker,network_connect,calendar.example,connects,1,1,0,0,0,0,0,0,6,1523,0.0,benign,,0,synthetic macOS Endpoint Security-style fixture
evt-0108-4,2026-01-15 20:39:16+00:00,mac-007,user-50327,session-0108,4,mdworker,Calendar,exec,/System/Applications,executes,1,1,0,0,0,0,0,0,8,386,0.0553396379002844,benign,,0,synthetic macOS Endpoint Security-style fixture
evt-0108-5,2026-01-15 20:39:35+00:00,mac-007,user-50327,session-0108,5,Calendar,mdworker,file_read,~/Pictures,reads,1,1,0,0,0,0,0,0,5,3470,0.04974516801346306,benign,,0,synthetic macOS Endpoint Security-style fixture
evt-0109-0,2026-01-15 20:45:01+00:00,mac-002,user-84037,session-0109,0,launchd,Notes,file_write,~/Pictures,writes,1,1,0,0,0,0,0,0,4,373,0.05941413879278939,benign,,0,synthetic macOS Endpoint Security-style fixture
evt-0109-1,2026-01-15 20:45:21+00:00,mac-002,user-84037,session-0109,1,Notes,Safari,exec,/usr/bin/open,executes,1,1,0,0,0,0,0,0,2,795,0.010073641114419087,benign,,0,synthetic macOS Endpoint Security-style fixture
evt-0109-2,2026-01-15 20:45:38+00:00,mac-002,user-84037,session-0109,2,Safari,WindowServer,file_write,~/Pictures,writes,1,1,0,0,0,0,0,0,3,472,0.03415298722705162,benign,,0,synthetic macOS Endpoint Security-style fixture
evt-0109-3,2026-01-15 20:46:01+00:00,mac-002,user-84037,session-0109,3,WindowServer,Mail,exec,/System/Applications,executes,1,1,0,0,0,0,0,0,2,1634,0.08107120422132957,benign,,0,synthetic macOS Endpoint Security-style fixture
evt-0109-4,2026-01-15 20:46:18+00:00,mac-002,user-84037,session-0109,4,Mail,Mail,file_write,~/Documents,writes,1,1,0,0,0,0,0,0,4,2072,0.04725125229159388,benign,,0,synthetic macOS Endpoint Security-style fixture
evt-0109-5,2026-01-15 20:46:37+00:00,mac-002,user-84037,session-0109,5,Mail,Preview,exec,/System/Library/CoreServices,executes,1,1,0,0,0,0,0,0,6,464,0.005687144570640068,benign,,0,synthetic macOS Endpoint Security-style fixture
evt-0110-0,2026-01-15 20:54:02+00:00,mac-019,user-23811,session-0110,0,launchd,mdworker,network_connect,updates.example,connects,1,1,0,0,0,0,0,0,2,724,0.05161124893738552,benign,,0,synthetic macOS Endpoint Security-style fixture
evt-0110-1,2026-01-15 20:54:19+00:00,mac-019,user-23811,session-0110,1,mdworker,Preview,auth,loginwindow,authenticates,1,1,0,0,0,0,0,0,5,4419,0.047685269162350594,benign,,0,synthetic macOS Endpoint Security-style fixture
evt-0110-2,2026-01-15 20:54:41+00:00,mac-019,user-23811,session-0110,2,Preview,Preview,file_write,~/Pictures,writes,1,1,0,0,0,0,0,0,2,881,0.03464388641572724,benign,,0,synthetic macOS Endpoint Security-style fixture
evt-0110-3,2026-01-15 20:54:59+00:00,mac-019,user-23811,session-0110,3,Preview,Finder,network_connect,calendar.example,connects,1,1,0,0,0,0,0,0,3,773,0.08996164686864827,benign,,0,synthetic macOS Endpoint Security-style fixture
evt-0110-4,2026-01-15 20:55:19+00:00,mac-019,user-23811,session-0110,4,Finder,Finder,file_write,~/Documents,writes,1,1,0,0,0,0,0,0,1,343,0.05954350570119543,benign,,0,synthetic macOS Endpoint Security-style fixture
evt-0110-5,2026-01-15 20:55:35+00:00,mac-019,user-23811,session-0110,5,Finder,mdworker,network_connect,updates.example,connects,1,1,0,0,0,0,0,0,3,338,0.05840140334345936,benign,,0,synthetic macOS Endpoint Security-style fixture
evt-0111-0,2026-01-15 20:58:04+00:00,mac-024,user-81421,session-0111,0,launchd,WindowServer,file_read,~/Library/Preferences,reads,1,1,0,0,0,0,0,0,8,210,0.0721773064986728,benign,,0,synthetic macOS Endpoint Security-style fixture
evt-0111-1,2026-01-15 20:58:19+00:00,mac-024,user-81421,session-0111,1,WindowServer,WindowServer,file_write,~/Library/Preferences,writes,1,1,0,0,0,0,0,0,2,931,0.08408730776399356,benign,,0,synthetic macOS Endpoint Security-style fixture
evt-0111-2,2026-01-15 20:58:38+00:00,mac-024,user-81421,session-0111,2,WindowServer,Notes,network_connect,mail.example,connects,1,1,0,0,0,0,0,0,6,1698,0.05674558552291095,benign,,0,synthetic macOS Endpoint Security-style fixture
evt-0111-3,2026-01-15 20:58:58+00:00,mac-024,user-81421,session-0111,3,Notes,WindowServer,file_read,~/Documents,reads,1,1,0,0,0,0,0,0,3,419,0.08277753900907175,benign,,0,synthetic macOS Endpoint Security-style fixture
evt-0111-4,2026-01-15 20:59:18+00:00,mac-024,user-81421,session-0111,4,WindowServer,Calendar,exec,/usr/bin/open,executes,1,1,0,0,0,0,0,0,6,808,0.06524214346297055,benign,,0,synthetic macOS Endpoint Security-style fixture
evt-0111-5,2026-01-15 20:59:39+00:00,mac-024,user-81421,session-0111,5,Calendar,Preview,auth,loginwindow,authenticates,1,1,0,0,0,0,0,0,7,919,0.028606874728987236,benign,,0,synthetic macOS Endpoint Security-style fixture
evt-0112-0,2026-01-15 21:05:02+00:00,mac-004,user-90012,session-0112,0,launchd,Calendar,file_read,~/Pictures,reads,1,1,0,0,0,0,0,0,5,939,0.038424874604080575,benign,,0,synthetic macOS Endpoint Security-style fixture
evt-0112-1,2026-01-15 21:05:23+00:00,mac-004,user-90012,session-0112,1,Calendar,WindowServer,file_read,~/Pictures,reads,1,1,0,0,0,0,0,0,5,2894,0.06484711508694811,benign,,0,synthetic macOS Endpoint Security-style fixture
evt-0112-2,2026-01-15 21:05:39+00:00,mac-004,user-90012,session-0112,2,WindowServer,Mail,exec,/usr/bin/open,executes,1,1,0,0,0,0,0,0,7,1117,0.03255229214286724,benign,,0,synthetic macOS Endpoint Security-style fixture
evt-0112-3,2026-01-15 21:05:57+00:00,mac-004,user-90012,session-0112,3,Mail,Safari,auth,loginwindow,authenticates,1,1,0,0,0,0,0,0,2,2190,0.037503865653214084,benign,,0,synthetic macOS Endpoint Security-style fixture
evt-0112-4,2026-01-15 21:06:16+00:00,mac-004,user-90012,session-0112,4,Safari,Notes,network_connect,calendar.example,connects,1,1,0,0,0,0,0,0,4,2720,0.03917184851594975,benign,,0,synthetic macOS Endpoint Security-style fixture
evt-0112-5,2026-01-15 21:06:38+00:00,mac-004,user-90012,session-0112,5,Notes,Preview,exec,/System/Applications,executes,1,1,0,0,0,0,0,0,4,885,0.05795869903327093,benign,,0,synthetic macOS Endpoint Security-style fixture
evt-0113-0,2026-01-15 21:13:02+00:00,mac-015,user-76754,session-0113,0,launchd,Preview,exec,/System/Applications,executes,1,1,0,0,0,0,0,0,5,847,0.02378954687578985,benign,,0,synthetic macOS Endpoint Security-style fixture
evt-0113-1,2026-01-15 21:13:21+00:00,mac-015,user-76754,session-0113,1,Preview,WindowServer,exec,/System/Applications,executes,1,1,0,0,0,0,0,0,3,1478,0.0,benign,,0,synthetic macOS Endpoint Security-style fixture
evt-0113-2,2026-01-15 21:13:39+00:00,mac-015,user-76754,session-0113,2,WindowServer,WindowServer,file_write,/System/Library,writes,1,1,0,0,0,0,0,0,8,1373,0.007982818716473328,benign,,0,synthetic macOS Endpoint Security-style fixture
evt-0113-3,2026-01-15 21:14:00+00:00,mac-015,user-76754,session-0113,3,WindowServer,Preview,network_connect,updates.example,connects,1,1,0,0,0,0,0,0,4,701,0.011369300727831929,benign,,0,synthetic macOS Endpoint Security-style fixture
evt-0113-4,2026-01-15 21:14:18+00:00,mac-015,user-76754,session-0113,4,Preview,Calendar,network_connect,mail.example,connects,1,1,0,0,0,0,0,0,5,2422,0.0924377653511142,benign,,0,synthetic macOS Endpoint Security-style fixture
evt-0113-5,2026-01-15 21:14:37+00:00,mac-015,user-76754,session-0113,5,Calendar,softwareupdated,file_read,~/Pictures,reads,1,1,0,0,0,0,0,0,4,1390,0.05375657677350332,benign,,0,synthetic macOS Endpoint Security-style fixture
evt-0114-0,2026-01-15 21:19:03+00:00,mac-008,user-23811,session-0114,0,launchd,Terminal,exec,/bin/zsh,executes,1,1,0,0,0,0,0,0,8,8532,0.03696003524133644,benign,,0,synthetic macOS Endpoint Security-style fixture
evt-0114-1,2026-01-15 21:19:22+00:00,mac-008,user-23811,session-0114,1,Terminal,zsh,exec,/usr/local/bin/brew,executes,0,0,0,0,0,0,0,0,3,898,0.21540687779763612,benign,,0,synthetic macOS Endpoint Security-style fixture
evt-0114-2,2026-01-15 21:19:41+00:00,mac-008,user-23811,session-0114,2,zsh,brew,network_connect,packages.example,connects,0,0,0,0,0,0,0,0,7,1804,0.23988755451143973,benign,,0,synthetic macOS Endpoint Security-style fixture
evt-0114-3,2026-01-15 21:19:57+00:00,mac-008,user-23811,session-0114,3,brew,softwareupdated,file_write,/Library/Updates,writes,1,1,0,0,0,1,0,0,64,1104,0.34957532876129205,benign,,0,synthetic macOS Endpoint Security-style fixture
evt-0114-4,2026-01-15 21:20:18+00:00,mac-008,user-23811,session-0114,4,softwareupdated,security,file_read,login.keychain-db,reads,1,1,0,0,0,0,1,0,5,2744,0.23898440732089637,benign,,0,synthetic macOS Endpoint Security-style fixture
evt-0114-5,2026-01-15 21:20:36+00:00,mac-008,user-23811,session-0114,5,security,backupd,network_connect,backup.example,connects,1,1,0,0,0,0,0,1,3,20295,0.22691383393799616,benign,,0,synthetic macOS Endpoint Security-style fixture
evt-0115-0,2026-01-15 21:29:04+00:00,mac-009,user-23811,session-0115,0,launchd,Notes,exec,/System/Library/CoreServices,executes,1,1,0,0,0,0,0,0,2,764,0.043157028430939236,benign,,0,synthetic macOS Endpoint Security-style fixture
evt-0115-1,2026-01-15 21:29:20+00:00,mac-009,user-23811,session-0115,1,Notes,softwareupdated,network_connect,icloud.example,connects,1,1,0,0,0,0,0,0,4,1962,0.010722750357414837,benign,,0,synthetic macOS Endpoint Security-style fixture
evt-0115-2,2026-01-15 21:29:40+00:00,mac-009,user-23811,session-0115,2,softwareupdated,WindowServer,network_connect,updates.example,connects,1,1,0,0,0,0,0,0,2,1536,0.038242951949641245,benign,,0,synthetic macOS Endpoint Security-style fixture
evt-0115-3,2026-01-15 21:30:01+00:00,mac-009,user-23811,session-0115,3,WindowServer,backupd,exec,/usr/bin/open,executes,1,1,0,0,0,0,0,0,3,481,0.05804154899523725,benign,,0,synthetic macOS Endpoint Security-style fixture
evt-0115-4,2026-01-15 21:30:18+00:00,mac-009,user-23811,session-0115,4,backupd,WindowServer,file_write,/System/Library,writes,1,1,0,0,0,0,0,0,7,4476,0.041823122292928325,benign,,0,synthetic macOS Endpoint Security-style fixture
evt-0115-5,2026-01-15 21:30:39+00:00,mac-009,user-23811,session-0115,5,WindowServer,WindowServer,auth,loginwindow,authenticates,1,1,0,0,0,0,0,0,5,1065,0.05602235396355308,benign,,0,synthetic macOS Endpoint Security-style fixture
evt-0116-0,2026-01-15 21:34:02+00:00,mac-026,user-30440,session-0116,0,launchd,mdworker,network_connect,updates.example,connects,1,1,0,0,0,0,0,0,5,531,0.04492758127178006,benign,,0,synthetic macOS Endpoint Security-style fixture
evt-0116-1,2026-01-15 21:34:20+00:00,mac-026,user-30440,session-0116,1,mdworker,Finder,exec,/System/Library/CoreServices,executes,1,1,0,0,0,0,0,0,2,2052,0.07548658682037385,benign,,0,synthetic macOS Endpoint Security-style fixture
evt-0116-2,2026-01-15 21:34:39+00:00,mac-026,user-30440,session-0116,2,Finder,Preview,exec,/System/Applications,executes,1,1,0,0,0,0,0,0,3,4013,0.03979560482691693,benign,,0,synthetic macOS Endpoint Security-style fixture
evt-0116-3,2026-01-15 21:34:58+00:00,mac-026,user-30440,session-0116,3,Preview,Calendar,network_connect,mail.example,connects,1,1,0,0,0,0,0,0,3,644,0.04322605821468088,benign,,0,synthetic macOS Endpoint Security-style fixture
evt-0116-4,2026-01-15 21:35:17+00:00,mac-026,user-30440,session-0116,4,Calendar,Mail,file_write,~/Pictures,writes,1,1,0,0,0,0,0,0,4,1167,0.009106350535851206,benign,,0,synthetic macOS Endpoint Security-style fixture
evt-0116-5,2026-01-15 21:35:35+00:00,mac-026,user-30440,session-0116,5,Mail,softwareupdated,file_read,~/Library/Preferences,reads,1,1,0,0,0,0,0,0,3,491,0.0,benign,,0,synthetic macOS Endpoint Security-style fixture
evt-0117-0,2026-01-15 21:42:00+00:00,mac-023,user-66201,session-0117,0,launchd,mdworker,exec,/System/Applications,executes,1,1,0,0,0,0,0,0,2,834,0.08309734570309654,benign,,0,synthetic macOS Endpoint Security-style fixture
evt-0117-1,2026-01-15 21:42:23+00:00,mac-023,user-66201,session-0117,1,mdworker,mdworker,file_write,/System/Library,writes,1,1,0,0,0,0,0,0,6,1059,0.04295024382822809,benign,,0,synthetic macOS Endpoint Security-style fixture
evt-0117-2,2026-01-15 21:42:41+00:00,mac-023,user-66201,session-0117,2,mdworker,backupd,file_read,/System/Library,reads,1,1,0,0,0,0,0,0,5,1249,0.0643435073357833,benign,,0,synthetic macOS Endpoint Security-style fixture
evt-0117-3,2026-01-15 21:42:57+00:00,mac-023,user-66201,session-0117,3,backupd,mdworker,exec,/System/Library/CoreServices,executes,1,1,0,0,0,0,0,0,2,632,0.05033683232763761,benign,,0,synthetic macOS Endpoint Security-style fixture
evt-0117-4,2026-01-15 21:43:20+00:00,mac-023,user-66201,session-0117,4,mdworker,backupd,file_write,~/Documents,writes,1,1,0,0,0,0,0,0,5,2585,0.055209904786478074,benign,,0,synthetic macOS Endpoint Security-style fixture
evt-0117-5,2026-01-15 21:43:39+00:00,mac-023,user-66201,session-0117,5,backupd,Safari,network_connect,mail.example,connects,1,1,0,0,0,0,0,0,3,869,0.032355238358706725,benign,,0,synthetic macOS Endpoint Security-style fixture
evt-0118-0,2026-01-15 21:49:03+00:00,mac-008,user-87396,session-0118,0,launchd,Calendar,exec,/System/Library/CoreServices,executes,1,1,0,0,0,0,0,0,4,1844,0.05698506061816505,benign,,0,synthetic macOS Endpoint Security-style fixture
evt-0118-1,2026-01-15 21:49:22+00:00,mac-008,user-87396,session-0118,1,Calendar,backupd,file_read,~/Documents,reads,1,1,0,0,0,0,0,0,7,647,0.04161172315256681,benign,,0,synthetic macOS Endpoint Security-style fixture
evt-0118-2,2026-01-15 21:49:41+00:00,mac-008,user-87396,session-0118,2,backupd,Notes,file_read,~/Library/Preferences,reads,1,1,0,0,0,0,0,0,1,1090,0.0,benign,,0,synthetic macOS Endpoint Security-style fixture
evt-0118-3,2026-01-15 21:50:01+00:00,mac-008,user-87396,session-0118,3,Notes,backupd,file_write,~/Pictures,writes,1,1,0,0,0,0,0,0,3,405,0.02237021977676685,benign,,0,synthetic macOS Endpoint Security-style fixture
evt-0118-4,2026-01-15 21:50:17+00:00,mac-008,user-87396,session-0118,4,backupd,Notes,file_write,~/Library/Preferences,writes,1,1,0,0,0,0,0,0,2,1751,0.0,benign,,0,synthetic macOS Endpoint Security-style fixture
evt-0118-5,2026-01-15 21:50:37+00:00,mac-008,user-87396,session-0118,5,Notes,mdworker,file_write,~/Pictures,writes,1,1,0,0,0,0,0,0,1,1529,0.0364570476114042,benign,,0,synthetic macOS Endpoint Security-style fixture
evt-0119-0,2026-01-15 21:55:03+00:00,mac-018,user-33710,session-0119,0,launchd,Calendar,exec,/usr/bin/open,executes,1,1,0,0,0,0,0,0,3,2897,0.02473481509250925,benign,,0,synthetic macOS Endpoint Security-style fixture
evt-0119-1,2026-01-15 21:55:19+00:00,mac-018,user-33710,session-0119,1,Calendar,WindowServer,file_read,/System/Library,reads,1,1,0,0,0,0,0,0,6,1950,0.006392321911859247,benign,,0,synthetic macOS Endpoint Security-style fixture
evt-0119-2,2026-01-15 21:55:39+00:00,mac-018,user-33710,session-0119,2,WindowServer,Preview,file_read,~/Pictures,reads,1,1,0,0,0,0,0,0,5,1747,0.04203825698078723,benign,,0,synthetic macOS Endpoint Security-style fixture
evt-0119-3,2026-01-15 21:56:01+00:00,mac-018,user-33710,session-0119,3,Preview,Finder,file_read,/System/Library,reads,1,1,0,0,0,0,0,0,7,1648,0.03373202718194311,benign,,0,synthetic macOS Endpoint Security-style fixture
evt-0119-4,2026-01-15 21:56:16+00:00,mac-018,user-33710,session-0119,4,Finder,Safari,file_write,~/Pictures,writes,1,1,0,0,0,0,0,0,6,1995,0.05753913679851171,benign,,0,synthetic macOS Endpoint Security-style fixture
evt-0119-5,2026-01-15 21:56:38+00:00,mac-018,user-33710,session-0119,5,Safari,backupd,exec,/System/Library/CoreServices,executes,1,1,0,0,0,0,0,0,2,1114,0.020342846958687932,benign,,0,synthetic macOS Endpoint Security-style fixture
evt-0120-0,2026-01-15 22:00:00+00:00,mac-020,user-39031,session-0120,0,launchd,Safari,auth,loginwindow,authenticates,1,1,0,0,0,0,0,0,3,3294,0.029923153474846392,benign,,0,synthetic macOS Endpoint Security-style fixture
evt-0120-1,2026-01-15 22:00:20+00:00,mac-020,user-39031,session-0120,1,Safari,softwareupdated,network_connect,icloud.example,connects,1,1,0,0,0,0,0,0,6,784,0.060293977461983964,benign,,0,synthetic macOS Endpoint Security-style fixture
evt-0120-2,2026-01-15 22:00:40+00:00,mac-020,user-39031,session-0120,2,softwareupdated,mdworker,auth,loginwindow,authenticates,1,1,0,0,0,0,0,0,6,7691,0.030055114854360684,benign,,0,synthetic macOS Endpoint Security-style fixture
evt-0120-3,2026-01-15 22:00:57+00:00,mac-020,user-39031,session-0120,3,mdworker,Mail,auth,loginwindow,authenticates,1,1,0,0,0,0,0,0,4,276,0.060483523004361016,benign,,0,synthetic macOS Endpoint Security-style fixture
evt-0120-4,2026-01-15 22:01:16+00:00,mac-020,user-39031,session-0120,4,Mail,Notes,exec,/System/Applications,executes,1,1,0,0,0,0,0,0,2,1806,0.027545189414140747,benign,,0,synthetic macOS Endpoint Security-style fixture
evt-0120-5,2026-01-15 22:01:36+00:00,mac-020,user-39031,session-0120,5,Notes,Notes,file_write,~/Library/Preferences,writes,1,1,0,0,0,0,0,0,2,585,0.0833755749943469,benign,,0,synthetic macOS Endpoint Security-style fixture
evt-0121-0,2026-01-15 22:08:04+00:00,mac-014,user-36415,session-0121,0,launchd,Safari,file_write,~/Documents,writes,1,1,0,0,0,0,0,0,1,2082,0.07749566993072027,benign,,0,synthetic macOS Endpoint Security-style fixture
evt-0121-1,2026-01-15 22:08:20+00:00,mac-014,user-36415,session-0121,1,Safari,Finder,file_write,~/Library/Preferences,writes,1,1,0,0,0,0,0,0,8,686,0.005078177267930348,benign,,0,synthetic macOS Endpoint Security-style fixture
evt-0121-2,2026-01-15 22:08:40+00:00,mac-014,user-36415,session-0121,2,Finder,Mail,exec,/System/Applications,executes,1,1,0,0,0,0,0,0,1,4745,0.0,benign,,0,synthetic macOS Endpoint Security-style fixture
evt-0121-3,2026-01-15 22:09:00+00:00,mac-014,user-36415,session-0121,3,Mail,Notes,file_write,/System/Library,writes,1,1,0,0,0,0,0,0,8,588,0.07700574672428268,benign,,0,synthetic macOS Endpoint Security-style fixture
evt-0121-4,2026-01-15 22:09:17+00:00,mac-014,user-36415,session-0121,4,Notes,Finder,network_connect,calendar.example,connects,1,1,0,0,0,0,0,0,6,977,0.02004163053152933,benign,,0,synthetic macOS Endpoint Security-style fixture
evt-0121-5,2026-01-15 22:09:39+00:00,mac-014,user-36415,session-0121,5,Finder,Safari,file_read,/System/Library,reads,1,1,0,0,0,0,0,0,6,3313,0.031154249060814668,benign,,0,synthetic macOS Endpoint Security-style fixture
evt-0122-0,2026-01-15 22:17:03+00:00,mac-027,user-31748,session-0122,0,launchd,Finder,file_read,~/Library/Preferences,reads,1,1,0,0,0,0,0,0,7,1016,0.009137443005184712,benign,,0,synthetic macOS Endpoint Security-style fixture
evt-0122-1,2026-01-15 22:17:20+00:00,mac-027,user-31748,session-0122,1,Finder,softwareupdated,exec,/System/Library/CoreServices,executes,1,1,0,0,0,0,0,0,5,654,0.0036340469367515116,benign,,0,synthetic macOS Endpoint Security-style fixture
evt-0122-2,2026-01-15 22:17:39+00:00,mac-027,user-31748,session-0122,2,softwareupdated,Safari,file_write,~/Library/Preferences,writes,1,1,0,0,0,0,0,0,3,5098,0.03128784804932759,benign,,0,synthetic macOS Endpoint Security-style fixture
evt-0122-3,2026-01-15 22:18:00+00:00,mac-027,user-31748,session-0122,3,Safari,softwareupdated,file_read,~/Pictures,reads,1,1,0,0,0,0,0,0,3,1788,0.05677531068027501,benign,,0,synthetic macOS Endpoint Security-style fixture
evt-0122-4,2026-01-15 22:18:20+00:00,mac-027,user-31748,session-0122,4,softwareupdated,softwareupdated,network_connect,calendar.example,connects,1,1,0,0,0,0,0,0,6,1136,0.026496161148188188,benign,,0,synthetic macOS Endpoint Security-style fixture
evt-0122-5,2026-01-15 22:18:39+00:00,mac-027,user-31748,session-0122,5,softwareupdated,WindowServer,file_read,~/Documents,reads,1,1,0,0,0,0,0,0,11,1292,0.06301036245851528,benign,,0,synthetic macOS Endpoint Security-style fixture
evt-0123-0,2026-01-15 22:21:04+00:00,mac-025,user-36415,session-0123,0,launchd,Mail,file_write,~/Documents,writes,1,1,0,0,0,0,0,0,2,4533,0.02024028365794441,benign,,0,synthetic macOS Endpoint Security-style fixture
evt-0123-1,2026-01-15 22:21:19+00:00,mac-025,user-36415,session-0123,1,Mail,WindowServer,file_read,/System/Library,reads,1,1,0,0,0,0,0,0,1,130,0.0,benign,,0,synthetic macOS Endpoint Security-style fixture
evt-0123-2,2026-01-15 22:21:42+00:00,mac-025,user-36415,session-0123,2,WindowServer,backupd,file_read,~/Library/Preferences,reads,1,1,0,0,0,0,0,0,3,389,0.029510403933724963,benign,,0,synthetic macOS Endpoint Security-style fixture
evt-0123-3,2026-01-15 22:21:58+00:00,mac-025,user-36415,session-0123,3,backupd,Finder,exec,/System/Applications,executes,1,1,0,0,0,0,0,0,2,389,0.07866084740390128,benign,,0,synthetic macOS Endpoint Security-style fixture
evt-0123-4,2026-01-15 22:22:20+00:00,mac-025,user-36415,session-0123,4,Finder,Mail,auth,loginwindow,authenticates,1,1,0,0,0,0,0,0,2,1846,0.003938328728858499,benign,,0,synthetic macOS Endpoint Security-style fixture
evt-0123-5,2026-01-15 22:22:35+00:00,mac-025,user-36415,session-0123,5,Mail,WindowServer,file_read,~/Pictures,reads,1,1,0,0,0,0,0,0,4,544,0.027839440670019283,benign,,0,synthetic macOS Endpoint Security-style fixture
evt-0124-0,2026-01-15 22:29:01+00:00,mac-004,user-21849,session-0124,0,launchd,Notes,exec,/System/Library/CoreServices,executes,1,1,0,0,0,0,0,0,3,991,0.014237112440309889,benign,,0,synthetic macOS Endpoint Security-style fixture
evt-0124-1,2026-01-15 22:29:22+00:00,mac-004,user-21849,session-0124,1,Notes,Notes,network_connect,mail.example,connects,1,1,0,0,0,0,0,0,5,810,0.009909994627613682,benign,,0,synthetic macOS Endpoint Security-style fixture
evt-0124-2,2026-01-15 22:29:38+00:00,mac-004,user-21849,session-0124,2,Notes,Notes,exec,/usr/bin/open,executes,1,1,0,0,0,0,0,0,6,1131,0.04132128274672372,benign,,0,synthetic macOS Endpoint Security-style fixture
evt-0124-3,2026-01-15 22:29:57+00:00,mac-004,user-21849,session-0124,3,Notes,softwareupdated,file_read,~/Documents,reads,1,1,0,0,0,0,0,0,6,386,0.0750989013387503,benign,,0,synthetic macOS Endpoint Security-style fixture
evt-0124-4,2026-01-15 22:30:20+00:00,mac-004,user-21849,session-0124,4,softwareupdated,Finder,exec,/System/Applications,executes,1,1,0,0,0,0,0,0,3,912,0.021074260853738338,benign,,0,synthetic macOS Endpoint Security-style fixture
evt-0124-5,2026-01-15 22:30:36+00:00,mac-004,user-21849,session-0124,5,Finder,mdworker,file_write,~/Documents,writes,1,1,0,0,0,0,0,0,7,564,0.0,benign,,0,synthetic macOS Endpoint Security-style fixture
evt-0125-0,2026-01-15 22:38:04+00:00,mac-009,user-25119,session-0125,0,launchd,Notes,exec,/System/Applications,executes,1,1,0,0,0,0,0,0,6,1929,0.03486919570156581,benign,,0,synthetic macOS Endpoint Security-style fixture
evt-0125-1,2026-01-15 22:38:22+00:00,mac-009,user-25119,session-0125,1,Notes,WindowServer,file_read,~/Documents,reads,1,1,0,0,0,0,0,0,3,4352,0.03448813543534204,benign,,0,synthetic macOS Endpoint Security-style fixture
evt-0125-2,2026-01-15 22:38:41+00:00,mac-009,user-25119,session-0125,2,WindowServer,Calendar,network_connect,icloud.example,connects,1,1,0,0,0,0,0,0,4,3429,0.010784127850265699,benign,,0,synthetic macOS Endpoint Security-style fixture
evt-0125-3,2026-01-15 22:38:57+00:00,mac-009,user-25119,session-0125,3,Calendar,Mail,network_connect,calendar.example,connects,1,1,0,0,0,0,0,0,7,412,0.01280369906332687,benign,,0,synthetic macOS Endpoint Security-style fixture
evt-0125-4,2026-01-15 22:39:20+00:00,mac-009,user-25119,session-0125,4,Mail,Preview,network_connect,icloud.example,connects,1,1,0,0,0,0,0,0,4,1127,0.0574051865459021,benign,,0,synthetic macOS Endpoint Security-style fixture
evt-0125-5,2026-01-15 22:39:39+00:00,mac-009,user-25119,session-0125,5,Preview,Safari,file_write,/System/Library,writes,1,1,0,0,0,0,0,0,1,1598,0.0034818673507012385,benign,,0,synthetic macOS Endpoint Security-style fixture
evt-0126-0,2026-01-15 22:43:03+00:00,mac-028,user-39031,session-0126,0,launchd,Calendar,file_read,~/Library/Preferences,reads,1,1,0,0,0,0,0,0,2,839,0.035608679896503584,benign,,0,synthetic macOS Endpoint Security-style fixture
evt-0126-1,2026-01-15 22:43:22+00:00,mac-028,user-39031,session-0126,1,Calendar,Notes,exec,/usr/bin/open,executes,1,1,0,0,0,0,0,0,6,1211,0.07036803686244453,benign,,0,synthetic macOS Endpoint Security-style fixture
evt-0126-2,2026-01-15 22:43:42+00:00,mac-028,user-39031,session-0126,2,Notes,softwareupdated,file_read,/System/Library,reads,1,1,0,0,0,0,0,0,1,3616,0.0722722863159852,benign,,0,synthetic macOS Endpoint Security-style fixture
evt-0126-3,2026-01-15 22:43:57+00:00,mac-028,user-39031,session-0126,3,softwareupdated,Calendar,file_write,~/Documents,writes,1,1,0,0,0,0,0,0,5,1711,0.019499719934012436,benign,,0,synthetic macOS Endpoint Security-style fixture
evt-0126-4,2026-01-15 22:44:19+00:00,mac-028,user-39031,session-0126,4,Calendar,WindowServer,network_connect,calendar.example,connects,1,1,0,0,0,0,0,0,2,5511,0.029367870070047264,benign,,0,synthetic macOS Endpoint Security-style fixture
evt-0126-5,2026-01-15 22:44:35+00:00,mac-028,user-39031,session-0126,5,WindowServer,Safari,file_write,/System/Library,writes,1,1,0,0,0,0,0,0,1,1661,0.08402202850080759,benign,,0,synthetic macOS Endpoint Security-style fixture
evt-0127-0,2026-01-15 22:49:01+00:00,mac-029,user-23157,session-0127,0,launchd,Mail,exec,/usr/bin/open,executes,1,1,0,0,0,0,0,0,7,3878,0.05096670418542523,benign,,0,synthetic macOS Endpoint Security-style fixture
evt-0127-1,2026-01-15 22:49:21+00:00,mac-029,user-23157,session-0127,1,Mail,Finder,auth,loginwindow,authenticates,1,1,0,0,0,0,0,0,7,1757,0.031652879350161166,benign,,0,synthetic macOS Endpoint Security-style fixture
evt-0127-2,2026-01-15 22:49:40+00:00,mac-029,user-23157,session-0127,2,Finder,Notes,auth,loginwindow,authenticates,1,1,0,0,0,0,0,0,4,1022,0.0226729862002948,benign,,0,synthetic macOS Endpoint Security-style fixture
evt-0127-3,2026-01-15 22:49:58+00:00,mac-029,user-23157,session-0127,3,Notes,Safari,file_read,~/Documents,reads,1,1,0,0,0,0,0,0,5,2956,0.00727688807866287,benign,,0,synthetic macOS Endpoint Security-style fixture
evt-0127-4,2026-01-15 22:50:19+00:00,mac-029,user-23157,session-0127,4,Safari,softwareupdated,file_read,~/Library/Preferences,reads,1,1,0,0,0,0,0,0,4,982,0.05046123422462306,benign,,0,synthetic macOS Endpoint Security-style fixture
evt-0127-5,2026-01-15 22:50:35+00:00,mac-029,user-23157,session-0127,5,softwareupdated,Safari,network_connect,mail.example,connects,1,1,0,0,0,0,0,0,2,2788,0.04465207234225746,benign,,0,synthetic macOS Endpoint Security-style fixture
evt-0128-0,2026-01-15 22:56:03+00:00,mac-025,user-33056,session-0128,0,launchd,Preview,auth,loginwindow,authenticates,1,1,0,0,0,0,0,0,4,1452,0.03858727631524272,benign,,0,synthetic macOS Endpoint Security-style fixture
evt-0128-1,2026-01-15 22:56:21+00:00,mac-025,user-33056,session-0128,1,Preview,WindowServer,file_write,~/Library/Preferences,writes,1,1,0,0,0,0,0,0,3,1234,0.03523200305479743,benign,,0,synthetic macOS Endpoint Security-style fixture
evt-0128-2,2026-01-15 22:56:41+00:00,mac-025,user-33056,session-0128,2,WindowServer,Mail,file_read,/System/Library,reads,1,1,0,0,0,0,0,0,5,529,0.06272653769512743,benign,,0,synthetic macOS Endpoint Security-style fixture
evt-0128-3,2026-01-15 22:56:58+00:00,mac-025,user-33056,session-0128,3,Mail,Calendar,auth,loginwindow,authenticates,1,1,0,0,0,0,0,0,5,2885,0.04336845108793884,benign,,0,synthetic macOS Endpoint Security-style fixture
evt-0128-4,2026-01-15 22:57:18+00:00,mac-025,user-33056,session-0128,4,Calendar,Calendar,file_write,~/Library/Preferences,writes,1,1,0,0,0,0,0,0,4,1308,0.029597871968336784,benign,,0,synthetic macOS Endpoint Security-style fixture
evt-0128-5,2026-01-15 22:57:35+00:00,mac-025,user-33056,session-0128,5,Calendar,Mail,network_connect,icloud.example,connects,1,1,0,0,0,0,0,0,4,1027,0.03143697878251531,benign,,0,synthetic macOS Endpoint Security-style fixture
evt-0129-0,2026-01-15 23:05:02+00:00,mac-019,user-79459,session-0129,0,launchd,WindowServer,file_write,~/Documents,writes,1,1,0,0,0,0,0,0,3,1437,0.02897105632636388,benign,,0,synthetic macOS Endpoint Security-style fixture
evt-0129-1,2026-01-15 23:05:21+00:00,mac-019,user-79459,session-0129,1,WindowServer,softwareupdated,network_connect,mail.example,connects,1,1,0,0,0,0,0,0,2,531,0.025685833709469034,benign,,0,synthetic macOS Endpoint Security-style fixture
evt-0129-2,2026-01-15 23:05:40+00:00,mac-019,user-79459,session-0129,2,softwareupdated,WindowServer,auth,loginwindow,authenticates,1,1,0,0,0,0,0,0,5,488,0.06082378019056712,benign,,0,synthetic macOS Endpoint Security-style fixture
evt-0129-3,2026-01-15 23:05:58+00:00,mac-019,user-79459,session-0129,3,WindowServer,Calendar,file_read,/System/Library,reads,1,1,0,0,0,0,0,0,3,2022,0.022667394319989393,benign,,0,synthetic macOS Endpoint Security-style fixture
evt-0129-4,2026-01-15 23:06:20+00:00,mac-019,user-79459,session-0129,4,Calendar,softwareupdated,exec,/System/Applications,executes,1,1,0,0,0,0,0,0,2,511,0.003021686146455954,benign,,0,synthetic macOS Endpoint Security-style fixture
evt-0129-5,2026-01-15 23:06:36+00:00,mac-019,user-79459,session-0129,5,softwareupdated,backupd,network_connect,updates.example,connects,1,1,0,0,0,0,0,0,5,947,0.020322059119822353,benign,,0,synthetic macOS Endpoint Security-style fixture
evt-0130-0,2026-01-15 23:10:02+00:00,mac-025,user-71522,session-0130,0,launchd,WindowServer,file_write,~/Pictures,writes,1,1,0,0,0,0,0,0,3,637,0.04952337367121427,benign,,0,synthetic macOS Endpoint Security-style fixture
evt-0130-1,2026-01-15 23:10:22+00:00,mac-025,user-71522,session-0130,1,WindowServer,Notes,exec,/System/Library/CoreServices,executes,1,1,0,0,0,0,0,0,3,516,0.050505012671581355,benign,,0,synthetic macOS Endpoint Security-style fixture
evt-0130-2,2026-01-15 23:10:38+00:00,mac-025,user-71522,session-0130,2,Notes,Calendar,network_connect,updates.example,connects,1,1,0,0,0,0,0,0,7,1189,0.03234974692257978,benign,,0,synthetic macOS Endpoint Security-style fixture
evt-0130-3,2026-01-15 23:11:00+00:00,mac-025,user-71522,session-0130,3,Calendar,WindowServer,file_read,~/Documents,reads,1,1,0,0,0,0,0,0,5,1709,0.05052947709160566,benign,,0,synthetic macOS Endpoint Security-style fixture
evt-0130-4,2026-01-15 23:11:18+00:00,mac-025,user-71522,session-0130,4,WindowServer,mdworker,file_read,/System/Library,reads,1,1,0,0,0,0,0,0,3,1877,0.0034755848161214867,benign,,0,synthetic macOS Endpoint Security-style fixture
evt-0130-5,2026-01-15 23:11:37+00:00,mac-025,user-71522,session-0130,5,mdworker,Mail,network_connect,calendar.example,connects,1,1,0,0,0,0,0,0,4,513,0.028814521395258072,benign,,0,synthetic macOS Endpoint Security-style fixture
evt-0131-0,2026-01-15 23:17:00+00:00,mac-029,user-37723,session-0131,0,launchd,mdworker,exec,/System/Applications,executes,1,1,0,0,0,0,0,0,5,939,0.04971563185361126,benign,,0,synthetic macOS Endpoint Security-style fixture
evt-0131-1,2026-01-15 23:17:21+00:00,mac-029,user-37723,session-0131,1,mdworker,Calendar,file_read,~/Library/Preferences,reads,1,1,0,0,0,0,0,0,7,1058,0.029028766501334582,benign,,0,synthetic macOS Endpoint Security-style fixture
evt-0131-2,2026-01-15 23:17:38+00:00,mac-029,user-37723,session-0131,2,Calendar,Safari,auth,loginwindow,authenticates,1,1,0,0,0,0,0,0,5,1113,0.04441924195564759,benign,,0,synthetic macOS Endpoint Security-style fixture
evt-0131-3,2026-01-15 23:18:00+00:00,mac-029,user-37723,session-0131,3,Safari,Calendar,file_write,~/Documents,writes,1,1,0,0,0,0,0,0,7,3150,0.0746930317417731,benign,,0,synthetic macOS Endpoint Security-style fixture
evt-0131-4,2026-01-15 23:18:19+00:00,mac-029,user-37723,session-0131,4,Calendar,Preview,exec,/System/Library/CoreServices,executes,1,1,0,0,0,0,0,0,5,3193,0.08241729343081138,benign,,0,synthetic macOS Endpoint Security-style fixture
evt-0131-5,2026-01-15 23:18:38+00:00,mac-029,user-37723,session-0131,5,Preview,Finder,exec,/usr/bin/open,executes,1,1,0,0,0,0,0,0,4,1711,0.0,benign,,0,synthetic macOS Endpoint Security-style fixture
evt-0132-0,2026-01-15 23:25:01+00:00,mac-003,user-29786,session-0132,0,launchd,mdworker,file_read,~/Documents,reads,1,1,0,0,0,0,0,0,4,479,0.04368726636082347,benign,,0,synthetic macOS Endpoint Security-style fixture
evt-0132-1,2026-01-15 23:25:20+00:00,mac-003,user-29786,session-0132,1,mdworker,mdworker,auth,loginwindow,authenticates,1,1,0,0,0,0,0,0,3,2946,0.038977095955665196,benign,,0,synthetic macOS Endpoint Security-style fixture
evt-0132-2,2026-01-15 23:25:39+00:00,mac-003,user-29786,session-0132,2,mdworker,backupd,file_write,/System/Library,writes,1,1,0,0,0,0,0,0,4,544,0.03487531516002185,benign,,0,synthetic macOS Endpoint Security-style fixture
evt-0132-3,2026-01-15 23:26:00+00:00,mac-003,user-29786,session-0132,3,backupd,backupd,file_read,~/Pictures,reads,1,1,0,0,0,0,0,0,2,1037,0.02017365559673561,benign,,0,synthetic macOS Endpoint Security-style fixture
evt-0132-4,2026-01-15 23:26:18+00:00,mac-003,user-29786,session-0132,4,backupd,mdworker,auth,loginwindow,authenticates,1,1,0,0,0,0,0,0,4,1019,0.00910939751678291,benign,,0,synthetic macOS Endpoint Security-style fixture
evt-0132-5,2026-01-15 23:26:35+00:00,mac-003,user-29786,session-0132,5,mdworker,WindowServer,exec,/System/Library/CoreServices,executes,1,1,0,0,0,0,0,0,3,2266,0.020895806052894428,benign,,0,synthetic macOS Endpoint Security-style fixture
evt-0133-0,2026-01-15 23:31:00+00:00,mac-029,user-45006,session-0133,0,launchd,Safari,network_connect,update.example,connects,1,1,0,0,0,0,0,0,9,528,0.028231901943712327,launchagent_persistence,T1105,1,synthetic macOS Endpoint Security-style fixture
evt-0133-1,2026-01-15 23:31:21+00:00,mac-029,user-45006,session-0133,1,Safari,installer,file_write,/tmp/helper,writes,1,1,0,0,0,0,0,0,8,1701,0.04500998751200731,launchagent_persistence,T1105,1,synthetic macOS Endpoint Security-style fixture
evt-0133-2,2026-01-15 23:31:41+00:00,mac-029,user-45006,session-0133,2,installer,sh,exec,/bin/sh,executes,0,0,0,0,0,0,0,0,6,3482,0.2788196109341093,launchagent_persistence,T1059,1,synthetic macOS Endpoint Security-style fixture
evt-0133-3,2026-01-15 23:31:57+00:00,mac-029,user-45006,session-0133,3,sh,defaults,file_write,~/Library/LaunchAgents/com.demo.agent.plist,writes,0,0,0,0,0,1,0,0,3,604,0.5893390585938901,launchagent_persistence,T1543.001,1,synthetic macOS Endpoint Security-style fixture
evt-0133-4,2026-01-15 23:32:20+00:00,mac-029,user-45006,session-0133,4,defaults,launchctl,exec,com.demo.agent,executes,0,0,0,0,1,1,0,0,4,1298,0.5911856584205921,launchagent_persistence,T1543.001,1,synthetic macOS Endpoint Security-style fixture
evt-0133-5,2026-01-15 23:32:37+00:00,mac-029,user-45006,session-0133,5,launchctl,helper,exec,/tmp/helper,executes,0,0,0,0,0,0,0,0,1,169,0.23235569261961733,launchagent_persistence,T1204,1,synthetic macOS Endpoint Security-style fixture
evt-0134-0,2026-01-15 23:39:00+00:00,mac-018,user-09899,session-0134,0,launchd,Finder,auth,loginwindow,authenticates,1,1,0,0,0,0,0,0,4,969,0.06623170872214526,benign,,0,synthetic macOS Endpoint Security-style fixture
evt-0134-1,2026-01-15 23:39:20+00:00,mac-018,user-09899,session-0134,1,Finder,WindowServer,network_connect,calendar.example,connects,1,1,0,0,0,0,0,0,2,2146,0.043723963531058736,benign,,0,synthetic macOS Endpoint Security-style fixture
evt-0134-2,2026-01-15 23:39:38+00:00,mac-018,user-09899,session-0134,2,WindowServer,softwareupdated,network_connect,icloud.example,connects,1,1,0,0,0,0,0,0,6,692,0.06402569191549765,benign,,0,synthetic macOS Endpoint Security-style fixture
evt-0134-3,2026-01-15 23:39:58+00:00,mac-018,user-09899,session-0134,3,softwareupdated,Calendar,file_write,/System/Library,writes,1,1,0,0,0,0,0,0,5,960,0.006697064264753444,benign,,0,synthetic macOS Endpoint Security-style fixture
evt-0134-4,2026-01-15 23:40:17+00:00,mac-018,user-09899,session-0134,4,Calendar,WindowServer,auth,loginwindow,authenticates,1,1,0,0,0,0,0,0,4,727,0.0,benign,,0,synthetic macOS Endpoint Security-style fixture
evt-0134-5,2026-01-15 23:40:36+00:00,mac-018,user-09899,session-0134,5,WindowServer,mdworker,file_read,~/Library/Preferences,reads,1,1,0,0,0,0,0,0,1,1318,0.021838259886778254,benign,,0,synthetic macOS Endpoint Security-style fixture
evt-0135-0,2026-01-15 23:46:04+00:00,mac-012,user-72830,session-0135,0,launchd,Preview,file_read,/System/Library,reads,1,1,0,0,0,0,0,0,2,1244,0.06401137693679175,benign,,0,synthetic macOS Endpoint Security-style fixture
evt-0135-1,2026-01-15 23:46:20+00:00,mac-012,user-72830,session-0135,1,Preview,WindowServer,file_read,/System/Library,reads,1,1,0,0,0,0,0,0,3,1483,0.05077957815098074,benign,,0,synthetic macOS Endpoint Security-style fixture
evt-0135-2,2026-01-15 23:46:39+00:00,mac-012,user-72830,session-0135,2,WindowServer,softwareupdated,file_read,~/Library/Preferences,reads,1,1,0,0,0,0,0,0,1,1764,0.08296850399372777,benign,,0,synthetic macOS Endpoint Security-style fixture
evt-0135-3,2026-01-15 23:47:01+00:00,mac-012,user-72830,session-0135,3,softwareupdated,softwareupdated,file_read,~/Pictures,reads,1,1,0,0,0,0,0,0,2,1575,0.117917606033098,benign,,0,synthetic macOS Endpoint Security-style fixture
evt-0135-4,2026-01-15 23:47:17+00:00,mac-012,user-72830,session-0135,4,softwareupdated,Notes,exec,/usr/bin/open,executes,1,1,0,0,0,0,0,0,4,3920,0.04747120111095984,benign,,0,synthetic macOS Endpoint Security-style fixture
evt-0135-5,2026-01-15 23:47:37+00:00,mac-012,user-72830,session-0135,5,Notes,Preview,network_connect,updates.example,connects,1,1,0,0,0,0,0,0,2,1220,0.05675553642478978,benign,,0,synthetic macOS Endpoint Security-style fixture
evt-0136-0,2026-01-15 23:56:04+00:00,mac-025,user-25119,session-0136,0,launchd,Safari,file_write,~/Downloads/invoice.pdf,writes,1,1,0,0,0,0,0,0,7,258,0.003546735959028366,ransomware_burst,T1566,1,synthetic macOS Endpoint Security-style fixture
evt-0136-1,2026-01-15 23:56:21+00:00,mac-025,user-25119,session-0136,1,Safari,softwareupdated,exec,invoice.pdf,executes,1,1,0,0,0,0,0,0,2,47,0.056032592868933195,ransomware_burst,T1204,1,synthetic macOS Endpoint Security-style fixture
evt-0136-2,2026-01-15 23:56:38+00:00,mac-025,user-25119,session-0136,2,softwareupdated,Finder,exec,/bin/sh,executes,1,1,0,0,0,0,0,0,4,376,0.0736101243022561,ransomware_burst,T1059,1,synthetic macOS Endpoint Security-style fixture
evt-0136-3,2026-01-15 23:56:58+00:00,mac-025,user-25119,session-0136,3,Finder,backupd,file_write,~/Documents,writes,1,1,0,0,0,0,0,0,36,937,0.028552467646610298,ransomware_burst,T1486,1,synthetic macOS Endpoint Security-style fixture
evt-0136-4,2026-01-15 23:57:17+00:00,mac-025,user-25119,session-0136,4,backupd,mdworker,file_write,~/Pictures,writes,1,1,0,0,0,0,0,0,36,960,0.04296050803591303,ransomware_burst,T1486,1,synthetic macOS Endpoint Security-style fixture
evt-0136-5,2026-01-15 23:57:35+00:00,mac-025,user-25119,session-0136,5,mdworker,Safari,file_write,~/Desktop,writes,1,1,0,0,0,0,0,0,36,117,0.06128720317284675,ransomware_burst,T1486,1,synthetic macOS Endpoint Security-style fixture
evt-0137-0,2026-01-15 23:59:03+00:00,mac-016,user-83383,session-0137,0,launchd,Finder,file_read,~/Documents,reads,1,1,0,0,0,0,0,0,5,793,0.06949914348643974,data_exfiltration,T1083,1,synthetic macOS Endpoint Security-style fixture
evt-0137-1,2026-01-15 23:59:23+00:00,mac-016,user-83383,session-0137,1,Finder,zip,exec,/usr/bin/zip,executes,1,1,0,0,0,0,0,0,5,1994,0.03333526590913483,data_exfiltration,T1560,1,synthetic macOS Endpoint Security-style fixture
evt-0137-2,2026-01-15 23:59:38+00:00,mac-016,user-83383,session-0137,2,zip,zip,file_write,/tmp/archive.zip,writes,1,1,0,0,0,0,1,0,3,1403,0.2178258440347865,data_exfiltration,T1560,1,synthetic macOS Endpoint Security-style fixture
evt-0137-3,2026-01-15 23:59:59+00:00,mac-016,user-83383,session-0137,3,zip,curl,network_connect,upload.example,connects,1,1,0,0,0,0,1,1,6,322988,0.4765553345476597,data_exfiltration,T1041,1,synthetic macOS Endpoint Security-style fixture
evt-0137-4,2026-01-16 00:00:17+00:00,mac-016,user-83383,session-0137,4,curl,curl,network_connect,upload.example,connects,1,1,0,0,0,0,0,1,3,26442,0.21940760058571668,data_exfiltration,T1041,1,synthetic macOS Endpoint Security-style fixture
evt-0137-5,2026-01-16 00:00:35+00:00,mac-016,user-83383,session-0137,5,curl,rm,file_delete,/tmp/archive.zip,deletes,1,1,0,0,0,0,0,0,6,1079,0.03835254905477788,data_exfiltration,T1070,1,synthetic macOS Endpoint Security-style fixture
evt-0138-0,2026-01-16 00:08:01+00:00,mac-022,user-21849,session-0138,0,launchd,Preview,exec,/System/Applications,executes,1,1,0,0,0,0,0,0,4,546,0.026440212263292753,benign,,0,synthetic macOS Endpoint Security-style fixture
evt-0138-1,2026-01-16 00:08:23+00:00,mac-022,user-21849,session-0138,1,Preview,WindowServer,file_read,~/Library/Preferences,reads,1,1,0,0,0,0,0,0,5,675,0.04066585451190581,benign,,0,synthetic macOS Endpoint Security-style fixture
evt-0138-2,2026-01-16 00:08:40+00:00,mac-022,user-21849,session-0138,2,WindowServer,Calendar,network_connect,calendar.example,connects,1,1,0,0,0,0,0,0,0,664,0.029927851070609128,benign,,0,synthetic macOS Endpoint Security-style fixture
evt-0138-3,2026-01-16 00:09:01+00:00,mac-022,user-21849,session-0138,3,Calendar,mdworker,exec,/System/Library/CoreServices,executes,1,1,0,0,0,0,0,0,1,246,0.021346985877537847,benign,,0,synthetic macOS Endpoint Security-style fixture
evt-0138-4,2026-01-16 00:09:19+00:00,mac-022,user-21849,session-0138,4,mdworker,Safari,file_write,~/Documents,writes,1,1,0,0,0,0,0,0,3,441,0.05854824799272326,benign,,0,synthetic macOS Endpoint Security-style fixture
evt-0138-5,2026-01-16 00:09:38+00:00,mac-022,user-21849,session-0138,5,Safari,Finder,file_read,~/Documents,reads,1,1,0,0,0,0,0,0,4,916,0.0,benign,,0,synthetic macOS Endpoint Security-style fixture
evt-0139-0,2026-01-16 00:14:01+00:00,mac-005,user-33710,session-0139,0,launchd,softwareupdated,file_write,/System/Library,writes,1,1,0,0,0,0,0,0,3,2502,0.07695079485817409,benign,,0,synthetic macOS Endpoint Security-style fixture
evt-0139-1,2026-01-16 00:14:22+00:00,mac-005,user-33710,session-0139,1,softwareupdated,mdworker,auth,loginwindow,authenticates,1,1,0,0,0,0,0,0,4,385,0.04426573625961483,benign,,0,synthetic macOS Endpoint Security-style fixture
evt-0139-2,2026-01-16 00:14:42+00:00,mac-005,user-33710,session-0139,2,mdworker,Calendar,network_connect,mail.example,connects,1,1,0,0,0,0,0,0,4,867,0.03678264403638243,benign,,0,synthetic macOS Endpoint Security-style fixture
evt-0139-3,2026-01-16 00:15:00+00:00,mac-005,user-33710,session-0139,3,Calendar,backupd,file_write,~/Pictures,writes,1,1,0,0,0,0,0,0,3,1074,0.054046110455964316,benign,,0,synthetic macOS Endpoint Security-style fixture
evt-0139-4,2026-01-16 00:15:16+00:00,mac-005,user-33710,session-0139,4,backupd,Mail,file_write,~/Pictures,writes,1,1,0,0,0,0,0,0,3,1804,0.007539738025951474,benign,,0,synthetic macOS Endpoint Security-style fixture
evt-0139-5,2026-01-16 00:15:37+00:00,mac-005,user-33710,session-0139,5,Mail,Finder,exec,/usr/bin/open,executes,1,1,0,0,0,0,0,0,5,874,0.0531330242013263,benign,,0,synthetic macOS Endpoint Security-style fixture
evt-0140-0,2026-01-16 00:23:01+00:00,mac-028,user-84037,session-0140,0,launchd,mdworker,network_connect,calendar.example,connects,1,1,0,0,0,0,0,0,3,1063,0.053851620911146765,benign,,0,synthetic macOS Endpoint Security-style fixture
evt-0140-1,2026-01-16 00:23:20+00:00,mac-028,user-84037,session-0140,1,mdworker,WindowServer,exec,/System/Applications,executes,1,1,0,0,0,0,0,0,6,462,0.038382497961261905,benign,,0,synthetic macOS Endpoint Security-style fixture
evt-0140-2,2026-01-16 00:23:42+00:00,mac-028,user-84037,session-0140,2,WindowServer,Mail,file_write,~/Documents,writes,1,1,0,0,0,0,0,0,0,945,0.034126703342801115,benign,,0,synthetic macOS Endpoint Security-style fixture
evt-0140-3,2026-01-16 00:23:58+00:00,mac-028,user-84037,session-0140,3,Mail,backupd,auth,loginwindow,authenticates,1,1,0,0,0,0,0,0,9,691,0.017538988331147944,benign,,0,synthetic macOS Endpoint Security-style fixture
evt-0140-4,2026-01-16 00:24:16+00:00,mac-028,user-84037,session-0140,4,backupd,Finder,network_connect,calendar.example,connects,1,1,0,0,0,0,0,0,3,2181,0.008485149530003566,benign,,0,synthetic macOS Endpoint Security-style fixture
evt-0140-5,2026-01-16 00:24:37+00:00,mac-028,user-84037,session-0140,5,Finder,Finder,file_read,~/Pictures,reads,1,1,0,0,0,0,0,0,2,502,0.05787317835251006,benign,,0,synthetic macOS Endpoint Security-style fixture
evt-0141-0,2026-01-16 00:29:00+00:00,mac-026,user-43698,session-0141,0,launchd,Notes,network_connect,mail.example,connects,1,1,0,0,0,0,0,0,2,2432,0.04384494201340505,benign,,0,synthetic macOS Endpoint Security-style fixture
evt-0141-1,2026-01-16 00:29:22+00:00,mac-026,user-43698,session-0141,1,Notes,softwareupdated,file_read,/System/Library,reads,1,1,0,0,0,0,0,0,4,5989,0.04705179990568249,benign,,0,synthetic macOS Endpoint Security-style fixture
evt-0141-2,2026-01-16 00:29:41+00:00,mac-026,user-43698,session-0141,2,softwareupdated,backupd,auth,loginwindow,authenticates,1,1,0,0,0,0,0,0,5,162,0.03523594213857497,benign,,0,synthetic macOS Endpoint Security-style fixture
evt-0141-3,2026-01-16 00:29:58+00:00,mac-026,user-43698,session-0141,3,backupd,Finder,exec,/usr/bin/open,executes,1,1,0,0,0,0,0,0,6,5970,0.0,benign,,0,synthetic macOS Endpoint Security-style fixture
evt-0141-4,2026-01-16 00:30:17+00:00,mac-026,user-43698,session-0141,4,Finder,Preview,network_connect,mail.example,connects,1,1,0,0,0,0,0,0,10,2206,0.03851248679283158,benign,,0,synthetic macOS Endpoint Security-style fixture
evt-0141-5,2026-01-16 00:30:35+00:00,mac-026,user-43698,session-0141,5,Preview,Calendar,exec,/System/Library/CoreServices,executes,1,1,0,0,0,0,0,0,2,1938,0.029716644193242547,benign,,0,synthetic macOS Endpoint Security-style fixture
evt-0142-0,2026-01-16 00:35:02+00:00,mac-017,user-84037,session-0142,0,launchd,Notes,auth,loginwindow,authenticates,1,1,0,0,0,0,0,0,1,3702,0.011148306843644776,benign,,0,synthetic macOS Endpoint Security-style fixture
evt-0142-1,2026-01-16 00:35:20+00:00,mac-017,user-84037,session-0142,1,Notes,mdworker,exec,/System/Library/CoreServices,executes,1,1,0,0,0,0,0,0,3,747,0.030325935067364196,benign,,0,synthetic macOS Endpoint Security-style fixture
evt-0142-2,2026-01-16 00:35:38+00:00,mac-017,user-84037,session-0142,2,mdworker,Safari,file_read,~/Documents,reads,1,1,0,0,0,0,0,0,2,5602,0.02684485903014662,benign,,0,synthetic macOS Endpoint Security-style fixture
evt-0142-3,2026-01-16 00:35:58+00:00,mac-017,user-84037,session-0142,3,Safari,Finder,exec,/System/Library/CoreServices,executes,1,1,0,0,0,0,0,0,4,444,0.0,benign,,0,synthetic macOS Endpoint Security-style fixture
evt-0142-4,2026-01-16 00:36:17+00:00,mac-017,user-84037,session-0142,4,Finder,mdworker,exec,/System/Library/CoreServices,executes,1,1,0,0,0,0,0,0,6,1079,0.06788506657742364,benign,,0,synthetic macOS Endpoint Security-style fixture
evt-0142-5,2026-01-16 00:36:37+00:00,mac-017,user-84037,session-0142,5,mdworker,Mail,file_read,/System/Library,reads,1,1,0,0,0,0,0,0,5,713,0.0,benign,,0,synthetic macOS Endpoint Security-style fixture
evt-0143-0,2026-01-16 00:44:00+00:00,mac-013,user-61534,session-0143,0,launchd,Mail,file_read,/System/Library,reads,1,1,0,0,0,0,0,0,7,978,0.003867626294221743,benign,,0,synthetic macOS Endpoint Security-style fixture
evt-0143-1,2026-01-16 00:44:20+00:00,mac-013,user-61534,session-0143,1,Mail,Mail,file_read,~/Library/Preferences,reads,1,1,0,0,0,0,0,0,4,799,0.0,benign,,0,synthetic macOS Endpoint Security-style fixture
evt-0143-2,2026-01-16 00:44:40+00:00,mac-013,user-61534,session-0143,2,Mail,Preview,file_write,/System/Library,writes,1,1,0,0,0,0,0,0,6,519,0.035438602256803314,benign,,0,synthetic macOS Endpoint Security-style fixture
evt-0143-3,2026-01-16 00:44:58+00:00,mac-013,user-61534,session-0143,3,Preview,Preview,exec,/System/Applications,executes,1,1,0,0,0,0,0,0,5,4375,0.024710104790522054,benign,,0,synthetic macOS Endpoint Security-style fixture
evt-0143-4,2026-01-16 00:45:20+00:00,mac-013,user-61534,session-0143,4,Preview,Mail,file_write,/System/Library,writes,1,1,0,0,0,0,0,0,4,1232,0.038185326317319586,benign,,0,synthetic macOS Endpoint Security-style fixture
evt-0143-5,2026-01-16 00:45:35+00:00,mac-013,user-61534,session-0143,5,Mail,softwareupdated,file_write,~/Documents,writes,1,1,0,0,0,0,0,0,7,381,0.05064805744965275,benign,,0,synthetic macOS Endpoint Security-style fixture
evt-0144-0,2026-01-16 00:48:02+00:00,mac-026,user-97949,session-0144,0,launchd,Safari,network_connect,downloads.example,connects,1,1,0,0,0,0,0,0,3,448,0.0,download_execute,T1105,1,synthetic macOS Endpoint Security-style fixture
evt-0144-1,2026-01-16 00:48:23+00:00,mac-026,user-97949,session-0144,1,Safari,softwareupdated,file_write,/tmp/sample.bin,writes,1,1,0,0,0,0,0,0,3,530,0.0,download_execute,T1105,1,synthetic macOS Endpoint Security-style fixture
evt-0144-2,2026-01-16 00:48:41+00:00,mac-026,user-97949,session-0144,2,softwareupdated,Finder,exec,/bin/sh,executes,1,1,0,0,0,0,0,0,6,1272,0.0033623585955274635,download_execute,T1059,1,synthetic macOS Endpoint Security-style fixture
evt-0144-3,2026-01-16 00:48:57+00:00,mac-026,user-97949,session-0144,3,Finder,backupd,file_write,/tmp/sample.bin,writes,1,1,0,0,0,0,0,0,6,426,0.05317166464249756,download_execute,T1222,1,synthetic macOS Endpoint Security-style fixture
evt-0144-4,2026-01-16 00:49:16+00:00,mac-026,user-97949,session-0144,4,backupd,mdworker,exec,/tmp/sample.bin,executes,1,1,0,0,1,0,0,0,5,478,0.08104825439634245,download_execute,T1204,1,synthetic macOS Endpoint Security-style fixture
evt-0144-5,2026-01-16 00:49:36+00:00,mac-026,user-97949,session-0144,5,mdworker,Safari,network_connect,control.example,connects,1,1,0,0,0,0,0,1,4,513,0.16757513185856815,download_execute,T1071,1,synthetic macOS Endpoint Security-style fixture
evt-0145-0,2026-01-16 00:59:04+00:00,mac-011,user-43044,session-0145,0,launchd,Notes,exec,/System/Applications,executes,1,1,0,0,0,0,0,0,2,851,0.042895317073052316,benign,,0,synthetic macOS Endpoint Security-style fixture
evt-0145-1,2026-01-16 00:59:22+00:00,mac-011,user-43044,session-0145,1,Notes,softwareupdated,network_connect,icloud.example,connects,1,1,0,0,0,0,0,0,4,3045,0.05359768006478532,benign,,0,synthetic macOS Endpoint Security-style fixture
evt-0145-2,2026-01-16 00:59:42+00:00,mac-011,user-43044,session-0145,2,softwareupdated,softwareupdated,auth,loginwindow,authenticates,1,1,0,0,0,0,0,0,6,1284,0.09349204360144284,benign,,0,synthetic macOS Endpoint Security-style fixture
evt-0145-3,2026-01-16 00:59:57+00:00,mac-011,user-43044,session-0145,3,softwareupdated,softwareupdated,file_read,/System/Library,reads,1,1,0,0,0,0,0,0,5,421,0.03508080027956159,benign,,0,synthetic macOS Endpoint Security-style fixture
evt-0145-4,2026-01-16 01:00:16+00:00,mac-011,user-43044,session-0145,4,softwareupdated,Preview,exec,/usr/bin/open,executes,1,1,0,0,0,0,0,0,6,1187,0.007553425725195989,benign,,0,synthetic macOS Endpoint Security-style fixture
evt-0145-5,2026-01-16 01:00:35+00:00,mac-011,user-43044,session-0145,5,Preview,softwareupdated,file_write,~/Library/Preferences,writes,1,1,0,0,0,0,0,0,1,4547,0.07117917293423086,benign,,0,synthetic macOS Endpoint Security-style fixture
evt-0146-0,2026-01-16 01:03:00+00:00,mac-012,user-40993,session-0146,0,launchd,Preview,network_connect,updates.example,connects,1,1,0,0,0,0,0,0,5,1973,0.02710633538439572,benign,,0,synthetic macOS Endpoint Security-style fixture
evt-0146-1,2026-01-16 01:03:21+00:00,mac-012,user-40993,session-0146,1,Preview,Notes,exec,/usr/bin/open,executes,1,1,0,0,0,0,0,0,4,2293,0.026685174976963953,benign,,0,synthetic macOS Endpoint Security-style fixture
evt-0146-2,2026-01-16 01:03:41+00:00,mac-012,user-40993,session-0146,2,Notes,softwareupdated,network_connect,mail.example,connects,1,1,0,0,0,0,0,0,5,927,0.007624008079215011,benign,,0,synthetic macOS Endpoint Security-style fixture
evt-0146-3,2026-01-16 01:04:00+00:00,mac-012,user-40993,session-0146,3,softwareupdated,Preview,exec,/System/Applications,executes,1,1,0,0,0,0,0,0,4,2557,0.051926939773255285,benign,,0,synthetic macOS Endpoint Security-style fixture
evt-0146-4,2026-01-16 01:04:18+00:00,mac-012,user-40993,session-0146,4,Preview,WindowServer,network_connect,updates.example,connects,1,1,0,0,0,0,0,0,3,1821,0.04980642692677871,benign,,0,synthetic macOS Endpoint Security-style fixture
evt-0146-5,2026-01-16 01:04:35+00:00,mac-012,user-40993,session-0146,5,WindowServer,backupd,network_connect,calendar.example,connects,1,1,0,0,0,0,0,0,5,935,0.025638326241116553,benign,,0,synthetic macOS Endpoint Security-style fixture
evt-0147-0,2026-01-16 01:11:04+00:00,mac-015,user-09899,session-0147,0,launchd,Notes,file_write,~/Pictures,writes,1,1,0,0,0,0,0,0,3,788,0.022824981652152295,benign,,0,synthetic macOS Endpoint Security-style fixture
evt-0147-1,2026-01-16 01:11:21+00:00,mac-015,user-09899,session-0147,1,Notes,Mail,file_read,~/Documents,reads,1,1,0,0,0,0,0,0,7,301,0.05045453403966912,benign,,0,synthetic macOS Endpoint Security-style fixture
evt-0147-2,2026-01-16 01:11:42+00:00,mac-015,user-09899,session-0147,2,Mail,Safari,file_read,~/Documents,reads,1,1,0,0,0,0,0,0,6,701,0.06764980687819902,benign,,0,synthetic macOS Endpoint Security-style fixture
evt-0147-3,2026-01-16 01:12:00+00:00,mac-015,user-09899,session-0147,3,Safari,mdworker,network_connect,calendar.example,connects,1,1,0,0,0,0,0,0,8,446,0.04189511394898131,benign,,0,synthetic macOS Endpoint Security-style fixture
evt-0147-4,2026-01-16 01:12:18+00:00,mac-015,user-09899,session-0147,4,mdworker,mdworker,network_connect,icloud.example,connects,1,1,0,0,0,0,0,0,2,390,0.050208789486040926,benign,,0,synthetic macOS Endpoint Security-style fixture
evt-0147-5,2026-01-16 01:12:36+00:00,mac-015,user-09899,session-0147,5,mdworker,WindowServer,file_read,~/Pictures,reads,1,1,0,0,0,0,0,0,3,532,0.08440798245101451,benign,,0,synthetic macOS Endpoint Security-style fixture
evt-0148-0,2026-01-16 01:19:01+00:00,mac-017,user-88704,session-0148,0,launchd,Preview,auth,loginwindow,authenticates,1,1,0,0,0,0,0,0,1,1574,0.0375635218621639,benign,,0,synthetic macOS Endpoint Security-style fixture
evt-0148-1,2026-01-16 01:19:23+00:00,mac-017,user-88704,session-0148,1,Preview,Calendar,network_connect,calendar.example,connects,1,1,0,0,0,0,0,0,6,493,0.04997204514870168,benign,,0,synthetic macOS Endpoint Security-style fixture
evt-0148-2,2026-01-16 01:19:40+00:00,mac-017,user-88704,session-0148,2,Calendar,backupd,exec,/System/Applications,executes,1,1,0,0,0,0,0,0,4,1273,0.023263569669736292,benign,,0,synthetic macOS Endpoint Security-style fixture
evt-0148-3,2026-01-16 01:20:00+00:00,mac-017,user-88704,session-0148,3,backupd,Preview,exec,/System/Applications,executes,1,1,0,0,0,0,0,0,10,1128,0.046479246823752055,benign,,0,synthetic macOS Endpoint Security-style fixture
evt-0148-4,2026-01-16 01:20:20+00:00,mac-017,user-88704,session-0148,4,Preview,Notes,file_read,~/Documents,reads,1,1,0,0,0,0,0,0,1,1583,0.10883943039183344,benign,,0,synthetic macOS Endpoint Security-style fixture
evt-0148-5,2026-01-16 01:20:38+00:00,mac-017,user-88704,session-0148,5,Notes,Preview,file_read,~/Pictures,reads,1,1,0,0,0,0,0,0,2,1938,0.050170696370729385,benign,,0,synthetic macOS Endpoint Security-style fixture
evt-0149-0,2026-01-16 01:26:00+00:00,mac-017,user-45006,session-0149,0,launchd,Finder,file_read,~/Documents,reads,1,1,0,0,0,0,0,0,5,651,0.05172304129602633,data_exfiltration,T1083,1,synthetic macOS Endpoint Security-style fixture
evt-0149-1,2026-01-16 01:26:23+00:00,mac-017,user-45006,session-0149,1,Finder,zip,exec,/usr/bin/zip,executes,1,1,0,0,0,0,0,0,5,886,0.02715466291485067,data_exfiltration,T1560,1,synthetic macOS Endpoint Security-style fixture
evt-0149-2,2026-01-16 01:26:40+00:00,mac-017,user-45006,session-0149,2,zip,zip,file_write,/tmp/archive.zip,writes,1,1,0,0,0,0,1,0,4,358,0.27297923596066104,data_exfiltration,T1560,1,synthetic macOS Endpoint Security-style fixture
evt-0149-3,2026-01-16 01:27:01+00:00,mac-017,user-45006,session-0149,3,zip,curl,network_connect,upload.example,connects,1,1,0,0,0,0,1,1,5,40252,0.44482082284639973,data_exfiltration,T1041,1,synthetic macOS Endpoint Security-style fixture
evt-0149-4,2026-01-16 01:27:17+00:00,mac-017,user-45006,session-0149,4,curl,curl,network_connect,upload.example,connects,1,1,0,0,0,0,0,1,3,117164,0.2574229665613241,data_exfiltration,T1041,1,synthetic macOS Endpoint Security-style fixture
evt-0149-5,2026-01-16 01:27:35+00:00,mac-017,user-45006,session-0149,5,curl,rm,file_delete,/tmp/archive.zip,deletes,1,1,0,0,0,0,0,0,6,589,0.06160972356697329,data_exfiltration,T1070,1,synthetic macOS Endpoint Security-style fixture
evt-0150-0,2026-01-16 01:33:04+00:00,mac-001,user-82729,session-0150,0,launchd,Mail,exec,/System/Applications,executes,1,1,0,0,0,0,0,0,2,1015,0.0011620614438673238,benign,,0,synthetic macOS Endpoint Security-style fixture
evt-0150-1,2026-01-16 01:33:23+00:00,mac-001,user-82729,session-0150,1,Mail,WindowServer,file_read,~/Pictures,reads,1,1,0,0,0,0,0,0,9,839,0.0609547276356342,benign,,0,synthetic macOS Endpoint Security-style fixture
evt-0150-2,2026-01-16 01:33:42+00:00,mac-001,user-82729,session-0150,2,WindowServer,softwareupdated,file_read,~/Pictures,reads,1,1,0,0,0,0,0,0,3,1181,0.019404280852337207,benign,,0,synthetic macOS Endpoint Security-style fixture
evt-0150-3,2026-01-16 01:33:57+00:00,mac-001,user-82729,session-0150,3,softwareupdated,mdworker,file_read,~/Pictures,reads,1,1,0,0,0,0,0,0,8,1214,0.07459906415421397,benign,,0,synthetic macOS Endpoint Security-style fixture
evt-0150-4,2026-01-16 01:34:17+00:00,mac-001,user-82729,session-0150,4,mdworker,Safari,file_write,~/Documents,writes,1,1,0,0,0,0,0,0,1,5108,0.0,benign,,0,synthetic macOS Endpoint Security-style fixture
evt-0150-5,2026-01-16 01:34:36+00:00,mac-001,user-82729,session-0150,5,Safari,Calendar,file_read,~/Documents,reads,1,1,0,0,0,0,0,0,3,3837,0.0512118452518308,benign,,0,synthetic macOS Endpoint Security-style fixture
evt-0151-0,2026-01-16 01:40:02+00:00,mac-003,user-94679,session-0151,0,launchd,Safari,network_connect,update.example,connects,1,1,0,0,0,0,0,0,5,1634,0.011407105550642786,launchagent_persistence,T1105,1,synthetic macOS Endpoint Security-style fixture
evt-0151-1,2026-01-16 01:40:22+00:00,mac-003,user-94679,session-0151,1,Safari,installer,file_write,/tmp/helper,writes,1,1,0,0,0,0,0,0,3,1818,0.04448905934432265,launchagent_persistence,T1105,1,synthetic macOS Endpoint Security-style fixture
evt-0151-2,2026-01-16 01:40:39+00:00,mac-003,user-94679,session-0151,2,installer,sh,exec,/bin/sh,executes,0,0,0,0,0,0,0,0,3,1022,0.2797379019338703,launchagent_persistence,T1059,1,synthetic macOS Endpoint Security-style fixture
evt-0151-3,2026-01-16 01:41:00+00:00,mac-003,user-94679,session-0151,3,sh,defaults,file_write,~/Library/LaunchAgents/com.demo.agent.plist,writes,0,0,0,0,0,1,0,0,4,950,0.5855852444362073,launchagent_persistence,T1543.001,1,synthetic macOS Endpoint Security-style fixture
evt-0151-4,2026-01-16 01:41:20+00:00,mac-003,user-94679,session-0151,4,defaults,launchctl,exec,com.demo.agent,executes,0,0,0,0,1,1,0,0,1,813,0.565810690351538,launchagent_persistence,T1543.001,1,synthetic macOS Endpoint Security-style fixture
evt-0151-5,2026-01-16 01:41:39+00:00,mac-003,user-94679,session-0151,5,launchctl,helper,exec,/tmp/helper,executes,0,0,0,0,0,0,0,0,2,1211,0.3030852689234575,launchagent_persistence,T1204,1,synthetic macOS Endpoint Security-style fixture
evt-0152-0,2026-01-16 01:47:01+00:00,mac-003,user-74138,session-0152,0,launchd,Safari,network_connect,download.example,connects,1,1,0,0,0,0,0,0,2,491,0.0612653397392282,gatekeeper_bypass,T1105,1,synthetic macOS Endpoint Security-style fixture
evt-0152-1,2026-01-16 01:47:19+00:00,mac-003,user-74138,session-0152,1,Safari,softwareupdated,file_write,~/Downloads/demo.zip,writes,1,1,0,0,0,0,0,0,2,357,0.015325216108061552,gatekeeper_bypass,T1105,1,synthetic macOS Endpoint Security-style fixture
evt-0152-2,2026-01-16 01:47:39+00:00,mac-003,user-74138,session-0152,2,softwareupdated,Finder,exec,/usr/bin/xattr,executes,1,1,0,0,0,0,0,0,5,132,0.0902451937242782,gatekeeper_bypass,T1222,1,synthetic macOS Endpoint Security-style fixture
evt-0152-3,2026-01-16 01:47:58+00:00,mac-003,user-74138,session-0152,3,Finder,backupd,gatekeeper_bypass,unsigned-app.app,bypasses,1,1,0,0,0,0,0,0,4,499,0.05858517103195658,gatekeeper_bypass,T1553.001,1,synthetic macOS Endpoint Security-style fixture
evt-0152-4,2026-01-16 01:48:20+00:00,mac-003,user-74138,session-0152,4,backupd,mdworker,exec,unsigned-app.app,executes,1,1,0,0,0,0,0,0,3,130,0.033695431888134064,gatekeeper_bypass,T1204,1,synthetic macOS Endpoint Security-style fixture
evt-0152-5,2026-01-16 01:48:35+00:00,mac-003,user-74138,session-0152,5,mdworker,Safari,network_connect,callback.example,connects,1,1,0,0,0,0,0,1,3,388,0.25402581992548523,gatekeeper_bypass,T1071,1,synthetic macOS Endpoint Security-style fixture
evt-0153-0,2026-01-16 01:54:03+00:00,mac-024,user-01308,session-0153,0,launchd,Terminal,exec,/bin/zsh,executes,1,1,0,0,0,0,0,0,6,1123,0.03434161417419664,credential_access,T1059,1,synthetic macOS Endpoint Security-style fixture
evt-0153-1,2026-01-16 01:54:20+00:00,mac-024,user-01308,session-0153,1,Terminal,zsh,exec,/usr/bin/python3,executes,1,1,0,0,0,0,0,0,2,3046,0.03705860853033794,credential_access,T1059,1,synthetic macOS Endpoint Security-style fixture
evt-0153-2,2026-01-16 01:54:40+00:00,mac-024,user-01308,session-0153,2,zsh,python3,file_read,~/Library/Keychains/login.keychain-db,reads,0,0,0,0,0,0,1,0,2,1367,0.531350007211796,credential_access,T1555.001,1,synthetic macOS Endpoint Security-style fixture
evt-0153-3,2026-01-16 01:54:57+00:00,mac-024,user-01308,session-0153,3,python3,python3,file_read,~/.ssh/id_ed25519,reads,0,0,0,0,0,0,1,0,2,2410,0.5302173410072455,credential_access,T1552.004,1,synthetic macOS Endpoint Security-style fixture
evt-0153-4,2026-01-16 01:55:19+00:00,mac-024,user-01308,session-0153,4,python3,security,exec,/usr/bin/security,executes,0,0,0,0,0,0,0,0,3,600,0.2237958119674336,credential_access,T1555,1,synthetic macOS Endpoint Security-style fixture
evt-0153-5,2026-01-16 01:55:38+00:00,mac-024,user-01308,session-0153,5,security,python3,network_connect,collector.example,connects,0,0,0,0,0,0,0,1,3,850,0.430678778617898,credential_access,T1041,1,synthetic macOS Endpoint Security-style fixture
evt-0154-0,2026-01-16 01:58:04+00:00,mac-018,user-50327,session-0154,0,launchd,Preview,exec,/usr/bin/open,executes,1,1,0,0,0,0,0,0,7,770,0.07877678511639236,benign,,0,synthetic macOS Endpoint Security-style fixture
evt-0154-1,2026-01-16 01:58:21+00:00,mac-018,user-50327,session-0154,1,Preview,Finder,file_read,/System/Library,reads,1,1,0,0,0,0,0,0,4,1382,0.044846019860262744,benign,,0,synthetic macOS Endpoint Security-style fixture
evt-0154-2,2026-01-16 01:58:38+00:00,mac-018,user-50327,session-0154,2,Finder,Finder,file_write,/System/Library,writes,1,1,0,0,0,0,0,0,8,744,0.09453439484696341,benign,,0,synthetic macOS Endpoint Security-style fixture
evt-0154-3,2026-01-16 01:58:57+00:00,mac-018,user-50327,session-0154,3,Finder,Notes,exec,/System/Applications,executes,1,1,0,0,0,0,0,0,2,2330,0.0739444387576,benign,,0,synthetic macOS Endpoint Security-style fixture
evt-0154-4,2026-01-16 01:59:19+00:00,mac-018,user-50327,session-0154,4,Notes,Safari,file_read,~/Documents,reads,1,1,0,0,0,0,0,0,5,417,0.017612977238032523,benign,,0,synthetic macOS Endpoint Security-style fixture
evt-0154-5,2026-01-16 01:59:37+00:00,mac-018,user-50327,session-0154,5,Safari,Preview,network_connect,calendar.example,connects,1,1,0,0,0,0,0,0,5,247,0.050475515096449514,benign,,0,synthetic macOS Endpoint Security-style fixture
evt-0155-0,2026-01-16 02:06:02+00:00,mac-029,user-07937,session-0155,0,launchd,Calendar,exec,/System/Library/CoreServices,executes,1,1,0,0,0,0,0,0,8,182,0.02117635503916899,benign,,0,synthetic macOS Endpoint Security-style fixture
evt-0155-1,2026-01-16 02:06:21+00:00,mac-029,user-07937,session-0155,1,Calendar,mdworker,exec,/System/Applications,executes,1,1,0,0,0,0,0,0,2,1689,0.04373327565255957,benign,,0,synthetic macOS Endpoint Security-style fixture
evt-0155-2,2026-01-16 02:06:41+00:00,mac-029,user-07937,session-0155,2,mdworker,Mail,exec,/usr/bin/open,executes,1,1,0,0,0,0,0,0,13,843,0.036677829884440016,benign,,0,synthetic macOS Endpoint Security-style fixture
evt-0155-3,2026-01-16 02:07:01+00:00,mac-029,user-07937,session-0155,3,Mail,softwareupdated,network_connect,calendar.example,connects,1,1,0,0,0,0,0,0,4,2026,0.025688105021635578,benign,,0,synthetic macOS Endpoint Security-style fixture
evt-0155-4,2026-01-16 02:07:17+00:00,mac-029,user-07937,session-0155,4,softwareupdated,Preview,file_read,/System/Library,reads,1,1,0,0,0,0,0,0,3,2535,0.023695999069076365,benign,,0,synthetic macOS Endpoint Security-style fixture
evt-0155-5,2026-01-16 02:07:37+00:00,mac-029,user-07937,session-0155,5,Preview,Safari,exec,/System/Library/CoreServices,executes,1,1,0,0,0,0,0,0,7,987,0.053904443893275304,benign,,0,synthetic macOS Endpoint Security-style fixture
evt-0156-0,2026-01-16 02:15:04+00:00,mac-012,user-60226,session-0156,0,launchd,Safari,network_connect,icloud.example,connects,1,1,0,0,0,0,0,0,2,1225,0.011764299982725525,benign,,0,synthetic macOS Endpoint Security-style fixture
evt-0156-1,2026-01-16 02:15:22+00:00,mac-012,user-60226,session-0156,1,Safari,Calendar,exec,/usr/bin/open,executes,1,1,0,0,0,0,0,0,2,1274,0.05506048464922714,benign,,0,synthetic macOS Endpoint Security-style fixture
evt-0156-2,2026-01-16 02:15:38+00:00,mac-012,user-60226,session-0156,2,Calendar,Preview,network_connect,updates.example,connects,1,1,0,0,0,0,0,0,1,789,0.04090506598149567,benign,,0,synthetic macOS Endpoint Security-style fixture
evt-0156-3,2026-01-16 02:15:58+00:00,mac-012,user-60226,session-0156,3,Preview,Finder,exec,/System/Library/CoreServices,executes,1,1,0,0,0,0,0,0,4,112,0.03183744507773685,benign,,0,synthetic macOS Endpoint Security-style fixture
evt-0156-4,2026-01-16 02:16:16+00:00,mac-012,user-60226,session-0156,4,Finder,Preview,network_connect,calendar.example,connects,1,1,0,0,0,0,0,0,5,699,0.03068133249230445,benign,,0,synthetic macOS Endpoint Security-style fixture
evt-0156-5,2026-01-16 02:16:39+00:00,mac-012,user-60226,session-0156,5,Preview,WindowServer,exec,/System/Applications,executes,1,1,0,0,0,0,0,0,5,841,0.07006318919119756,benign,,0,synthetic macOS Endpoint Security-style fixture
evt-0157-0,2026-01-16 02:20:04+00:00,mac-014,user-39685,session-0157,0,launchd,backupd,file_write,~/Library/Preferences,writes,1,1,0,0,0,0,0,0,4,748,0.02666457605208747,benign,,0,synthetic macOS Endpoint Security-style fixture
evt-0157-1,2026-01-16 02:20:22+00:00,mac-014,user-39685,session-0157,1,backupd,softwareupdated,file_read,/System/Library,reads,1,1,0,0,0,0,0,0,0,606,0.07090359931822336,benign,,0,synthetic macOS Endpoint Security-style fixture
evt-0157-2,2026-01-16 02:20:40+00:00,mac-014,user-39685,session-0157,2,softwareupdated,mdworker,network_connect,updates.example,connects,1,1,0,0,0,0,0,0,5,2356,0.05755756967553369,benign,,0,synthetic macOS Endpoint Security-style fixture
evt-0157-3,2026-01-16 02:20:57+00:00,mac-014,user-39685,session-0157,3,mdworker,WindowServer,exec,/System/Library/CoreServices,executes,1,1,0,0,0,0,0,0,3,1373,0.03634125690398825,benign,,0,synthetic macOS Endpoint Security-style fixture
evt-0157-4,2026-01-16 02:21:16+00:00,mac-014,user-39685,session-0157,4,WindowServer,backupd,network_connect,mail.example,connects,1,1,0,0,0,0,0,0,2,1707,0.05080459061650606,benign,,0,synthetic macOS Endpoint Security-style fixture
evt-0157-5,2026-01-16 02:21:39+00:00,mac-014,user-39685,session-0157,5,backupd,Preview,file_read,~/Documents,reads,1,1,0,0,0,0,0,0,4,190,0.0,benign,,0,synthetic macOS Endpoint Security-style fixture
evt-0158-0,2026-01-16 02:27:01+00:00,mac-030,user-45006,session-0158,0,launchd,softwareupdated,file_write,/System/Library,writes,1,1,0,0,0,0,0,0,4,3409,0.041138945527839886,benign,,0,synthetic macOS Endpoint Security-style fixture
evt-0158-1,2026-01-16 02:27:20+00:00,mac-030,user-45006,session-0158,1,softwareupdated,WindowServer,exec,/System/Library/CoreServices,executes,1,1,0,0,0,0,0,0,2,1218,0.027363125450087462,benign,,0,synthetic macOS Endpoint Security-style fixture
evt-0158-2,2026-01-16 02:27:40+00:00,mac-030,user-45006,session-0158,2,WindowServer,mdworker,file_write,~/Pictures,writes,1,1,0,0,0,0,0,0,6,1223,0.03838228512725557,benign,,0,synthetic macOS Endpoint Security-style fixture
evt-0158-3,2026-01-16 02:28:00+00:00,mac-030,user-45006,session-0158,3,mdworker,WindowServer,exec,/System/Applications,executes,1,1,0,0,0,0,0,0,8,2465,0.04876469717157937,benign,,0,synthetic macOS Endpoint Security-style fixture
evt-0158-4,2026-01-16 02:28:16+00:00,mac-030,user-45006,session-0158,4,WindowServer,Finder,network_connect,mail.example,connects,1,1,0,0,0,0,0,0,2,2025,0.060401047631377866,benign,,0,synthetic macOS Endpoint Security-style fixture
evt-0158-5,2026-01-16 02:28:36+00:00,mac-030,user-45006,session-0158,5,Finder,Finder,file_read,~/Pictures,reads,1,1,0,0,0,0,0,0,9,4478,0.02877345936888525,benign,,0,synthetic macOS Endpoint Security-style fixture
evt-0159-0,2026-01-16 02:37:04+00:00,mac-023,user-43044,session-0159,0,launchd,WindowServer,exec,/System/Applications,executes,1,1,0,0,0,0,0,0,5,1291,0.05748774516146861,benign,,0,synthetic macOS Endpoint Security-style fixture
evt-0159-1,2026-01-16 02:37:19+00:00,mac-023,user-43044,session-0159,1,WindowServer,Notes,exec,/System/Library/CoreServices,executes,1,1,0,0,0,0,0,0,3,292,0.04333380353990789,benign,,0,synthetic macOS Endpoint Security-style fixture
evt-0159-2,2026-01-16 02:37:40+00:00,mac-023,user-43044,session-0159,2,Notes,Finder,auth,loginwindow,authenticates,1,1,0,0,0,0,0,0,4,3091,0.06756955618318933,benign,,0,synthetic macOS Endpoint Security-style fixture
evt-0159-3,2026-01-16 02:38:00+00:00,mac-023,user-43044,session-0159,3,Finder,Preview,auth,loginwindow,authenticates,1,1,0,0,0,0,0,0,4,720,0.08834535996864187,benign,,0,synthetic macOS Endpoint Security-style fixture
evt-0159-4,2026-01-16 02:38:16+00:00,mac-023,user-43044,session-0159,4,Preview,Notes,file_read,/System/Library,reads,1,1,0,0,0,0,0,0,4,807,0.011355629102512112,benign,,0,synthetic macOS Endpoint Security-style fixture
evt-0159-5,2026-01-16 02:38:39+00:00,mac-023,user-43044,session-0159,5,Notes,softwareupdated,exec,/usr/bin/open,executes,1,1,0,0,0,0,0,0,2,3487,0.07656293331549945,benign,,0,synthetic macOS Endpoint Security-style fixture
evt-0160-0,2026-01-16 02:44:00+00:00,mac-026,user-36415,session-0160,0,launchd,Mail,exec,/System/Applications,executes,1,1,0,0,0,0,0,0,5,1266,0.014610833452362838,benign,,0,synthetic macOS Endpoint Security-style fixture
evt-0160-1,2026-01-16 02:44:21+00:00,mac-026,user-36415,session-0160,1,Mail,Finder,file_write,~/Documents,writes,1,1,0,0,0,0,0,0,5,1950,0.009056854792568039,benign,,0,synthetic macOS Endpoint Security-style fixture
evt-0160-2,2026-01-16 02:44:39+00:00,mac-026,user-36415,session-0160,2,Finder,softwareupdated,network_connect,updates.example,connects,1,1,0,0,0,0,0,0,6,1723,0.08062465120443374,benign,,0,synthetic macOS Endpoint Security-style fixture
evt-0160-3,2026-01-16 02:44:57+00:00,mac-026,user-36415,session-0160,3,softwareupdated,Safari,file_write,~/Documents,writes,1,1,0,0,0,0,0,0,9,1686,0.0346143285139382,benign,,0,synthetic macOS Endpoint Security-style fixture
evt-0160-4,2026-01-16 02:45:18+00:00,mac-026,user-36415,session-0160,4,Safari,Finder,network_connect,icloud.example,connects,1,1,0,0,0,0,0,0,1,430,0.0572585040342295,benign,,0,synthetic macOS Endpoint Security-style fixture
evt-0160-5,2026-01-16 02:45:39+00:00,mac-026,user-36415,session-0160,5,Finder,backupd,file_read,/System/Library,reads,1,1,0,0,0,0,0,0,3,495,0.03178067788320763,benign,,0,synthetic macOS Endpoint Security-style fixture
evt-0161-0,2026-01-16 02:48:03+00:00,mac-022,user-02616,session-0161,0,launchd,Mail,file_read,~/Library/Preferences,reads,1,1,0,0,0,0,0,0,2,1035,0.06806061023249554,benign,,0,synthetic macOS Endpoint Security-style fixture
evt-0161-1,2026-01-16 02:48:23+00:00,mac-022,user-02616,session-0161,1,Mail,Calendar,auth,loginwindow,authenticates,1,1,0,0,0,0,0,0,2,785,0.06880842562310757,benign,,0,synthetic macOS Endpoint Security-style fixture
evt-0161-2,2026-01-16 02:48:40+00:00,mac-022,user-02616,session-0161,2,Calendar,backupd,file_write,~/Pictures,writes,1,1,0,0,0,0,0,0,3,675,0.06594973225051941,benign,,0,synthetic macOS Endpoint Security-style fixture
evt-0161-3,2026-01-16 02:48:57+00:00,mac-022,user-02616,session-0161,3,backupd,Mail,file_write,~/Documents,writes,1,1,0,0,0,0,0,0,1,1026,0.0012003461718478395,benign,,0,synthetic macOS Endpoint Security-style fixture
evt-0161-4,2026-01-16 02:49:19+00:00,mac-022,user-02616,session-0161,4,Mail,Calendar,file_read,/System/Library,reads,1,1,0,0,0,0,0,0,1,444,0.048066910913424216,benign,,0,synthetic macOS Endpoint Security-style fixture
evt-0161-5,2026-01-16 02:49:36+00:00,mac-022,user-02616,session-0161,5,Calendar,softwareupdated,network_connect,mail.example,connects,1,1,0,0,0,0,0,0,7,1280,0.0,benign,,0,synthetic macOS Endpoint Security-style fixture
evt-0162-0,2026-01-16 02:56:04+00:00,mac-005,user-16528,session-0162,0,launchd,Mail,file_read,~/Documents,reads,1,1,0,0,0,0,0,0,4,766,0.07564488683943137,benign,,0,synthetic macOS Endpoint Security-style fixture
evt-0162-1,2026-01-16 02:56:20+00:00,mac-005,user-16528,session-0162,1,Mail,mdworker,file_read,~/Library/Preferences,reads,1,1,0,0,0,0,0,0,4,1188,0.011351560791497593,benign,,0,synthetic macOS Endpoint Security-style fixture
evt-0162-2,2026-01-16 02:56:42+00:00,mac-005,user-16528,session-0162,2,mdworker,backupd,auth,loginwindow,authenticates,1,1,0,0,0,0,0,0,4,481,0.030729127957837193,benign,,0,synthetic macOS Endpoint Security-style fixture
evt-0162-3,2026-01-16 02:57:01+00:00,mac-005,user-16528,session-0162,3,backupd,WindowServer,auth,loginwindow,authenticates,1,1,0,0,0,0,0,0,3,692,0.05029700293834684,benign,,0,synthetic macOS Endpoint Security-style fixture
evt-0162-4,2026-01-16 02:57:20+00:00,mac-005,user-16528,session-0162,4,WindowServer,softwareupdated,exec,/System/Library/CoreServices,executes,1,1,0,0,0,0,0,0,5,1902,0.04124672110003685,benign,,0,synthetic macOS Endpoint Security-style fixture
evt-0162-5,2026-01-16 02:57:37+00:00,mac-005,user-16528,session-0162,5,softwareupdated,Notes,file_write,~/Library/Preferences,writes,1,1,0,0,0,0,0,0,4,698,0.0540348111015417,benign,,0,synthetic macOS Endpoint Security-style fixture
evt-0163-0,2026-01-16 03:01:04+00:00,mac-010,user-76100,session-0163,0,launchd,Mail,file_write,~/Documents,writes,1,1,0,0,0,0,0,0,4,388,0.03186865216035986,benign,,0,synthetic macOS Endpoint Security-style fixture
evt-0163-1,2026-01-16 03:01:19+00:00,mac-010,user-76100,session-0163,1,Mail,Safari,file_read,/System/Library,reads,1,1,0,0,0,0,0,0,7,1545,0.06627281751969992,benign,,0,synthetic macOS Endpoint Security-style fixture
evt-0163-2,2026-01-16 03:01:42+00:00,mac-010,user-76100,session-0163,2,Safari,Finder,file_read,~/Pictures,reads,1,1,0,0,0,0,0,0,5,2560,0.025590618811239002,benign,,0,synthetic macOS Endpoint Security-style fixture
evt-0163-3,2026-01-16 03:02:00+00:00,mac-010,user-76100,session-0163,3,Finder,WindowServer,exec,/usr/bin/open,executes,1,1,0,0,0,0,0,0,4,874,0.08685329749652643,benign,,0,synthetic macOS Endpoint Security-style fixture
evt-0163-4,2026-01-16 03:02:16+00:00,mac-010,user-76100,session-0163,4,WindowServer,WindowServer,file_write,/System/Library,writes,1,1,0,0,0,0,0,0,4,2593,0.0,benign,,0,synthetic macOS Endpoint Security-style fixture
evt-0163-5,2026-01-16 03:02:37+00:00,mac-010,user-76100,session-0163,5,WindowServer,Preview,file_read,~/Pictures,reads,1,1,0,0,0,0,0,0,4,1581,0.020997703604579948,benign,,0,synthetic macOS Endpoint Security-style fixture
evt-0164-0,2026-01-16 03:09:04+00:00,mac-027,user-04578,session-0164,0,launchd,Safari,network_connect,download.example,connects,1,1,0,0,0,0,0,0,3,349,0.0536169349293028,gatekeeper_bypass,T1105,1,synthetic macOS Endpoint Security-style fixture
evt-0164-1,2026-01-16 03:09:21+00:00,mac-027,user-04578,session-0164,1,Safari,softwareupdated,file_write,~/Downloads/demo.zip,writes,1,1,0,0,0,0,0,0,2,190,0.0069869501657625135,gatekeeper_bypass,T1105,1,synthetic macOS Endpoint Security-style fixture
evt-0164-2,2026-01-16 03:09:38+00:00,mac-027,user-04578,session-0164,2,softwareupdated,Finder,exec,/usr/bin/xattr,executes,1,1,0,0,0,0,0,0,2,198,0.04994386190188377,gatekeeper_bypass,T1222,1,synthetic macOS Endpoint Security-style fixture
evt-0164-3,2026-01-16 03:10:01+00:00,mac-027,user-04578,session-0164,3,Finder,backupd,gatekeeper_bypass,unsigned-app.app,bypasses,1,1,0,0,0,0,0,0,4,373,0.054878950160421394,gatekeeper_bypass,T1553.001,1,synthetic macOS Endpoint Security-style fixture
evt-0164-4,2026-01-16 03:10:18+00:00,mac-027,user-04578,session-0164,4,backupd,mdworker,exec,unsigned-app.app,executes,1,1,0,0,0,0,0,0,5,332,0.03035289754096313,gatekeeper_bypass,T1204,1,synthetic macOS Endpoint Security-style fixture
evt-0164-5,2026-01-16 03:10:37+00:00,mac-027,user-04578,session-0164,5,mdworker,Safari,network_connect,callback.example,connects,1,1,0,0,0,0,0,1,7,274,0.21641259075623107,gatekeeper_bypass,T1071,1,synthetic macOS Endpoint Security-style fixture
evt-0165-0,2026-01-16 03:17:01+00:00,mac-001,user-17836,session-0165,0,launchd,Preview,network_connect,icloud.example,connects,1,1,0,0,0,0,0,0,6,3056,0.02164938826945406,benign,,0,synthetic macOS Endpoint Security-style fixture
evt-0165-1,2026-01-16 03:17:20+00:00,mac-001,user-17836,session-0165,1,Preview,backupd,auth,loginwindow,authenticates,1,1,0,0,0,0,0,0,2,543,0.030646085140269775,benign,,0,synthetic macOS Endpoint Security-style fixture
evt-0165-2,2026-01-16 03:17:40+00:00,mac-001,user-17836,session-0165,2,backupd,WindowServer,auth,loginwindow,authenticates,1,1,0,0,0,0,0,0,5,1043,0.06977127610645226,benign,,0,synthetic macOS Endpoint Security-style fixture
evt-0165-3,2026-01-16 03:18:00+00:00,mac-001,user-17836,session-0165,3,WindowServer,Mail,exec,/usr/bin/open,executes,1,1,0,0,0,0,0,0,9,709,0.0,benign,,0,synthetic macOS Endpoint Security-style fixture
evt-0165-4,2026-01-16 03:18:19+00:00,mac-001,user-17836,session-0165,4,Mail,Calendar,exec,/usr/bin/open,executes,1,1,0,0,0,0,0,0,5,470,0.046418967000947955,benign,,0,synthetic macOS Endpoint Security-style fixture
evt-0165-5,2026-01-16 03:18:36+00:00,mac-001,user-17836,session-0165,5,Calendar,Calendar,file_write,/System/Library,writes,1,1,0,0,0,0,0,0,2,515,0.06865473444162158,benign,,0,synthetic macOS Endpoint Security-style fixture
evt-0166-0,2026-01-16 03:25:03+00:00,mac-019,user-12515,session-0166,0,launchd,Mail,file_write,~/Downloads/invoice.pdf,writes,1,1,0,0,0,0,0,0,4,5853,0.004418529391162107,ransomware_burst,T1566,1,synthetic macOS Endpoint Security-style fixture
evt-0166-1,2026-01-16 03:25:21+00:00,mac-019,user-12515,session-0166,1,Mail,Preview,exec,invoice.pdf,executes,1,1,0,0,0,0,0,0,5,909,0.020733179426810133,ransomware_burst,T1204,1,synthetic macOS Endpoint Security-style fixture
evt-0166-2,2026-01-16 03:25:39+00:00,mac-019,user-12515,session-0166,2,Preview,sh,exec,/bin/sh,executes,0,0,0,0,0,0,0,0,5,5321,0.20473867465700207,ransomware_burst,T1059,1,synthetic macOS Endpoint Security-style fixture
evt-0166-3,2026-01-16 03:26:00+00:00,mac-019,user-12515,session-0166,3,sh,encryptor,file_write,~/Documents,writes,0,0,0,0,0,0,0,0,178,604,0.27534199948386134,ransomware_burst,T1486,1,synthetic macOS Endpoint Security-style fixture
evt-0166-4,2026-01-16 03:26:17+00:00,mac-019,user-12515,session-0166,4,encryptor,encryptor,file_write,~/Pictures,writes,0,0,0,0,0,0,0,0,145,965,0.29243259401201255,ransomware_burst,T1486,1,synthetic macOS Endpoint Security-style fixture
evt-0166-5,2026-01-16 03:26:35+00:00,mac-019,user-12515,session-0166,5,encryptor,encryptor,file_write,~/Desktop,writes,0,0,0,0,0,0,0,0,114,523,0.22848001756948297,ransomware_burst,T1486,1,synthetic macOS Endpoint Security-style fixture
evt-0167-0,2026-01-16 03:29:01+00:00,mac-001,user-97295,session-0167,0,launchd,WindowServer,auth,loginwindow,authenticates,1,1,0,0,0,0,0,0,8,1063,0.038156828026133335,benign,,0,synthetic macOS Endpoint Security-style fixture
evt-0167-1,2026-01-16 03:29:21+00:00,mac-001,user-97295,session-0167,1,WindowServer,Finder,auth,loginwindow,authenticates,1,1,0,0,0,0,0,0,5,955,0.008269885715934434,benign,,0,synthetic macOS Endpoint Security-style fixture
evt-0167-2,2026-01-16 03:29:38+00:00,mac-001,user-97295,session-0167,2,Finder,mdworker,auth,loginwindow,authenticates,1,1,0,0,0,0,0,0,4,2021,0.03992737666006512,benign,,0,synthetic macOS Endpoint Security-style fixture
evt-0167-3,2026-01-16 03:29:59+00:00,mac-001,user-97295,session-0167,3,mdworker,Calendar,exec,/usr/bin/open,executes,1,1,0,0,0,0,0,0,3,1093,0.06622448163889381,benign,,0,synthetic macOS Endpoint Security-style fixture
evt-0167-4,2026-01-16 03:30:20+00:00,mac-001,user-97295,session-0167,4,Calendar,Safari,auth,loginwindow,authenticates,1,1,0,0,0,0,0,0,3,662,0.041049977178602294,benign,,0,synthetic macOS Endpoint Security-style fixture
evt-0167-5,2026-01-16 03:30:35+00:00,mac-001,user-97295,session-0167,5,Safari,Finder,file_write,~/Pictures,writes,1,1,0,0,0,0,0,0,4,1972,0.04464033769227453,benign,,0,synthetic macOS Endpoint Security-style fixture
evt-0168-0,2026-01-16 03:37:02+00:00,mac-015,user-48276,session-0168,0,launchd,Safari,network_connect,downloads.example,connects,1,1,0,0,0,0,0,0,5,2178,0.08193548400035666,download_execute,T1105,1,synthetic macOS Endpoint Security-style fixture
evt-0168-1,2026-01-16 03:37:23+00:00,mac-015,user-48276,session-0168,1,Safari,softwareupdated,file_write,/tmp/sample.bin,writes,1,1,0,0,0,0,0,0,5,434,0.02822224976383253,download_execute,T1105,1,synthetic macOS Endpoint Security-style fixture
evt-0168-2,2026-01-16 03:37:42+00:00,mac-015,user-48276,session-0168,2,softwareupdated,Finder,exec,/bin/sh,executes,1,1,0,0,0,0,0,0,2,276,0.04761566048698104,download_execute,T1059,1,synthetic macOS Endpoint Security-style fixture
evt-0168-3,2026-01-16 03:38:01+00:00,mac-015,user-48276,session-0168,3,Finder,backupd,file_write,/tmp/sample.bin,writes,1,1,0,0,0,0,0,0,5,207,0.040177361883140285,download_execute,T1222,1,synthetic macOS Endpoint Security-style fixture
evt-0168-4,2026-01-16 03:38:19+00:00,mac-015,user-48276,session-0168,4,backupd,mdworker,exec,/tmp/sample.bin,executes,1,1,0,0,1,0,0,0,3,431,0.014329496580662297,download_execute,T1204,1,synthetic macOS Endpoint Security-style fixture
evt-0168-5,2026-01-16 03:38:35+00:00,mac-015,user-48276,session-0168,5,mdworker,Safari,network_connect,control.example,connects,1,1,0,0,0,0,0,1,3,255,0.23111333331381492,download_execute,T1071,1,synthetic macOS Endpoint Security-style fixture
evt-0169-0,2026-01-16 03:43:04+00:00,mac-021,user-66855,session-0169,0,launchd,Safari,network_connect,update.example,connects,1,1,0,0,0,0,0,0,2,2013,0.07341131729207825,launchagent_persistence,T1105,1,synthetic macOS Endpoint Security-style fixture
evt-0169-1,2026-01-16 03:43:23+00:00,mac-021,user-66855,session-0169,1,Safari,installer,file_write,/tmp/helper,writes,1,1,0,0,0,0,0,0,4,2212,0.049932364139875555,launchagent_persistence,T1105,1,synthetic macOS Endpoint Security-style fixture
evt-0169-2,2026-01-16 03:43:38+00:00,mac-021,user-66855,session-0169,2,installer,sh,exec,/bin/sh,executes,0,0,0,0,0,0,0,0,5,1689,0.26683394359994256,launchagent_persistence,T1059,1,synthetic macOS Endpoint Security-style fixture
evt-0169-3,2026-01-16 03:43:59+00:00,mac-021,user-66855,session-0169,3,sh,defaults,file_write,~/Library/LaunchAgents/com.demo.agent.plist,writes,0,0,0,0,0,1,0,0,3,1492,0.558324801588298,launchagent_persistence,T1543.001,1,synthetic macOS Endpoint Security-style fixture
evt-0169-4,2026-01-16 03:44:16+00:00,mac-021,user-66855,session-0169,4,defaults,launchctl,exec,com.demo.agent,executes,0,0,0,0,1,1,0,0,7,614,0.55956215657121,launchagent_persistence,T1543.001,1,synthetic macOS Endpoint Security-style fixture
evt-0169-5,2026-01-16 03:44:37+00:00,mac-021,user-66855,session-0169,5,launchctl,helper,exec,/tmp/helper,executes,0,0,0,0,0,0,0,0,7,322,0.23405783280823256,launchagent_persistence,T1204,1,synthetic macOS Endpoint Security-style fixture
evt-0170-0,2026-01-16 03:54:04+00:00,mac-014,user-60880,session-0170,0,launchd,softwareupdated,auth,loginwindow,authenticates,1,1,0,0,0,0,0,0,3,1935,0.05155881151677647,benign,,0,synthetic macOS Endpoint Security-style fixture
evt-0170-1,2026-01-16 03:54:23+00:00,mac-014,user-60880,session-0170,1,softwareupdated,softwareupdated,exec,/System/Library/CoreServices,executes,1,1,0,0,0,0,0,0,4,433,0.007546024708984578,benign,,0,synthetic macOS Endpoint Security-style fixture
evt-0170-2,2026-01-16 03:54:41+00:00,mac-014,user-60880,session-0170,2,softwareupdated,Finder,network_connect,mail.example,connects,1,1,0,0,0,0,0,0,5,536,0.03017577839706828,benign,,0,synthetic macOS Endpoint Security-style fixture
evt-0170-3,2026-01-16 03:54:58+00:00,mac-014,user-60880,session-0170,3,Finder,Notes,network_connect,calendar.example,connects,1,1,0,0,0,0,0,0,7,566,0.017853469590482285,benign,,0,synthetic macOS Endpoint Security-style fixture
evt-0170-4,2026-01-16 03:55:17+00:00,mac-014,user-60880,session-0170,4,Notes,Preview,file_read,/System/Library,reads,1,1,0,0,0,0,0,0,3,782,0.0549447721132396,benign,,0,synthetic macOS Endpoint Security-style fixture
evt-0170-5,2026-01-16 03:55:37+00:00,mac-014,user-60880,session-0170,5,Preview,Finder,auth,loginwindow,authenticates,1,1,0,0,0,0,0,0,2,4412,0.004156241654080357,benign,,0,synthetic macOS Endpoint Security-style fixture
evt-0171-0,2026-01-16 03:57:04+00:00,mac-003,user-35761,session-0171,0,launchd,Terminal,exec,/bin/zsh,executes,1,1,0,0,0,0,0,0,3,477,0.044216691655117504,benign,,0,synthetic macOS Endpoint Security-style fixture
evt-0171-1,2026-01-16 03:57:21+00:00,mac-003,user-35761,session-0171,1,Terminal,zsh,exec,/usr/local/bin/brew,executes,0,0,0,0,0,0,0,0,2,803,0.3243505906318343,benign,,0,synthetic macOS Endpoint Security-style fixture
evt-0171-2,2026-01-16 03:57:41+00:00,mac-003,user-35761,session-0171,2,zsh,brew,network_connect,packages.example,connects,0,0,0,0,0,0,0,0,3,1216,0.24952325732135605,benign,,0,synthetic macOS Endpoint Security-style fixture
evt-0171-3,2026-01-16 03:58:00+00:00,mac-003,user-35761,session-0171,3,brew,softwareupdated,file_write,/Library/Updates,writes,1,1,0,0,0,1,0,0,75,254,0.34273747813902367,benign,,0,synthetic macOS Endpoint Security-style fixture
evt-0171-4,2026-01-16 03:58:16+00:00,mac-003,user-35761,session-0171,4,softwareupdated,security,file_read,login.keychain-db,reads,1,1,0,0,0,0,1,0,1,4821,0.2867828211093152,benign,,0,synthetic macOS Endpoint Security-style fixture
evt-0171-5,2026-01-16 03:58:38+00:00,mac-003,user-35761,session-0171,5,security,backupd,network_connect,backup.example,connects,1,1,0,0,0,0,0,1,5,41652,0.23287422718623538,benign,,0,synthetic macOS Endpoint Security-style fixture
evt-0172-0,2026-01-16 04:05:01+00:00,mac-009,user-22503,session-0172,0,launchd,softwareupdated,exec,/System/Library/CoreServices,executes,1,1,0,0,0,0,0,0,2,761,0.0,benign,,0,synthetic macOS Endpoint Security-style fixture
evt-0172-1,2026-01-16 04:05:20+00:00,mac-009,user-22503,session-0172,1,softwareupdated,mdworker,file_write,~/Library/Preferences,writes,1,1,0,0,0,0,0,0,7,732,0.04496038937268411,benign,,0,synthetic macOS Endpoint Security-style fixture
evt-0172-2,2026-01-16 04:05:40+00:00,mac-009,user-22503,session-0172,2,mdworker,Notes,exec,/System/Applications,executes,1,1,0,0,0,0,0,0,4,3974,0.03707308347296412,benign,,0,synthetic macOS Endpoint Security-style fixture
evt-0172-3,2026-01-16 04:05:58+00:00,mac-009,user-22503,session-0172,3,Notes,Finder,network_connect,mail.example,connects,1,1,0,0,0,0,0,0,5,2492,0.0,benign,,0,synthetic macOS Endpoint Security-style fixture
evt-0172-4,2026-01-16 04:06:17+00:00,mac-009,user-22503,session-0172,4,Finder,Finder,file_write,/System/Library,writes,1,1,0,0,0,0,0,0,2,755,0.029606782141449278,benign,,0,synthetic macOS Endpoint Security-style fixture
evt-0172-5,2026-01-16 04:06:37+00:00,mac-009,user-22503,session-0172,5,Finder,backupd,exec,/System/Library/CoreServices,executes,1,1,0,0,0,0,0,0,4,1101,0.008631313042145691,benign,,0,synthetic macOS Endpoint Security-style fixture
evt-0173-0,2026-01-16 04:14:00+00:00,mac-021,user-97949,session-0173,0,launchd,Mail,exec,/System/Applications,executes,1,1,0,0,0,0,0,0,1,227,0.033938465066906176,benign,,0,synthetic macOS Endpoint Security-style fixture
evt-0173-1,2026-01-16 04:14:20+00:00,mac-021,user-97949,session-0173,1,Mail,Safari,exec,/System/Applications,executes,1,1,0,0,0,0,0,0,2,816,0.07337702088251798,benign,,0,synthetic macOS Endpoint Security-style fixture
evt-0173-2,2026-01-16 04:14:41+00:00,mac-021,user-97949,session-0173,2,Safari,Mail,network_connect,calendar.example,connects,1,1,0,0,0,0,0,0,3,1045,0.04140122365738818,benign,,0,synthetic macOS Endpoint Security-style fixture
evt-0173-3,2026-01-16 04:14:57+00:00,mac-021,user-97949,session-0173,3,Mail,mdworker,auth,loginwindow,authenticates,1,1,0,0,0,0,0,0,1,1071,0.029817152067392994,benign,,0,synthetic macOS Endpoint Security-style fixture
evt-0173-4,2026-01-16 04:15:17+00:00,mac-021,user-97949,session-0173,4,mdworker,Finder,network_connect,mail.example,connects,1,1,0,0,0,0,0,0,4,2140,0.042705440040763314,benign,,0,synthetic macOS Endpoint Security-style fixture
evt-0173-5,2026-01-16 04:15:38+00:00,mac-021,user-97949,session-0173,5,Finder,softwareupdated,exec,/System/Library/CoreServices,executes,1,1,0,0,0,0,0,0,2,379,0.0565929685921355,benign,,0,synthetic macOS Endpoint Security-style fixture
evt-0174-0,2026-01-16 04:20:04+00:00,mac-003,user-83383,session-0174,0,launchd,Safari,network_connect,downloads.example,connects,1,1,0,0,0,0,0,0,3,362,0.04770241336285201,download_execute,T1105,1,synthetic macOS Endpoint Security-style fixture
evt-0174-1,2026-01-16 04:20:22+00:00,mac-003,user-83383,session-0174,1,Safari,curl,file_write,/tmp/sample.bin,writes,1,1,0,0,0,0,0,0,3,1014,0.06337550476831462,download_execute,T1105,1,synthetic macOS Endpoint Security-style fixture
evt-0174-2,2026-01-16 04:20:39+00:00,mac-003,user-83383,session-0174,2,curl,sh,exec,/bin/sh,executes,0,0,0,0,0,0,0,0,1,4895,0.2782990334596266,download_execute,T1059,1,synthetic macOS Endpoint Security-style fixture
evt-0174-3,2026-01-16 04:21:00+00:00,mac-003,user-83383,session-0174,3,sh,chmod,file_write,/tmp/sample.bin,writes,0,0,0,0,0,0,0,0,4,586,0.24711899389670253,download_execute,T1222,1,synthetic macOS Endpoint Security-style fixture
evt-0174-4,2026-01-16 04:21:16+00:00,mac-003,user-83383,session-0174,4,chmod,sample.bin,exec,/tmp/sample.bin,executes,0,0,0,1,1,0,0,0,1,822,0.24583290607906774,download_execute,T1204,1,synthetic macOS Endpoint Security-style fixture
evt-0174-5,2026-01-16 04:21:37+00:00,mac-003,user-83383,session-0174,5,sample.bin,sample.bin,network_connect,control.example,connects,0,0,0,0,0,0,0,1,4,2353,0.42562166903778514,download_execute,T1071,1,synthetic macOS Endpoint Security-style fixture
evt-0175-0,2026-01-16 04:26:03+00:00,mac-006,user-15874,session-0175,0,launchd,WindowServer,exec,/System/Applications,executes,1,1,0,0,0,0,0,0,6,837,0.07099445771517587,benign,,0,synthetic macOS Endpoint Security-style fixture
evt-0175-1,2026-01-16 04:26:23+00:00,mac-006,user-15874,session-0175,1,WindowServer,Preview,exec,/System/Library/CoreServices,executes,1,1,0,0,0,0,0,0,7,281,0.039895356109205915,benign,,0,synthetic macOS Endpoint Security-style fixture
evt-0175-2,2026-01-16 04:26:39+00:00,mac-006,user-15874,session-0175,2,Preview,mdworker,network_connect,calendar.example,connects,1,1,0,0,0,0,0,0,4,959,0.037732978884803495,benign,,0,synthetic macOS Endpoint Security-style fixture
evt-0175-3,2026-01-16 04:26:58+00:00,mac-006,user-15874,session-0175,3,mdworker,Mail,file_read,~/Library/Preferences,reads,1,1,0,0,0,0,0,0,4,1742,0.0660589016431319,benign,,0,synthetic macOS Endpoint Security-style fixture
evt-0175-4,2026-01-16 04:27:19+00:00,mac-006,user-15874,session-0175,4,Mail,softwareupdated,exec,/System/Applications,executes,1,1,0,0,0,0,0,0,3,1043,0.08297112198610113,benign,,0,synthetic macOS Endpoint Security-style fixture
evt-0175-5,2026-01-16 04:27:36+00:00,mac-006,user-15874,session-0175,5,softwareupdated,mdworker,file_read,~/Documents,reads,1,1,0,0,0,0,0,0,4,625,0.031623222000936736,benign,,0,synthetic macOS Endpoint Security-style fixture
evt-0176-0,2026-01-16 04:34:01+00:00,mac-025,user-01308,session-0176,0,launchd,softwareupdated,file_write,~/Library/Preferences,writes,1,1,0,0,0,0,0,0,2,1018,0.051493617486220555,benign,,0,synthetic macOS Endpoint Security-style fixture
evt-0176-1,2026-01-16 04:34:19+00:00,mac-025,user-01308,session-0176,1,softwareupdated,WindowServer,auth,loginwindow,authenticates,1,1,0,0,0,0,0,0,5,2934,0.008418684554682546,benign,,0,synthetic macOS Endpoint Security-style fixture
evt-0176-2,2026-01-16 04:34:41+00:00,mac-025,user-01308,session-0176,2,WindowServer,Mail,file_read,~/Library/Preferences,reads,1,1,0,0,0,0,0,0,2,985,0.0027626524417228224,benign,,0,synthetic macOS Endpoint Security-style fixture
evt-0176-3,2026-01-16 04:34:59+00:00,mac-025,user-01308,session-0176,3,Mail,mdworker,exec,/System/Applications,executes,1,1,0,0,0,0,0,0,4,243,0.0625426270330589,benign,,0,synthetic macOS Endpoint Security-style fixture
evt-0176-4,2026-01-16 04:35:20+00:00,mac-025,user-01308,session-0176,4,mdworker,Notes,exec,/System/Library/CoreServices,executes,1,1,0,0,0,0,0,0,2,3696,0.058080989554806985,benign,,0,synthetic macOS Endpoint Security-style fixture
evt-0176-5,2026-01-16 04:35:36+00:00,mac-025,user-01308,session-0176,5,Notes,mdworker,auth,loginwindow,authenticates,1,1,0,0,0,0,0,0,5,93,0.03512493961274057,benign,,0,synthetic macOS Endpoint Security-style fixture
evt-0177-0,2026-01-16 04:41:01+00:00,mac-011,user-48276,session-0177,0,launchd,Finder,exec,/System/Applications,executes,1,1,0,0,0,0,0,0,5,1664,0.03457253189848729,benign,,0,synthetic macOS Endpoint Security-style fixture
evt-0177-1,2026-01-16 04:41:23+00:00,mac-011,user-48276,session-0177,1,Finder,Notes,auth,loginwindow,authenticates,1,1,0,0,0,0,0,0,4,1363,0.02376231274409178,benign,,0,synthetic macOS Endpoint Security-style fixture
evt-0177-2,2026-01-16 04:41:41+00:00,mac-011,user-48276,session-0177,2,Notes,Safari,file_write,/System/Library,writes,1,1,0,0,0,0,0,0,3,1975,0.0,benign,,0,synthetic macOS Endpoint Security-style fixture
evt-0177-3,2026-01-16 04:42:01+00:00,mac-011,user-48276,session-0177,3,Safari,Preview,exec,/System/Applications,executes,1,1,0,0,0,0,0,0,7,244,0.04870775246352199,benign,,0,synthetic macOS Endpoint Security-style fixture
evt-0177-4,2026-01-16 04:42:18+00:00,mac-011,user-48276,session-0177,4,Preview,mdworker,file_write,~/Library/Preferences,writes,1,1,0,0,0,0,0,0,0,293,0.0231901538826494,benign,,0,synthetic macOS Endpoint Security-style fixture
evt-0177-5,2026-01-16 04:42:39+00:00,mac-011,user-48276,session-0177,5,mdworker,Safari,file_read,~/Library/Preferences,reads,1,1,0,0,0,0,0,0,4,881,0.01317326682344214,benign,,0,synthetic macOS Endpoint Security-style fixture
evt-0178-0,2026-01-16 04:50:00+00:00,mac-013,user-04578,session-0178,0,launchd,Calendar,exec,/System/Applications,executes,1,1,0,0,0,0,0,0,6,2155,0.02875833651955197,benign,,0,synthetic macOS Endpoint Security-style fixture
evt-0178-1,2026-01-16 04:50:20+00:00,mac-013,user-04578,session-0178,1,Calendar,Notes,auth,loginwindow,authenticates,1,1,0,0,0,0,0,0,2,1163,0.05397368218062063,benign,,0,synthetic macOS Endpoint Security-style fixture
evt-0178-2,2026-01-16 04:50:41+00:00,mac-013,user-04578,session-0178,2,Notes,backupd,exec,/System/Library/CoreServices,executes,1,1,0,0,0,0,0,0,5,1082,0.04871754995046596,benign,,0,synthetic macOS Endpoint Security-style fixture
evt-0178-3,2026-01-16 04:50:57+00:00,mac-013,user-04578,session-0178,3,backupd,Safari,network_connect,calendar.example,connects,1,1,0,0,0,0,0,0,5,1301,0.04377893079197592,benign,,0,synthetic macOS Endpoint Security-style fixture
evt-0178-4,2026-01-16 04:51:16+00:00,mac-013,user-04578,session-0178,4,Safari,backupd,file_write,~/Pictures,writes,1,1,0,0,0,0,0,0,6,1319,0.05699460483245639,benign,,0,synthetic macOS Endpoint Security-style fixture
evt-0178-5,2026-01-16 04:51:36+00:00,mac-013,user-04578,session-0178,5,backupd,softwareupdated,auth,loginwindow,authenticates,1,1,0,0,0,0,0,0,4,5688,0.045864761705761065,benign,,0,synthetic macOS Endpoint Security-style fixture
evt-0179-0,2026-01-16 04:56:02+00:00,mac-001,user-95333,session-0179,0,launchd,WindowServer,file_write,~/Library/Preferences,writes,1,1,0,0,0,0,0,0,2,602,0.040329841399536014,benign,,0,synthetic macOS Endpoint Security-style fixture
evt-0179-1,2026-01-16 04:56:20+00:00,mac-001,user-95333,session-0179,1,WindowServer,Notes,file_read,~/Documents,reads,1,1,0,0,0,0,0,0,0,1783,0.08903629559409118,benign,,0,synthetic macOS Endpoint Security-style fixture
evt-0179-2,2026-01-16 04:56:38+00:00,mac-001,user-95333,session-0179,2,Notes,Notes,network_connect,mail.example,connects,1,1,0,0,0,0,0,0,6,344,0.03854076886829067,benign,,0,synthetic macOS Endpoint Security-style fixture
evt-0179-3,2026-01-16 04:57:00+00:00,mac-001,user-95333,session-0179,3,Notes,Notes,file_read,~/Pictures,reads,1,1,0,0,0,0,0,0,3,1563,0.05082067261983592,benign,,0,synthetic macOS Endpoint Security-style fixture
evt-0179-4,2026-01-16 04:57:20+00:00,mac-001,user-95333,session-0179,4,Notes,mdworker,file_read,~/Pictures,reads,1,1,0,0,0,0,0,0,1,4952,0.08976724485990101,benign,,0,synthetic macOS Endpoint Security-style fixture
evt-0179-5,2026-01-16 04:57:38+00:00,mac-001,user-95333,session-0179,5,mdworker,Mail,network_connect,updates.example,connects,1,1,0,0,0,0,0,0,4,1214,0.001554163705571411,benign,,0,synthetic macOS Endpoint Security-style fixture
evt-0180-0,2026-01-16 05:04:02+00:00,mac-029,user-11861,session-0180,0,launchd,Calendar,network_connect,mail.example,connects,1,1,0,0,0,0,0,0,4,1728,0.019774861877209036,benign,,0,synthetic macOS Endpoint Security-style fixture
evt-0180-1,2026-01-16 05:04:20+00:00,mac-029,user-11861,session-0180,1,Calendar,Finder,network_connect,updates.example,connects,1,1,0,0,0,0,0,0,4,960,0.06607478593317882,benign,,0,synthetic macOS Endpoint Security-style fixture
evt-0180-2,2026-01-16 05:04:41+00:00,mac-029,user-11861,session-0180,2,Finder,mdworker,file_read,/System/Library,reads,1,1,0,0,0,0,0,0,3,586,0.0,benign,,0,synthetic macOS Endpoint Security-style fixture
evt-0180-3,2026-01-16 05:05:00+00:00,mac-029,user-11861,session-0180,3,mdworker,Finder,auth,loginwindow,authenticates,1,1,0,0,0,0,0,0,5,835,0.06592837346688216,benign,,0,synthetic macOS Endpoint Security-style fixture
evt-0180-4,2026-01-16 05:05:18+00:00,mac-029,user-11861,session-0180,4,Finder,softwareupdated,file_write,~/Documents,writes,1,1,0,0,0,0,0,0,3,641,0.039481503613359954,benign,,0,synthetic macOS Endpoint Security-style fixture
evt-0180-5,2026-01-16 05:05:37+00:00,mac-029,user-11861,session-0180,5,softwareupdated,Finder,network_connect,calendar.example,connects,1,1,0,0,0,0,0,0,2,2353,0.06285760315573932,benign,,0,synthetic macOS Endpoint Security-style fixture
evt-0181-0,2026-01-16 05:10:04+00:00,mac-025,user-08591,session-0181,0,launchd,mdworker,network_connect,calendar.example,connects,1,1,0,0,0,0,0,0,4,4008,0.038420504295839215,benign,,0,synthetic macOS Endpoint Security-style fixture
evt-0181-1,2026-01-16 05:10:20+00:00,mac-025,user-08591,session-0181,1,mdworker,softwareupdated,file_read,/System/Library,reads,1,1,0,0,0,0,0,0,4,872,0.060728832384478,benign,,0,synthetic macOS Endpoint Security-style fixture
evt-0181-2,2026-01-16 05:10:41+00:00,mac-025,user-08591,session-0181,2,softwareupdated,Notes,exec,/System/Applications,executes,1,1,0,0,0,0,0,0,3,939,0.05000986000114311,benign,,0,synthetic macOS Endpoint Security-style fixture
evt-0181-3,2026-01-16 05:11:01+00:00,mac-025,user-08591,session-0181,3,Notes,WindowServer,network_connect,icloud.example,connects,1,1,0,0,0,0,0,0,6,708,0.07121414451893515,benign,,0,synthetic macOS Endpoint Security-style fixture
evt-0181-4,2026-01-16 05:11:18+00:00,mac-025,user-08591,session-0181,4,WindowServer,Safari,exec,/System/Library/CoreServices,executes,1,1,0,0,0,0,0,0,3,1771,0.05377455714864176,benign,,0,synthetic macOS Endpoint Security-style fixture
evt-0181-5,2026-01-16 05:11:39+00:00,mac-025,user-08591,session-0181,5,Safari,Mail,network_connect,icloud.example,connects,1,1,0,0,0,0,0,0,3,2987,0.07849147682424787,benign,,0,synthetic macOS Endpoint Security-style fixture
evt-0182-0,2026-01-16 05:18:04+00:00,mac-013,user-14566,session-0182,0,launchd,WindowServer,file_write,~/Documents,writes,1,1,0,0,0,0,0,0,3,1010,0.03522618092821235,benign,,0,synthetic macOS Endpoint Security-style fixture
evt-0182-1,2026-01-16 05:18:20+00:00,mac-013,user-14566,session-0182,1,WindowServer,Mail,exec,/usr/bin/open,executes,1,1,0,0,0,0,0,0,4,1500,0.048590056558992754,benign,,0,synthetic macOS Endpoint Security-style fixture
evt-0182-2,2026-01-16 05:18:38+00:00,mac-013,user-14566,session-0182,2,Mail,Preview,auth,loginwindow,authenticates,1,1,0,0,0,0,0,0,6,7231,0.05872574977791433,benign,,0,synthetic macOS Endpoint Security-style fixture
evt-0182-3,2026-01-16 05:18:59+00:00,mac-013,user-14566,session-0182,3,Preview,Safari,exec,/usr/bin/open,executes,1,1,0,0,0,0,0,0,9,698,0.0,benign,,0,synthetic macOS Endpoint Security-style fixture
evt-0182-4,2026-01-16 05:19:16+00:00,mac-013,user-14566,session-0182,4,Safari,Notes,exec,/System/Applications,executes,1,1,0,0,0,0,0,0,2,986,0.045183474240320466,benign,,0,synthetic macOS Endpoint Security-style fixture
evt-0182-5,2026-01-16 05:19:35+00:00,mac-013,user-14566,session-0182,5,Notes,backupd,file_write,/System/Library,writes,1,1,0,0,0,0,0,0,6,277,0.047364071095695265,benign,,0,synthetic macOS Endpoint Security-style fixture
evt-0183-0,2026-01-16 05:21:01+00:00,mac-030,user-12515,session-0183,0,launchd,Terminal,exec,/bin/zsh,executes,1,1,0,0,0,0,0,0,6,546,0.02212566675076139,credential_access,T1059,1,synthetic macOS Endpoint Security-style fixture
evt-0183-1,2026-01-16 05:21:22+00:00,mac-030,user-12515,session-0183,1,Terminal,zsh,exec,/usr/bin/python3,executes,1,1,0,0,0,0,0,0,8,2079,0.0,credential_access,T1059,1,synthetic macOS Endpoint Security-style fixture
evt-0183-2,2026-01-16 05:21:39+00:00,mac-030,user-12515,session-0183,2,zsh,python3,file_read,~/Library/Keychains/login.keychain-db,reads,0,0,0,0,0,0,1,0,5,2070,0.45138748456420724,credential_access,T1555.001,1,synthetic macOS Endpoint Security-style fixture
evt-0183-3,2026-01-16 05:22:01+00:00,mac-030,user-12515,session-0183,3,python3,python3,file_read,~/.ssh/id_ed25519,reads,0,0,0,0,0,0,1,0,5,2322,0.5008018797072933,credential_access,T1552.004,1,synthetic macOS Endpoint Security-style fixture
evt-0183-4,2026-01-16 05:22:16+00:00,mac-030,user-12515,session-0183,4,python3,security,exec,/usr/bin/security,executes,0,0,0,0,0,0,0,0,5,1572,0.24236298377424095,credential_access,T1555,1,synthetic macOS Endpoint Security-style fixture
evt-0183-5,2026-01-16 05:22:38+00:00,mac-030,user-12515,session-0183,5,security,python3,network_connect,collector.example,connects,0,0,0,0,0,0,0,1,5,1375,0.45713469102499193,credential_access,T1041,1,synthetic macOS Endpoint Security-style fixture
evt-0184-0,2026-01-16 05:32:03+00:00,mac-025,user-03270,session-0184,0,launchd,WindowServer,file_write,~/Documents,writes,1,1,0,0,0,0,0,0,4,752,0.03466801010800572,benign,,0,synthetic macOS Endpoint Security-style fixture
evt-0184-1,2026-01-16 05:32:19+00:00,mac-025,user-03270,session-0184,1,WindowServer,Preview,exec,/System/Applications,executes,1,1,0,0,0,0,0,0,4,930,0.02827751320289461,benign,,0,synthetic macOS Endpoint Security-style fixture
evt-0184-2,2026-01-16 05:32:42+00:00,mac-025,user-03270,session-0184,2,Preview,WindowServer,exec,/System/Applications,executes,1,1,0,0,0,0,0,0,4,742,0.06215128381651728,benign,,0,synthetic macOS Endpoint Security-style fixture
evt-0184-3,2026-01-16 05:33:00+00:00,mac-025,user-03270,session-0184,3,WindowServer,mdworker,exec,/System/Library/CoreServices,executes,1,1,0,0,0,0,0,0,4,594,0.05319369979998511,benign,,0,synthetic macOS Endpoint Security-style fixture
evt-0184-4,2026-01-16 05:33:17+00:00,mac-025,user-03270,session-0184,4,mdworker,WindowServer,file_read,~/Library/Preferences,reads,1,1,0,0,0,0,0,0,4,159,0.08413390391234057,benign,,0,synthetic macOS Endpoint Security-style fixture
evt-0184-5,2026-01-16 05:33:37+00:00,mac-025,user-03270,session-0184,5,WindowServer,Finder,file_read,/System/Library,reads,1,1,0,0,0,0,0,0,6,746,0.04050644498367356,benign,,0,synthetic macOS Endpoint Security-style fixture
evt-0185-0,2026-01-16 05:38:03+00:00,mac-028,user-84037,session-0185,0,launchd,Finder,file_read,~/Documents,reads,1,1,0,0,0,0,0,0,0,5318,0.04018699116072618,data_exfiltration,T1083,1,synthetic macOS Endpoint Security-style fixture
evt-0185-1,2026-01-16 05:38:19+00:00,mac-028,user-84037,session-0185,1,Finder,zip,exec,/usr/bin/zip,executes,1,1,0,0,0,0,0,0,4,400,0.0,data_exfiltration,T1560,1,synthetic macOS Endpoint Security-style fixture
evt-0185-2,2026-01-16 05:38:41+00:00,mac-028,user-84037,session-0185,2,zip,zip,file_write,/tmp/archive.zip,writes,1,1,0,0,0,0,1,0,3,1357,0.2396377128034648,data_exfiltration,T1560,1,synthetic macOS Endpoint Security-style fixture
evt-0185-3,2026-01-16 05:38:58+00:00,mac-028,user-84037,session-0185,3,zip,curl,network_connect,upload.example,connects,1,1,0,0,0,0,1,1,5,69808,0.4587165499365801,data_exfiltration,T1041,1,synthetic macOS Endpoint Security-style fixture
evt-0185-4,2026-01-16 05:39:16+00:00,mac-028,user-84037,session-0185,4,curl,curl,network_connect,upload.example,connects,1,1,0,0,0,0,0,1,8,121550,0.24951942336611013,data_exfiltration,T1041,1,synthetic macOS Endpoint Security-style fixture
evt-0185-5,2026-01-16 05:39:39+00:00,mac-028,user-84037,session-0185,5,curl,rm,file_delete,/tmp/archive.zip,deletes,1,1,0,0,0,0,0,0,2,602,0.004997443044558653,data_exfiltration,T1070,1,synthetic macOS Endpoint Security-style fixture
evt-0186-0,2026-01-16 05:45:02+00:00,mac-024,user-17182,session-0186,0,launchd,Safari,network_connect,downloads.example,connects,1,1,0,0,0,0,0,0,2,1676,0.051043505364522665,download_execute,T1105,1,synthetic macOS Endpoint Security-style fixture
evt-0186-1,2026-01-16 05:45:22+00:00,mac-024,user-17182,session-0186,1,Safari,curl,file_write,/tmp/sample.bin,writes,1,1,0,0,0,0,0,0,3,2710,0.032985690298640985,download_execute,T1105,1,synthetic macOS Endpoint Security-style fixture
evt-0186-2,2026-01-16 05:45:39+00:00,mac-024,user-17182,session-0186,2,curl,sh,exec,/bin/sh,executes,0,0,0,0,0,0,0,0,4,2529,0.2514507025659965,download_execute,T1059,1,synthetic macOS Endpoint Security-style fixture
evt-0186-3,2026-01-16 05:45:59+00:00,mac-024,user-17182,session-0186,3,sh,chmod,file_write,/tmp/sample.bin,writes,0,0,0,0,0,0,0,0,5,856,0.2502410699197686,download_execute,T1222,1,synthetic macOS Endpoint Security-style fixture
evt-0186-4,2026-01-16 05:46:17+00:00,mac-024,user-17182,session-0186,4,chmod,sample.bin,exec,/tmp/sample.bin,executes,0,0,0,1,1,0,0,0,4,1749,0.2504008743515785,download_execute,T1204,1,synthetic macOS Endpoint Security-style fixture
evt-0186-5,2026-01-16 05:46:37+00:00,mac-024,user-17182,session-0186,5,sample.bin,sample.bin,network_connect,control.example,connects,0,0,0,0,0,0,0,1,4,680,0.4510534375734187,download_execute,T1071,1,synthetic macOS Endpoint Security-style fixture
evt-0187-0,2026-01-16 05:52:04+00:00,mac-017,user-88704,session-0187,0,launchd,Safari,network_connect,update.example,connects,1,1,0,0,0,0,0,0,2,963,0.02364887412551009,launchagent_persistence,T1105,1,synthetic macOS Endpoint Security-style fixture
evt-0187-1,2026-01-16 05:52:22+00:00,mac-017,user-88704,session-0187,1,Safari,installer,file_write,/tmp/helper,writes,1,1,0,0,0,0,0,0,4,1165,0.05674385241779793,launchagent_persistence,T1105,1,synthetic macOS Endpoint Security-style fixture
evt-0187-2,2026-01-16 05:52:38+00:00,mac-017,user-88704,session-0187,2,installer,sh,exec,/bin/sh,executes,0,0,0,0,0,0,0,0,4,424,0.29262277544610826,launchagent_persistence,T1059,1,synthetic macOS Endpoint Security-style fixture
evt-0187-3,2026-01-16 05:52:58+00:00,mac-017,user-88704,session-0187,3,sh,defaults,file_write,~/Library/LaunchAgents/com.demo.agent.plist,writes,0,0,0,0,0,1,0,0,6,1226,0.5456757133615157,launchagent_persistence,T1543.001,1,synthetic macOS Endpoint Security-style fixture
evt-0187-4,2026-01-16 05:53:19+00:00,mac-017,user-88704,session-0187,4,defaults,launchctl,exec,com.demo.agent,executes,0,0,0,0,1,1,0,0,5,356,0.5554822850902498,launchagent_persistence,T1543.001,1,synthetic macOS Endpoint Security-style fixture
evt-0187-5,2026-01-16 05:53:35+00:00,mac-017,user-88704,session-0187,5,launchctl,helper,exec,/tmp/helper,executes,0,0,0,0,0,0,0,0,3,1229,0.24020729903006427,launchagent_persistence,T1204,1,synthetic macOS Endpoint Security-style fixture
evt-0188-0,2026-01-16 05:57:03+00:00,mac-014,user-83383,session-0188,0,launchd,Notes,exec,/usr/bin/open,executes,1,1,0,0,0,0,0,0,6,240,0.01996518101902111,benign,,0,synthetic macOS Endpoint Security-style fixture
evt-0188-1,2026-01-16 05:57:20+00:00,mac-014,user-83383,session-0188,1,Notes,WindowServer,network_connect,calendar.example,connects,1,1,0,0,0,0,0,0,3,1082,0.05000758516246722,benign,,0,synthetic macOS Endpoint Security-style fixture
evt-0188-2,2026-01-16 05:57:41+00:00,mac-014,user-83383,session-0188,2,WindowServer,Safari,auth,loginwindow,authenticates,1,1,0,0,0,0,0,0,7,701,0.08886227279903619,benign,,0,synthetic macOS Endpoint Security-style fixture
evt-0188-3,2026-01-16 05:58:01+00:00,mac-014,user-83383,session-0188,3,Safari,mdworker,exec,/usr/bin/open,executes,1,1,0,0,0,0,0,0,4,2272,0.035064452058384175,benign,,0,synthetic macOS Endpoint Security-style fixture
evt-0188-4,2026-01-16 05:58:19+00:00,mac-014,user-83383,session-0188,4,mdworker,Preview,file_read,/System/Library,reads,1,1,0,0,0,0,0,0,7,345,0.029828387136132367,benign,,0,synthetic macOS Endpoint Security-style fixture
evt-0188-5,2026-01-16 05:58:38+00:00,mac-014,user-83383,session-0188,5,Preview,Notes,network_connect,updates.example,connects,1,1,0,0,0,0,0,0,2,714,0.0433429201936628,benign,,0,synthetic macOS Endpoint Security-style fixture
evt-0189-0,2026-01-16 06:05:03+00:00,mac-014,user-15220,session-0189,0,launchd,mdworker,network_connect,icloud.example,connects,1,1,0,0,0,0,0,0,5,451,0.06570297739940276,benign,,0,synthetic macOS Endpoint Security-style fixture
evt-0189-1,2026-01-16 06:05:20+00:00,mac-014,user-15220,session-0189,1,mdworker,Safari,network_connect,mail.example,connects,1,1,0,0,0,0,0,0,5,641,0.0,benign,,0,synthetic macOS Endpoint Security-style fixture
evt-0189-2,2026-01-16 06:05:41+00:00,mac-014,user-15220,session-0189,2,Safari,Calendar,network_connect,mail.example,connects,1,1,0,0,0,0,0,0,9,2023,0.03487631392567376,benign,,0,synthetic macOS Endpoint Security-style fixture
evt-0189-3,2026-01-16 06:06:00+00:00,mac-014,user-15220,session-0189,3,Calendar,Safari,file_read,~/Documents,reads,1,1,0,0,0,0,0,0,6,1339,0.06589252204724076,benign,,0,synthetic macOS Endpoint Security-style fixture
evt-0189-4,2026-01-16 06:06:19+00:00,mac-014,user-15220,session-0189,4,Safari,softwareupdated,file_write,/System/Library,writes,1,1,0,0,0,0,0,0,5,1383,0.03752253520329705,benign,,0,synthetic macOS Endpoint Security-style fixture
evt-0189-5,2026-01-16 06:06:37+00:00,mac-014,user-15220,session-0189,5,softwareupdated,softwareupdated,exec,/usr/bin/open,executes,1,1,0,0,0,0,0,0,2,844,0.006926576427420478,benign,,0,synthetic macOS Endpoint Security-style fixture
evt-0190-0,2026-01-16 06:10:03+00:00,mac-020,user-91320,session-0190,0,launchd,Terminal,exec,/bin/zsh,executes,1,1,0,0,0,0,0,0,4,505,0.08321163472012343,benign,,0,synthetic macOS Endpoint Security-style fixture
evt-0190-1,2026-01-16 06:10:22+00:00,mac-020,user-91320,session-0190,1,Terminal,zsh,exec,/usr/local/bin/brew,executes,0,0,0,0,0,0,0,0,3,1538,0.2611252693872837,benign,,0,synthetic macOS Endpoint Security-style fixture
evt-0190-2,2026-01-16 06:10:42+00:00,mac-020,user-91320,session-0190,2,zsh,brew,network_connect,packages.example,connects,0,0,0,0,0,0,0,0,2,845,0.25566582861535886,benign,,0,synthetic macOS Endpoint Security-style fixture
evt-0190-3,2026-01-16 06:10:58+00:00,mac-020,user-91320,session-0190,3,brew,softwareupdated,file_write,/Library/Updates,writes,1,1,0,0,0,1,0,0,49,1870,0.358113089850514,benign,,0,synthetic macOS Endpoint Security-style fixture
evt-0190-4,2026-01-16 06:11:16+00:00,mac-020,user-91320,session-0190,4,softwareupdated,security,file_read,login.keychain-db,reads,1,1,0,0,0,0,1,0,7,312,0.20943060946563613,benign,,0,synthetic macOS Endpoint Security-style fixture
evt-0190-5,2026-01-16 06:11:38+00:00,mac-020,user-91320,session-0190,5,security,backupd,network_connect,backup.example,connects,1,1,0,0,0,0,0,1,5,8411,0.25145703033225375,benign,,0,synthetic macOS Endpoint Security-style fixture
evt-0191-0,2026-01-16 06:20:04+00:00,mac-027,user-39031,session-0191,0,launchd,Safari,file_read,~/Pictures,reads,1,1,0,0,0,0,0,0,5,3440,0.01774239210281758,benign,,0,synthetic macOS Endpoint Security-style fixture
evt-0191-1,2026-01-16 06:20:19+00:00,mac-027,user-39031,session-0191,1,Safari,Finder,exec,/System/Applications,executes,1,1,0,0,0,0,0,0,5,492,0.06575463496503754,benign,,0,synthetic macOS Endpoint Security-style fixture
evt-0191-2,2026-01-16 06:20:40+00:00,mac-027,user-39031,session-0191,2,Finder,Notes,auth,loginwindow,authenticates,1,1,0,0,0,0,0,0,3,1696,0.04688932247406365,benign,,0,synthetic macOS Endpoint Security-style fixture
evt-0191-3,2026-01-16 06:20:58+00:00,mac-027,user-39031,session-0191,3,Notes,Preview,file_read,~/Library/Preferences,reads,1,1,0,0,0,0,0,0,4,2459,0.02209313583325356,benign,,0,synthetic macOS Endpoint Security-style fixture
evt-0191-4,2026-01-16 06:21:19+00:00,mac-027,user-39031,session-0191,4,Preview,mdworker,network_connect,icloud.example,connects,1,1,0,0,0,0,0,0,4,2554,0.02196275881889314,benign,,0,synthetic macOS Endpoint Security-style fixture
evt-0191-5,2026-01-16 06:21:38+00:00,mac-027,user-39031,session-0191,5,mdworker,Mail,file_write,/System/Library,writes,1,1,0,0,0,0,0,0,4,1745,0.05931025369775284,benign,,0,synthetic macOS Endpoint Security-style fixture
evt-0192-0,2026-01-16 06:24:03+00:00,mac-019,user-30440,session-0192,0,launchd,Finder,file_read,~/Documents,reads,1,1,0,0,0,0,0,0,4,1629,0.0721865565962118,benign,,0,synthetic macOS Endpoint Security-style fixture
evt-0192-1,2026-01-16 06:24:20+00:00,mac-019,user-30440,session-0192,1,Finder,mdworker,network_connect,mail.example,connects,1,1,0,0,0,0,0,0,3,1774,0.06729726322236655,benign,,0,synthetic macOS Endpoint Security-style fixture
evt-0192-2,2026-01-16 06:24:39+00:00,mac-019,user-30440,session-0192,2,mdworker,softwareupdated,network_connect,icloud.example,connects,1,1,0,0,0,0,0,0,6,273,0.07349337612246509,benign,,0,synthetic macOS Endpoint Security-style fixture
evt-0192-3,2026-01-16 06:24:59+00:00,mac-019,user-30440,session-0192,3,softwareupdated,softwareupdated,exec,/System/Applications,executes,1,1,0,0,0,0,0,0,3,1383,0.0254853583925371,benign,,0,synthetic macOS Endpoint Security-style fixture
evt-0192-4,2026-01-16 06:25:17+00:00,mac-019,user-30440,session-0192,4,softwareupdated,Mail,auth,loginwindow,authenticates,1,1,0,0,0,0,0,0,4,422,0.06635021600152313,benign,,0,synthetic macOS Endpoint Security-style fixture
evt-0192-5,2026-01-16 06:25:37+00:00,mac-019,user-30440,session-0192,5,Mail,backupd,exec,/System/Applications,executes,1,1,0,0,0,0,0,0,3,4526,0.0611939872394422,benign,,0,synthetic macOS Endpoint Security-style fixture
evt-0193-0,2026-01-16 06:32:03+00:00,mac-003,user-02616,session-0193,0,launchd,Safari,network_connect,update.example,connects,1,1,0,0,0,0,0,0,3,3314,0.04797107600351139,launchagent_persistence,T1105,1,synthetic macOS Endpoint Security-style fixture
evt-0193-1,2026-01-16 06:32:22+00:00,mac-003,user-02616,session-0193,1,Safari,installer,file_write,/tmp/helper,writes,1,1,0,0,0,0,0,0,3,2132,0.0306314028423414,launchagent_persistence,T1105,1,synthetic macOS Endpoint Security-style fixture
evt-0193-2,2026-01-16 06:32:38+00:00,mac-003,user-02616,session-0193,2,installer,sh,exec,/bin/sh,executes,0,0,0,0,0,0,0,0,11,583,0.24870610192317946,launchagent_persistence,T1059,1,synthetic macOS Endpoint Security-style fixture
evt-0193-3,2026-01-16 06:32:58+00:00,mac-003,user-02616,session-0193,3,sh,defaults,file_write,~/Library/LaunchAgents/com.demo.agent.plist,writes,0,0,0,0,0,1,0,0,3,394,0.5776248446501535,launchagent_persistence,T1543.001,1,synthetic macOS Endpoint Security-style fixture
evt-0193-4,2026-01-16 06:33:20+00:00,mac-003,user-02616,session-0193,4,defaults,launchctl,exec,com.demo.agent,executes,0,0,0,0,1,1,0,0,5,5372,0.5601646539024888,launchagent_persistence,T1543.001,1,synthetic macOS Endpoint Security-style fixture
evt-0193-5,2026-01-16 06:33:38+00:00,mac-003,user-02616,session-0193,5,launchctl,helper,exec,/tmp/helper,executes,0,0,0,0,0,0,0,0,10,1072,0.284844177626407,launchagent_persistence,T1204,1,synthetic macOS Endpoint Security-style fixture
evt-0194-0,2026-01-16 06:41:03+00:00,mac-011,user-52943,session-0194,0,launchd,Safari,network_connect,download.example,connects,1,1,0,0,0,0,0,0,7,198,0.02313108150192286,gatekeeper_bypass,T1105,1,synthetic macOS Endpoint Security-style fixture
evt-0194-1,2026-01-16 06:41:21+00:00,mac-011,user-52943,session-0194,1,Safari,Archive Utility,file_write,~/Downloads/demo.zip,writes,1,1,0,0,0,0,0,0,4,1753,0.04397664207566704,gatekeeper_bypass,T1105,1,synthetic macOS Endpoint Security-style fixture
evt-0194-2,2026-01-16 06:41:38+00:00,mac-011,user-52943,session-0194,2,Archive Utility,xattr,exec,/usr/bin/xattr,executes,0,0,0,0,0,0,0,0,5,1529,0.2358687370317116,gatekeeper_bypass,T1222,1,synthetic macOS Endpoint Security-style fixture
evt-0194-3,2026-01-16 06:41:58+00:00,mac-011,user-52943,session-0194,3,xattr,Finder,gatekeeper_bypass,unsigned-app.app,bypasses,0,0,1,0,0,0,0,0,2,446,0.5817569991421238,gatekeeper_bypass,T1553.001,1,synthetic macOS Endpoint Security-style fixture
evt-0194-4,2026-01-16 06:42:18+00:00,mac-011,user-52943,session-0194,4,Finder,unsigned-app,exec,unsigned-app.app,executes,0,0,0,0,0,0,0,0,4,4616,0.2355442146969257,gatekeeper_bypass,T1204,1,synthetic macOS Endpoint Security-style fixture
evt-0194-5,2026-01-16 06:42:35+00:00,mac-011,user-52943,session-0194,5,unsigned-app,unsigned-app,network_connect,callback.example,connects,0,0,0,0,0,0,0,1,7,1128,0.4326546873327448,gatekeeper_bypass,T1071,1,synthetic macOS Endpoint Security-style fixture
evt-0195-0,2026-01-16 06:46:03+00:00,mac-024,user-18490,session-0195,0,launchd,Safari,network_connect,calendar.example,connects,1,1,0,0,0,0,0,0,7,1165,0.05383669753470366,benign,,0,synthetic macOS Endpoint Security-style fixture
evt-0195-1,2026-01-16 06:46:19+00:00,mac-024,user-18490,session-0195,1,Safari,Mail,network_connect,icloud.example,connects,1,1,0,0,0,0,0,0,6,1832,0.05721027634721963,benign,,0,synthetic macOS Endpoint Security-style fixture
evt-0195-2,2026-01-16 06:46:39+00:00,mac-024,user-18490,session-0195,2,Mail,WindowServer,file_read,~/Library/Preferences,reads,1,1,0,0,0,0,0,0,9,144,0.029992834245462154,benign,,0,synthetic macOS Endpoint Security-style fixture
evt-0195-3,2026-01-16 06:46:58+00:00,mac-024,user-18490,session-0195,3,WindowServer,WindowServer,network_connect,calendar.example,connects,1,1,0,0,0,0,0,0,4,4865,0.009106479225054417,benign,,0,synthetic macOS Endpoint Security-style fixture
evt-0195-4,2026-01-16 06:47:19+00:00,mac-024,user-18490,session-0195,4,WindowServer,Calendar,file_read,~/Pictures,reads,1,1,0,0,0,0,0,0,3,698,0.028154920564807652,benign,,0,synthetic macOS Endpoint Security-style fixture
evt-0195-5,2026-01-16 06:47:37+00:00,mac-024,user-18490,session-0195,5,Calendar,Safari,file_read,~/Documents,reads,1,1,0,0,0,0,0,0,4,977,0.09396559317252143,benign,,0,synthetic macOS Endpoint Security-style fixture
evt-0196-0,2026-01-16 06:56:01+00:00,mac-004,user-36415,session-0196,0,launchd,Calendar,auth,loginwindow,authenticates,1,1,0,0,0,0,0,0,2,5418,0.03973838014223844,benign,,0,synthetic macOS Endpoint Security-style fixture
evt-0196-1,2026-01-16 06:56:23+00:00,mac-004,user-36415,session-0196,1,Calendar,Safari,network_connect,calendar.example,connects,1,1,0,0,0,0,0,0,6,523,0.029330891941786612,benign,,0,synthetic macOS Endpoint Security-style fixture
evt-0196-2,2026-01-16 06:56:39+00:00,mac-004,user-36415,session-0196,2,Safari,Mail,file_write,~/Pictures,writes,1,1,0,0,0,0,0,0,2,622,0.028536231014352327,benign,,0,synthetic macOS Endpoint Security-style fixture
evt-0196-3,2026-01-16 06:57:00+00:00,mac-004,user-36415,session-0196,3,Mail,WindowServer,network_connect,updates.example,connects,1,1,0,0,0,0,0,0,4,1289,0.0720690463208838,benign,,0,synthetic macOS Endpoint Security-style fixture
evt-0196-4,2026-01-16 06:57:17+00:00,mac-004,user-36415,session-0196,4,WindowServer,Calendar,file_read,~/Documents,reads,1,1,0,0,0,0,0,0,3,1846,0.011521894519040003,benign,,0,synthetic macOS Endpoint Security-style fixture
evt-0196-5,2026-01-16 06:57:35+00:00,mac-004,user-36415,session-0196,5,Calendar,Finder,file_write,~/Library/Preferences,writes,1,1,0,0,0,0,0,0,5,109,0.05671524873706146,benign,,0,synthetic macOS Endpoint Security-style fixture
evt-0197-0,2026-01-16 07:02:01+00:00,mac-003,user-84037,session-0197,0,launchd,WindowServer,file_read,~/Documents,reads,1,1,0,0,0,0,0,0,7,3808,0.0578591329193506,benign,,0,synthetic macOS Endpoint Security-style fixture
evt-0197-1,2026-01-16 07:02:19+00:00,mac-003,user-84037,session-0197,1,WindowServer,softwareupdated,exec,/System/Library/CoreServices,executes,1,1,0,0,0,0,0,0,2,3332,0.03047138782347062,benign,,0,synthetic macOS Endpoint Security-style fixture
evt-0197-2,2026-01-16 07:02:40+00:00,mac-003,user-84037,session-0197,2,softwareupdated,mdworker,exec,/System/Applications,executes,1,1,0,0,0,0,0,0,3,891,0.04031381807775713,benign,,0,synthetic macOS Endpoint Security-style fixture
evt-0197-3,2026-01-16 07:02:57+00:00,mac-003,user-84037,session-0197,3,mdworker,Safari,file_read,~/Pictures,reads,1,1,0,0,0,0,0,0,5,960,0.0,benign,,0,synthetic macOS Endpoint Security-style fixture
evt-0197-4,2026-01-16 07:03:17+00:00,mac-003,user-84037,session-0197,4,Safari,Calendar,exec,/System/Library/CoreServices,executes,1,1,0,0,0,0,0,0,9,843,0.01534262113568912,benign,,0,synthetic macOS Endpoint Security-style fixture
evt-0197-5,2026-01-16 07:03:36+00:00,mac-003,user-84037,session-0197,5,Calendar,backupd,exec,/System/Applications,executes,1,1,0,0,0,0,0,0,4,1973,0.02043821185362271,benign,,0,synthetic macOS Endpoint Security-style fixture
evt-0198-0,2026-01-16 07:07:00+00:00,mac-010,user-74792,session-0198,0,launchd,mdworker,file_write,~/Documents,writes,1,1,0,0,0,0,0,0,2,231,0.09685462575796003,benign,,0,synthetic macOS Endpoint Security-style fixture
evt-0198-1,2026-01-16 07:07:23+00:00,mac-010,user-74792,session-0198,1,mdworker,backupd,exec,/System/Library/CoreServices,executes,1,1,0,0,0,0,0,0,2,1044,0.0,benign,,0,synthetic macOS Endpoint Security-style fixture
evt-0198-2,2026-01-16 07:07:41+00:00,mac-010,user-74792,session-0198,2,backupd,Safari,file_write,~/Pictures,writes,1,1,0,0,0,0,0,0,2,3928,0.04113237410812706,benign,,0,synthetic macOS Endpoint Security-style fixture
evt-0198-3,2026-01-16 07:07:58+00:00,mac-010,user-74792,session-0198,3,Safari,WindowServer,file_write,~/Library/Preferences,writes,1,1,0,0,0,0,0,0,3,4028,0.07965207479303002,benign,,0,synthetic macOS Endpoint Security-style fixture
evt-0198-4,2026-01-16 07:08:19+00:00,mac-010,user-74792,session-0198,4,WindowServer,Mail,file_read,~/Pictures,reads,1,1,0,0,0,0,0,0,4,3642,0.08148039217916306,benign,,0,synthetic macOS Endpoint Security-style fixture
evt-0198-5,2026-01-16 07:08:39+00:00,mac-010,user-74792,session-0198,5,Mail,Safari,file_read,/System/Library,reads,1,1,0,0,0,0,0,0,4,1085,0.03547909703150962,benign,,0,synthetic macOS Endpoint Security-style fixture
evt-0199-0,2026-01-16 07:15:01+00:00,mac-025,user-79459,session-0199,0,launchd,Safari,network_connect,update.example,connects,1,1,0,0,0,0,0,0,3,500,0.056064371248486344,launchagent_persistence,T1105,1,synthetic macOS Endpoint Security-style fixture
evt-0199-1,2026-01-16 07:15:20+00:00,mac-025,user-79459,session-0199,1,Safari,installer,file_write,/tmp/helper,writes,1,1,0,0,0,0,0,0,2,1672,0.08107044169621173,launchagent_persistence,T1105,1,synthetic macOS Endpoint Security-style fixture
evt-0199-2,2026-01-16 07:15:42+00:00,mac-025,user-79459,session-0199,2,installer,sh,exec,/bin/sh,executes,0,0,0,0,0,0,0,0,5,1876,0.26542321713542466,launchagent_persistence,T1059,1,synthetic macOS Endpoint Security-style fixture
evt-0199-3,2026-01-16 07:15:59+00:00,mac-025,user-79459,session-0199,3,sh,defaults,file_write,~/Library/LaunchAgents/com.demo.agent.plist,writes,0,0,0,0,0,1,0,0,2,1409,0.570452802407327,launchagent_persistence,T1543.001,1,synthetic macOS Endpoint Security-style fixture
evt-0199-4,2026-01-16 07:16:18+00:00,mac-025,user-79459,session-0199,4,defaults,launchctl,exec,com.demo.agent,executes,0,0,0,0,1,1,0,0,2,3803,0.555887603398177,launchagent_persistence,T1543.001,1,synthetic macOS Endpoint Security-style fixture
evt-0199-5,2026-01-16 07:16:35+00:00,mac-025,user-79459,session-0199,5,launchctl,helper,exec,/tmp/helper,executes,0,0,0,0,0,0,0,0,2,2671,0.2606641902839387,launchagent_persistence,T1204,1,synthetic macOS Endpoint Security-style fixture
evt-0200-0,2026-01-16 07:23:04+00:00,mac-021,user-57610,session-0200,0,launchd,backupd,file_read,~/Library/Preferences,reads,1,1,0,0,0,0,0,0,5,2050,0.1053727299896583,benign,,0,synthetic macOS Endpoint Security-style fixture
evt-0200-1,2026-01-16 07:23:23+00:00,mac-021,user-57610,session-0200,1,backupd,Preview,network_connect,mail.example,connects,1,1,0,0,0,0,0,0,10,1304,0.06774576905600078,benign,,0,synthetic macOS Endpoint Security-style fixture
evt-0200-2,2026-01-16 07:23:40+00:00,mac-021,user-57610,session-0200,2,Preview,Calendar,file_write,~/Pictures,writes,1,1,0,0,0,0,0,0,2,4535,0.04326535993948262,benign,,0,synthetic macOS Endpoint Security-style fixture
evt-0200-3,2026-01-16 07:23:59+00:00,mac-021,user-57610,session-0200,3,Calendar,Safari,exec,/System/Library/CoreServices,executes,1,1,0,0,0,0,0,0,4,549,0.050194725148947635,benign,,0,synthetic macOS Endpoint Security-style fixture
evt-0200-4,2026-01-16 07:24:20+00:00,mac-021,user-57610,session-0200,4,Safari,Finder,network_connect,mail.example,connects,1,1,0,0,0,0,0,0,4,1401,0.0,benign,,0,synthetic macOS Endpoint Security-style fixture
evt-0200-5,2026-01-16 07:24:39+00:00,mac-021,user-57610,session-0200,5,Finder,Preview,file_write,~/Library/Preferences,writes,1,1,0,0,0,0,0,0,3,781,0.009255116900840334,benign,,0,synthetic macOS Endpoint Security-style fixture
evt-0201-0,2026-01-16 07:30:03+00:00,mac-016,user-86088,session-0201,0,launchd,Safari,file_read,~/Documents,reads,1,1,0,0,0,0,0,0,3,1041,0.0006590476024490241,benign,,0,synthetic macOS Endpoint Security-style fixture
evt-0201-1,2026-01-16 07:30:23+00:00,mac-016,user-86088,session-0201,1,Safari,Safari,file_write,~/Library/Preferences,writes,1,1,0,0,0,0,0,0,2,2279,0.036281635230819814,benign,,0,synthetic macOS Endpoint Security-style fixture
evt-0201-2,2026-01-16 07:30:39+00:00,mac-016,user-86088,session-0201,2,Safari,Safari,file_write,~/Library/Preferences,writes,1,1,0,0,0,0,0,0,5,2217,0.039199673620915025,benign,,0,synthetic macOS Endpoint Security-style fixture
evt-0201-3,2026-01-16 07:30:57+00:00,mac-016,user-86088,session-0201,3,Safari,WindowServer,exec,/System/Library/CoreServices,executes,1,1,0,0,0,0,0,0,5,1551,0.03231429272708586,benign,,0,synthetic macOS Endpoint Security-style fixture
evt-0201-4,2026-01-16 07:31:18+00:00,mac-016,user-86088,session-0201,4,WindowServer,Notes,file_read,~/Library/Preferences,reads,1,1,0,0,0,0,0,0,2,1594,0.02094774541708081,benign,,0,synthetic macOS Endpoint Security-style fixture
evt-0201-5,2026-01-16 07:31:37+00:00,mac-016,user-86088,session-0201,5,Notes,Calendar,network_connect,mail.example,connects,1,1,0,0,0,0,0,0,8,1546,0.082394298265686,benign,,0,synthetic macOS Endpoint Security-style fixture
evt-0202-0,2026-01-16 07:36:02+00:00,mac-028,user-88050,session-0202,0,launchd,mdworker,file_read,~/Library/Preferences,reads,1,1,0,0,0,0,0,0,2,2589,0.027290090315829855,benign,,0,synthetic macOS Endpoint Security-style fixture
evt-0202-1,2026-01-16 07:36:20+00:00,mac-028,user-88050,session-0202,1,mdworker,Finder,network_connect,mail.example,connects,1,1,0,0,0,0,0,0,6,14173,0.01712063274066706,benign,,0,synthetic macOS Endpoint Security-style fixture
evt-0202-2,2026-01-16 07:36:38+00:00,mac-028,user-88050,session-0202,2,Finder,mdworker,network_connect,mail.example,connects,1,1,0,0,0,0,0,0,2,857,0.06730142562815766,benign,,0,synthetic macOS Endpoint Security-style fixture
evt-0202-3,2026-01-16 07:37:00+00:00,mac-028,user-88050,session-0202,3,mdworker,Safari,file_write,~/Pictures,writes,1,1,0,0,0,0,0,0,5,922,0.032088223933752894,benign,,0,synthetic macOS Endpoint Security-style fixture
evt-0202-4,2026-01-16 07:37:16+00:00,mac-028,user-88050,session-0202,4,Safari,Finder,file_read,~/Library/Preferences,reads,1,1,0,0,0,0,0,0,7,436,0.07008145557541973,benign,,0,synthetic macOS Endpoint Security-style fixture
evt-0202-5,2026-01-16 07:37:39+00:00,mac-028,user-88050,session-0202,5,Finder,Preview,network_connect,icloud.example,connects,1,1,0,0,0,0,0,0,0,681,0.029933796046161632,benign,,0,synthetic macOS Endpoint Security-style fixture
evt-0203-0,2026-01-16 07:42:01+00:00,mac-020,user-46314,session-0203,0,launchd,Finder,file_read,~/Documents,reads,1,1,0,0,0,0,0,0,7,2014,0.05910119099561868,data_exfiltration,T1083,1,synthetic macOS Endpoint Security-style fixture
evt-0203-1,2026-01-16 07:42:19+00:00,mac-020,user-46314,session-0203,1,Finder,zip,exec,/usr/bin/zip,executes,1,1,0,0,0,0,0,0,1,6298,0.03246195997806767,data_exfiltration,T1560,1,synthetic macOS Endpoint Security-style fixture
evt-0203-2,2026-01-16 07:42:42+00:00,mac-020,user-46314,session-0203,2,zip,zip,file_write,/tmp/archive.zip,writes,1,1,0,0,0,0,1,0,5,846,0.2906064218036496,data_exfiltration,T1560,1,synthetic macOS Endpoint Security-style fixture
evt-0203-3,2026-01-16 07:43:01+00:00,mac-020,user-46314,session-0203,3,zip,curl,network_connect,upload.example,connects,1,1,0,0,0,0,1,1,2,110417,0.4548723498700002,data_exfiltration,T1041,1,synthetic macOS Endpoint Security-style fixture
evt-0203-4,2026-01-16 07:43:18+00:00,mac-020,user-46314,session-0203,4,curl,curl,network_connect,upload.example,connects,1,1,0,0,0,0,0,1,3,12478,0.23243705965464428,data_exfiltration,T1041,1,synthetic macOS Endpoint Security-style fixture
evt-0203-5,2026-01-16 07:43:36+00:00,mac-020,user-46314,session-0203,5,curl,rm,file_delete,/tmp/archive.zip,deletes,1,1,0,0,0,0,0,0,6,1152,0.03262624512318235,data_exfiltration,T1070,1,synthetic macOS Endpoint Security-style fixture
evt-0204-0,2026-01-16 07:49:00+00:00,mac-025,user-80113,session-0204,0,launchd,WindowServer,file_write,~/Documents,writes,1,1,0,0,0,0,0,0,4,2708,0.048259637365539336,benign,,0,synthetic macOS Endpoint Security-style fixture
evt-0204-1,2026-01-16 07:49:23+00:00,mac-025,user-80113,session-0204,1,WindowServer,mdworker,network_connect,icloud.example,connects,1,1,0,0,0,0,0,0,0,916,0.07059162050879939,benign,,0,synthetic macOS Endpoint Security-style fixture
evt-0204-2,2026-01-16 07:49:41+00:00,mac-025,user-80113,session-0204,2,mdworker,Finder,network_connect,mail.example,connects,1,1,0,0,0,0,0,0,2,2126,0.0,benign,,0,synthetic macOS Endpoint Security-style fixture
evt-0204-3,2026-01-16 07:50:00+00:00,mac-025,user-80113,session-0204,3,Finder,Finder,exec,/System/Applications,executes,1,1,0,0,0,0,0,0,5,995,0.0760924825736914,benign,,0,synthetic macOS Endpoint Security-style fixture
evt-0204-4,2026-01-16 07:50:18+00:00,mac-025,user-80113,session-0204,4,Finder,Notes,network_connect,mail.example,connects,1,1,0,0,0,0,0,0,3,501,0.03562476589070968,benign,,0,synthetic macOS Endpoint Security-style fixture
evt-0204-5,2026-01-16 07:50:37+00:00,mac-025,user-80113,session-0204,5,Notes,WindowServer,network_connect,icloud.example,connects,1,1,0,0,0,0,0,0,6,3121,0.045639337430714334,benign,,0,synthetic macOS Endpoint Security-style fixture
evt-0205-0,2026-01-16 07:57:00+00:00,mac-005,user-03924,session-0205,0,launchd,softwareupdated,network_connect,updates.example,connects,1,1,0,0,0,0,0,0,7,453,0.06368973918536351,benign,,0,synthetic macOS Endpoint Security-style fixture
evt-0205-1,2026-01-16 07:57:21+00:00,mac-005,user-03924,session-0205,1,softwareupdated,mdworker,file_write,~/Library/Preferences,writes,1,1,0,0,0,0,0,0,6,259,0.008910485186503427,benign,,0,synthetic macOS Endpoint Security-style fixture
evt-0205-2,2026-01-16 07:57:38+00:00,mac-005,user-03924,session-0205,2,mdworker,softwareupdated,exec,/usr/bin/open,executes,1,1,0,0,0,0,0,0,5,1957,0.0,benign,,0,synthetic macOS Endpoint Security-style fixture
evt-0205-3,2026-01-16 07:57:58+00:00,mac-005,user-03924,session-0205,3,softwareupdated,backupd,exec,/System/Library/CoreServices,executes,1,1,0,0,0,0,0,0,3,1370,0.018011699667116337,benign,,0,synthetic macOS Endpoint Security-style fixture
evt-0205-4,2026-01-16 07:58:20+00:00,mac-005,user-03924,session-0205,4,backupd,Notes,exec,/System/Applications,executes,1,1,0,0,0,0,0,0,4,1685,0.03471406011804754,benign,,0,synthetic macOS Endpoint Security-style fixture
evt-0205-5,2026-01-16 07:58:38+00:00,mac-005,user-03924,session-0205,5,Notes,Mail,exec,/System/Library/CoreServices,executes,1,1,0,0,0,0,0,0,5,226,0.02462216227686661,benign,,0,synthetic macOS Endpoint Security-style fixture
evt-0206-0,2026-01-16 08:04:01+00:00,mac-012,user-96641,session-0206,0,launchd,mdworker,file_write,~/Documents,writes,1,1,0,0,0,0,0,0,5,519,0.007151882494064676,benign,,0,synthetic macOS Endpoint Security-style fixture
evt-0206-1,2026-01-16 08:04:21+00:00,mac-012,user-96641,session-0206,1,mdworker,Preview,file_read,~/Documents,reads,1,1,0,0,0,0,0,0,4,552,0.05258520139541138,benign,,0,synthetic macOS Endpoint Security-style fixture
evt-0206-2,2026-01-16 08:04:40+00:00,mac-012,user-96641,session-0206,2,Preview,Calendar,file_write,~/Pictures,writes,1,1,0,0,0,0,0,0,4,1228,0.005347318074476214,benign,,0,synthetic macOS Endpoint Security-style fixture
evt-0206-3,2026-01-16 08:04:57+00:00,mac-012,user-96641,session-0206,3,Calendar,backupd,file_read,~/Pictures,reads,1,1,0,0,0,0,0,0,6,2598,0.037136940335272185,benign,,0,synthetic macOS Endpoint Security-style fixture
evt-0206-4,2026-01-16 08:05:16+00:00,mac-012,user-96641,session-0206,4,backupd,Calendar,network_connect,updates.example,connects,1,1,0,0,0,0,0,0,4,1453,0.026018529503256282,benign,,0,synthetic macOS Endpoint Security-style fixture
evt-0206-5,2026-01-16 08:05:39+00:00,mac-012,user-96641,session-0206,5,Calendar,Finder,auth,loginwindow,authenticates,1,1,0,0,0,0,0,0,5,557,0.07823383635267037,benign,,0,synthetic macOS Endpoint Security-style fixture
evt-0207-0,2026-01-16 08:12:04+00:00,mac-006,user-58264,session-0207,0,launchd,Mail,file_read,/System/Library,reads,1,1,0,0,0,0,0,0,6,1058,0.07123073834300298,benign,,0,synthetic macOS Endpoint Security-style fixture
evt-0207-1,2026-01-16 08:12:22+00:00,mac-006,user-58264,session-0207,1,Mail,softwareupdated,file_write,~/Library/Preferences,writes,1,1,0,0,0,0,0,0,3,499,0.07460264616264808,benign,,0,synthetic macOS Endpoint Security-style fixture
evt-0207-2,2026-01-16 08:12:42+00:00,mac-006,user-58264,session-0207,2,softwareupdated,Notes,network_connect,mail.example,connects,1,1,0,0,0,0,0,0,4,580,0.01506043974225433,benign,,0,synthetic macOS Endpoint Security-style fixture
evt-0207-3,2026-01-16 08:12:59+00:00,mac-006,user-58264,session-0207,3,Notes,Mail,exec,/System/Applications,executes,1,1,0,0,0,0,0,0,2,525,0.009410402223455492,benign,,0,synthetic macOS Endpoint Security-style fixture
evt-0207-4,2026-01-16 08:13:20+00:00,mac-006,user-58264,session-0207,4,Mail,backupd,file_read,~/Library/Preferences,reads,1,1,0,0,0,0,0,0,6,525,0.02843296779038574,benign,,0,synthetic macOS Endpoint Security-style fixture
evt-0207-5,2026-01-16 08:13:35+00:00,mac-006,user-58264,session-0207,5,backupd,backupd,file_read,~/Pictures,reads,1,1,0,0,0,0,0,0,3,1372,0.043064714139981086,benign,,0,synthetic macOS Endpoint Security-style fixture
evt-0208-0,2026-01-16 08:16:04+00:00,mac-026,user-43044,session-0208,0,launchd,softwareupdated,file_write,/System/Library,writes,1,1,0,0,0,0,0,0,6,2171,0.04934546396909615,benign,,0,synthetic macOS Endpoint Security-style fixture
evt-0208-1,2026-01-16 08:16:20+00:00,mac-026,user-43044,session-0208,1,softwareupdated,Safari,auth,loginwindow,authenticates,1,1,0,0,0,0,0,0,3,3917,0.03948945550459443,benign,,0,synthetic macOS Endpoint Security-style fixture
evt-0208-2,2026-01-16 08:16:41+00:00,mac-026,user-43044,session-0208,2,Safari,Preview,file_read,~/Pictures,reads,1,1,0,0,0,0,0,0,1,1063,0.08605624391186242,benign,,0,synthetic macOS Endpoint Security-style fixture
evt-0208-3,2026-01-16 08:16:58+00:00,mac-026,user-43044,session-0208,3,Preview,softwareupdated,auth,loginwindow,authenticates,1,1,0,0,0,0,0,0,2,720,0.04471690370898811,benign,,0,synthetic macOS Endpoint Security-style fixture
evt-0208-4,2026-01-16 08:17:20+00:00,mac-026,user-43044,session-0208,4,softwareupdated,Notes,file_write,~/Documents,writes,1,1,0,0,0,0,0,0,5,2062,0.020144890460007895,benign,,0,synthetic macOS Endpoint Security-style fixture
evt-0208-5,2026-01-16 08:17:36+00:00,mac-026,user-43044,session-0208,5,Notes,softwareupdated,file_read,~/Documents,reads,1,1,0,0,0,0,0,0,3,700,0.0733279072231304,benign,,0,synthetic macOS Endpoint Security-style fixture
evt-0209-0,2026-01-16 08:24:03+00:00,mac-017,user-96641,session-0209,0,launchd,Terminal,exec,/bin/zsh,executes,1,1,0,0,0,0,0,0,8,1712,0.04822604469527315,benign,,0,synthetic macOS Endpoint Security-style fixture
evt-0209-1,2026-01-16 08:24:19+00:00,mac-017,user-96641,session-0209,1,Terminal,zsh,exec,/usr/local/bin/brew,executes,0,0,0,0,0,0,0,0,1,605,0.27829896823280276,benign,,0,synthetic macOS Endpoint Security-style fixture
evt-0209-2,2026-01-16 08:24:39+00:00,mac-017,user-96641,session-0209,2,zsh,brew,network_connect,packages.example,connects,0,0,0,0,0,0,0,0,5,764,0.26046121446800524,benign,,0,synthetic macOS Endpoint Security-style fixture
evt-0209-3,2026-01-16 08:25:01+00:00,mac-017,user-96641,session-0209,3,brew,softwareupdated,file_write,/Library/Updates,writes,1,1,0,0,0,1,0,0,65,830,0.3542538174987428,benign,,0,synthetic macOS Endpoint Security-style fixture
evt-0209-4,2026-01-16 08:25:20+00:00,mac-017,user-96641,session-0209,4,softwareupdated,security,file_read,login.keychain-db,reads,1,1,0,0,0,0,1,0,1,1299,0.278969905787454,benign,,0,synthetic macOS Endpoint Security-style fixture
evt-0209-5,2026-01-16 08:25:38+00:00,mac-017,user-96641,session-0209,5,security,backupd,network_connect,backup.example,connects,1,1,0,0,0,0,0,1,5,14210,0.24019561985623658,benign,,0,synthetic macOS Endpoint Security-style fixture
evt-0210-0,2026-01-16 08:31:01+00:00,mac-010,user-08591,session-0210,0,launchd,Safari,network_connect,downloads.example,connects,1,1,0,0,0,0,0,0,3,1828,0.0,download_execute,T1105,1,synthetic macOS Endpoint Security-style fixture
evt-0210-1,2026-01-16 08:31:20+00:00,mac-010,user-08591,session-0210,1,Safari,curl,file_write,/tmp/sample.bin,writes,1,1,0,0,0,0,0,0,9,454,0.009735370871503661,download_execute,T1105,1,synthetic macOS Endpoint Security-style fixture
evt-0210-2,2026-01-16 08:31:41+00:00,mac-010,user-08591,session-0210,2,curl,sh,exec,/bin/sh,executes,0,0,0,0,0,0,0,0,1,1188,0.2596149015737329,download_execute,T1059,1,synthetic macOS Endpoint Security-style fixture
evt-0210-3,2026-01-16 08:32:01+00:00,mac-010,user-08591,session-0210,3,sh,chmod,file_write,/tmp/sample.bin,writes,0,0,0,0,0,0,0,0,2,356,0.24739474761749122,download_execute,T1222,1,synthetic macOS Endpoint Security-style fixture
evt-0210-4,2026-01-16 08:32:20+00:00,mac-010,user-08591,session-0210,4,chmod,sample.bin,exec,/tmp/sample.bin,executes,0,0,0,1,1,0,0,0,5,1542,0.2626380483500721,download_execute,T1204,1,synthetic macOS Endpoint Security-style fixture
evt-0210-5,2026-01-16 08:32:39+00:00,mac-010,user-08591,session-0210,5,sample.bin,sample.bin,network_connect,control.example,connects,0,0,0,0,0,0,0,1,4,1156,0.4620342485988434,download_execute,T1071,1,synthetic macOS Endpoint Security-style fixture
evt-0211-0,2026-01-16 08:41:00+00:00,mac-012,user-04578,session-0211,0,launchd,Preview,file_read,~/Documents,reads,1,1,0,0,0,0,0,0,4,641,0.031089941493720206,benign,,0,synthetic macOS Endpoint Security-style fixture
evt-0211-1,2026-01-16 08:41:23+00:00,mac-012,user-04578,session-0211,1,Preview,mdworker,network_connect,icloud.example,connects,1,1,0,0,0,0,0,0,10,1120,0.009609096760032958,benign,,0,synthetic macOS Endpoint Security-style fixture
evt-0211-2,2026-01-16 08:41:42+00:00,mac-012,user-04578,session-0211,2,mdworker,WindowServer,file_read,~/Library/Preferences,reads,1,1,0,0,0,0,0,0,7,1266,0.03819511158508234,benign,,0,synthetic macOS Endpoint Security-style fixture
evt-0211-3,2026-01-16 08:42:00+00:00,mac-012,user-04578,session-0211,3,WindowServer,WindowServer,file_read,~/Pictures,reads,1,1,0,0,0,0,0,0,3,784,0.04245667650276222,benign,,0,synthetic macOS Endpoint Security-style fixture
evt-0211-4,2026-01-16 08:42:16+00:00,mac-012,user-04578,session-0211,4,WindowServer,Notes,file_read,~/Documents,reads,1,1,0,0,0,0,0,0,4,983,0.03876214470668992,benign,,0,synthetic macOS Endpoint Security-style fixture
evt-0211-5,2026-01-16 08:42:36+00:00,mac-012,user-04578,session-0211,5,Notes,Safari,network_connect,updates.example,connects,1,1,0,0,0,0,0,0,3,1152,0.0,benign,,0,synthetic macOS Endpoint Security-style fixture
evt-0212-0,2026-01-16 08:48:01+00:00,mac-029,user-11207,session-0212,0,launchd,Mail,file_write,~/Documents,writes,1,1,0,0,0,0,0,0,4,610,0.020072389146712416,benign,,0,synthetic macOS Endpoint Security-style fixture
evt-0212-1,2026-01-16 08:48:20+00:00,mac-029,user-11207,session-0212,1,Mail,WindowServer,file_read,~/Library/Preferences,reads,1,1,0,0,0,0,0,0,4,1899,0.05310570714326125,benign,,0,synthetic macOS Endpoint Security-style fixture
evt-0212-2,2026-01-16 08:48:42+00:00,mac-029,user-11207,session-0212,2,WindowServer,Safari,exec,/usr/bin/open,executes,1,1,0,0,0,0,0,0,5,1634,0.02648436278586944,benign,,0,synthetic macOS Endpoint Security-style fixture
evt-0212-3,2026-01-16 08:48:59+00:00,mac-029,user-11207,session-0212,3,Safari,WindowServer,network_connect,updates.example,connects,1,1,0,0,0,0,0,0,3,658,0.015350557914518802,benign,,0,synthetic macOS Endpoint Security-style fixture
evt-0212-4,2026-01-16 08:49:20+00:00,mac-029,user-11207,session-0212,4,WindowServer,Mail,exec,/usr/bin/open,executes,1,1,0,0,0,0,0,0,3,906,0.025194520902132436,benign,,0,synthetic macOS Endpoint Security-style fixture
evt-0212-5,2026-01-16 08:49:38+00:00,mac-029,user-11207,session-0212,5,Mail,Preview,exec,/usr/bin/open,executes,1,1,0,0,0,0,0,0,5,2067,0.0435996839827893,benign,,0,synthetic macOS Endpoint Security-style fixture
evt-0213-0,2026-01-16 08:54:04+00:00,mac-020,user-24465,session-0213,0,launchd,softwareupdated,file_read,~/Pictures,reads,1,1,0,0,0,0,0,0,4,1269,0.017396964823947463,benign,,0,synthetic macOS Endpoint Security-style fixture
evt-0213-1,2026-01-16 08:54:21+00:00,mac-020,user-24465,session-0213,1,softwareupdated,backupd,file_write,~/Library/Preferences,writes,1,1,0,0,0,0,0,0,5,497,0.023589677043477957,benign,,0,synthetic macOS Endpoint Security-style fixture
evt-0213-2,2026-01-16 08:54:41+00:00,mac-020,user-24465,session-0213,2,backupd,Calendar,file_read,/System/Library,reads,1,1,0,0,0,0,0,0,4,672,0.02561959730872871,benign,,0,synthetic macOS Endpoint Security-style fixture
evt-0213-3,2026-01-16 08:55:01+00:00,mac-020,user-24465,session-0213,3,Calendar,Preview,file_read,~/Pictures,reads,1,1,0,0,0,0,0,0,3,293,0.05619586682738918,benign,,0,synthetic macOS Endpoint Security-style fixture
evt-0213-4,2026-01-16 08:55:19+00:00,mac-020,user-24465,session-0213,4,Preview,Safari,file_read,~/Library/Preferences,reads,1,1,0,0,0,0,0,0,2,1655,0.01837005637918352,benign,,0,synthetic macOS Endpoint Security-style fixture
evt-0213-5,2026-01-16 08:55:35+00:00,mac-020,user-24465,session-0213,5,Safari,Safari,file_read,~/Pictures,reads,1,1,0,0,0,0,0,0,5,1553,0.039509025937623926,benign,,0,synthetic macOS Endpoint Security-style fixture
evt-0214-0,2026-01-16 08:58:03+00:00,mac-007,user-94679,session-0214,0,launchd,mdworker,network_connect,icloud.example,connects,1,1,0,0,0,0,0,0,2,1867,0.040085397100212805,benign,,0,synthetic macOS Endpoint Security-style fixture
evt-0214-1,2026-01-16 08:58:22+00:00,mac-007,user-94679,session-0214,1,mdworker,softwareupdated,file_read,~/Documents,reads,1,1,0,0,0,0,0,0,4,3724,0.011022460345585745,benign,,0,synthetic macOS Endpoint Security-style fixture
evt-0214-2,2026-01-16 08:58:40+00:00,mac-007,user-94679,session-0214,2,softwareupdated,Safari,file_read,~/Pictures,reads,1,1,0,0,0,0,0,0,4,732,0.048365182293268034,benign,,0,synthetic macOS Endpoint Security-style fixture
evt-0214-3,2026-01-16 08:58:59+00:00,mac-007,user-94679,session-0214,3,Safari,softwareupdated,file_read,~/Library/Preferences,reads,1,1,0,0,0,0,0,0,4,302,0.044804272866545064,benign,,0,synthetic macOS Endpoint Security-style fixture
evt-0214-4,2026-01-16 08:59:19+00:00,mac-007,user-94679,session-0214,4,softwareupdated,Notes,file_read,/System/Library,reads,1,1,0,0,0,0,0,0,6,345,0.046793846288328486,benign,,0,synthetic macOS Endpoint Security-style fixture
evt-0214-5,2026-01-16 08:59:37+00:00,mac-007,user-94679,session-0214,5,Notes,Finder,file_read,~/Documents,reads,1,1,0,0,0,0,0,0,9,1500,0.0439982894181474,benign,,0,synthetic macOS Endpoint Security-style fixture
evt-0215-0,2026-01-16 09:07:03+00:00,mac-002,user-64893,session-0215,0,launchd,softwareupdated,exec,/System/Library/CoreServices,executes,1,1,0,0,0,0,0,0,2,1586,0.030587755434055945,benign,,0,synthetic macOS Endpoint Security-style fixture
evt-0215-1,2026-01-16 09:07:23+00:00,mac-002,user-64893,session-0215,1,softwareupdated,softwareupdated,exec,/System/Applications,executes,1,1,0,0,0,0,0,0,3,1133,0.03504481454750836,benign,,0,synthetic macOS Endpoint Security-style fixture
evt-0215-2,2026-01-16 09:07:41+00:00,mac-002,user-64893,session-0215,2,softwareupdated,softwareupdated,exec,/System/Library/CoreServices,executes,1,1,0,0,0,0,0,0,3,558,0.04181320131589919,benign,,0,synthetic macOS Endpoint Security-style fixture
evt-0215-3,2026-01-16 09:07:59+00:00,mac-002,user-64893,session-0215,3,softwareupdated,backupd,file_read,~/Library/Preferences,reads,1,1,0,0,0,0,0,0,5,2651,0.01989931197179772,benign,,0,synthetic macOS Endpoint Security-style fixture
evt-0215-4,2026-01-16 09:08:17+00:00,mac-002,user-64893,session-0215,4,backupd,mdworker,file_write,~/Pictures,writes,1,1,0,0,0,0,0,0,2,1736,0.03157134405281975,benign,,0,synthetic macOS Endpoint Security-style fixture
evt-0215-5,2026-01-16 09:08:35+00:00,mac-002,user-64893,session-0215,5,mdworker,Safari,file_write,~/Library/Preferences,writes,1,1,0,0,0,0,0,0,2,830,0.04608989980111681,benign,,0,synthetic macOS Endpoint Security-style fixture
evt-0216-0,2026-01-16 09:14:04+00:00,mac-021,user-08591,session-0216,0,launchd,Preview,network_connect,calendar.example,connects,1,1,0,0,0,0,0,0,7,880,0.03301914386567455,benign,,0,synthetic macOS Endpoint Security-style fixture
evt-0216-1,2026-01-16 09:14:23+00:00,mac-021,user-08591,session-0216,1,Preview,Calendar,file_write,~/Documents,writes,1,1,0,0,0,0,0,0,3,498,0.0,benign,,0,synthetic macOS Endpoint Security-style fixture
evt-0216-2,2026-01-16 09:14:40+00:00,mac-021,user-08591,session-0216,2,Calendar,mdworker,network_connect,updates.example,connects,1,1,0,0,0,0,0,0,3,1014,0.04157689183762381,benign,,0,synthetic macOS Endpoint Security-style fixture
evt-0216-3,2026-01-16 09:14:58+00:00,mac-021,user-08591,session-0216,3,mdworker,Notes,file_write,~/Pictures,writes,1,1,0,0,0,0,0,0,3,1680,0.05034602335354588,benign,,0,synthetic macOS Endpoint Security-style fixture
evt-0216-4,2026-01-16 09:15:20+00:00,mac-021,user-08591,session-0216,4,Notes,mdworker,exec,/System/Library/CoreServices,executes,1,1,0,0,0,0,0,0,7,582,0.04840748035022649,benign,,0,synthetic macOS Endpoint Security-style fixture
evt-0216-5,2026-01-16 09:15:38+00:00,mac-021,user-08591,session-0216,5,mdworker,mdworker,exec,/usr/bin/open,executes,1,1,0,0,0,0,0,0,2,1435,0.05062212989753706,benign,,0,synthetic macOS Endpoint Security-style fixture
evt-0217-0,2026-01-16 09:19:00+00:00,mac-022,user-47622,session-0217,0,launchd,softwareupdated,network_connect,updates.example,connects,1,1,0,0,0,0,0,0,3,3700,0.00836999912451316,benign,,0,synthetic macOS Endpoint Security-style fixture
evt-0217-1,2026-01-16 09:19:19+00:00,mac-022,user-47622,session-0217,1,softwareupdated,Preview,exec,/System/Applications,executes,1,1,0,0,0,0,0,0,3,976,0.011851122357895712,benign,,0,synthetic macOS Endpoint Security-style fixture
evt-0217-2,2026-01-16 09:19:40+00:00,mac-022,user-47622,session-0217,2,Preview,Notes,auth,loginwindow,authenticates,1,1,0,0,0,0,0,0,3,519,0.005065335073413155,benign,,0,synthetic macOS Endpoint Security-style fixture
evt-0217-3,2026-01-16 09:19:57+00:00,mac-022,user-47622,session-0217,3,Notes,Preview,file_write,~/Library/Preferences,writes,1,1,0,0,0,0,0,0,6,2751,0.040711769777735676,benign,,0,synthetic macOS Endpoint Security-style fixture
evt-0217-4,2026-01-16 09:20:20+00:00,mac-022,user-47622,session-0217,4,Preview,mdworker,network_connect,updates.example,connects,1,1,0,0,0,0,0,0,1,991,0.04911822843231761,benign,,0,synthetic macOS Endpoint Security-style fixture
evt-0217-5,2026-01-16 09:20:35+00:00,mac-022,user-47622,session-0217,5,mdworker,mdworker,network_connect,updates.example,connects,1,1,0,0,0,0,0,0,6,828,0.11057793528167864,benign,,0,synthetic macOS Endpoint Security-style fixture
evt-0218-0,2026-01-16 09:29:04+00:00,mac-015,user-95987,session-0218,0,launchd,backupd,network_connect,updates.example,connects,1,1,0,0,0,0,0,0,5,215,0.04641421258702978,benign,,0,synthetic macOS Endpoint Security-style fixture
evt-0218-1,2026-01-16 09:29:19+00:00,mac-015,user-95987,session-0218,1,backupd,Safari,file_write,~/Pictures,writes,1,1,0,0,0,0,0,0,4,2419,0.04376189805021537,benign,,0,synthetic macOS Endpoint Security-style fixture
evt-0218-2,2026-01-16 09:29:42+00:00,mac-015,user-95987,session-0218,2,Safari,Safari,file_write,~/Documents,writes,1,1,0,0,0,0,0,0,5,2311,0.03544182468580052,benign,,0,synthetic macOS Endpoint Security-style fixture
evt-0218-3,2026-01-16 09:30:01+00:00,mac-015,user-95987,session-0218,3,Safari,Safari,exec,/usr/bin/open,executes,1,1,0,0,0,0,0,0,5,703,0.025708123367870893,benign,,0,synthetic macOS Endpoint Security-style fixture
evt-0218-4,2026-01-16 09:30:17+00:00,mac-015,user-95987,session-0218,4,Safari,Finder,auth,loginwindow,authenticates,1,1,0,0,0,0,0,0,3,6776,0.07517243927464703,benign,,0,synthetic macOS Endpoint Security-style fixture
evt-0218-5,2026-01-16 09:30:39+00:00,mac-015,user-95987,session-0218,5,Finder,Mail,auth,loginwindow,authenticates,1,1,0,0,0,0,0,0,4,755,0.03417229175053961,benign,,0,synthetic macOS Endpoint Security-style fixture
evt-0219-0,2026-01-16 09:34:00+00:00,mac-020,user-86742,session-0219,0,launchd,Terminal,exec,/bin/zsh,executes,1,1,0,0,0,0,0,0,3,703,0.02831358848769823,credential_access,T1059,1,synthetic macOS Endpoint Security-style fixture
evt-0219-1,2026-01-16 09:34:21+00:00,mac-020,user-86742,session-0219,1,Terminal,zsh,exec,/usr/bin/python3,executes,1,1,0,0,0,0,0,0,4,589,0.039609197135917366,credential_access,T1059,1,synthetic macOS Endpoint Security-style fixture
evt-0219-2,2026-01-16 09:34:41+00:00,mac-020,user-86742,session-0219,2,zsh,python3,file_read,~/Library/Keychains/login.keychain-db,reads,0,0,0,0,0,0,1,0,3,424,0.4802492596315306,credential_access,T1555.001,1,synthetic macOS Endpoint Security-style fixture
evt-0219-3,2026-01-16 09:34:57+00:00,mac-020,user-86742,session-0219,3,python3,python3,file_read,~/.ssh/id_ed25519,reads,0,0,0,0,0,0,1,0,2,3053,0.4505732123587439,credential_access,T1552.004,1,synthetic macOS Endpoint Security-style fixture
evt-0219-4,2026-01-16 09:35:19+00:00,mac-020,user-86742,session-0219,4,python3,security,exec,/usr/bin/security,executes,0,0,0,0,0,0,0,0,6,1513,0.26540875807448444,credential_access,T1555,1,synthetic macOS Endpoint Security-style fixture
evt-0219-5,2026-01-16 09:35:39+00:00,mac-020,user-86742,session-0219,5,security,python3,network_connect,collector.example,connects,0,0,0,0,0,0,0,1,6,1190,0.45455228704209455,credential_access,T1041,1,synthetic macOS Endpoint Security-style fixture
evt-0220-0,2026-01-16 09:41:01+00:00,mac-009,user-23811,session-0220,0,launchd,WindowServer,exec,/usr/bin/open,executes,1,1,0,0,0,0,0,0,1,1749,0.03470212850222712,benign,,0,synthetic macOS Endpoint Security-style fixture
evt-0220-1,2026-01-16 09:41:20+00:00,mac-009,user-23811,session-0220,1,WindowServer,WindowServer,file_read,~/Documents,reads,1,1,0,0,0,0,0,0,5,1264,0.0298451907977266,benign,,0,synthetic macOS Endpoint Security-style fixture
evt-0220-2,2026-01-16 09:41:40+00:00,mac-009,user-23811,session-0220,2,WindowServer,backupd,network_connect,updates.example,connects,1,1,0,0,0,0,0,0,4,610,0.011789407936366722,benign,,0,synthetic macOS Endpoint Security-style fixture
evt-0220-3,2026-01-16 09:41:58+00:00,mac-009,user-23811,session-0220,3,backupd,backupd,file_read,~/Library/Preferences,reads,1,1,0,0,0,0,0,0,6,584,0.03772663993906465,benign,,0,synthetic macOS Endpoint Security-style fixture
evt-0220-4,2026-01-16 09:42:17+00:00,mac-009,user-23811,session-0220,4,backupd,Finder,file_read,~/Pictures,reads,1,1,0,0,0,0,0,0,1,472,0.04652528782495252,benign,,0,synthetic macOS Endpoint Security-style fixture
evt-0220-5,2026-01-16 09:42:36+00:00,mac-009,user-23811,session-0220,5,Finder,Mail,exec,/System/Applications,executes,1,1,0,0,0,0,0,0,3,873,0.07751436610887394,benign,,0,synthetic macOS Endpoint Security-style fixture
evt-0221-0,2026-01-16 09:48:04+00:00,mac-012,user-68163,session-0221,0,launchd,mdworker,file_write,~/Pictures,writes,1,1,0,0,0,0,0,0,4,6589,0.03455957250476373,benign,,0,synthetic macOS Endpoint Security-style fixture
evt-0221-1,2026-01-16 09:48:23+00:00,mac-012,user-68163,session-0221,1,mdworker,backupd,file_read,~/Documents,reads,1,1,0,0,0,0,0,0,2,1135,0.08497494442111872,benign,,0,synthetic macOS Endpoint Security-style fixture
evt-0221-2,2026-01-16 09:48:42+00:00,mac-012,user-68163,session-0221,2,backupd,backupd,file_write,~/Documents,writes,1,1,0,0,0,0,0,0,3,254,0.024269618808896144,benign,,0,synthetic macOS Endpoint Security-style fixture
evt-0221-3,2026-01-16 09:49:01+00:00,mac-012,user-68163,session-0221,3,backupd,Safari,network_connect,icloud.example,connects,1,1,0,0,0,0,0,0,3,718,0.013455347751571697,benign,,0,synthetic macOS Endpoint Security-style fixture
evt-0221-4,2026-01-16 09:49:17+00:00,mac-012,user-68163,session-0221,4,Safari,Finder,exec,/usr/bin/open,executes,1,1,0,0,0,0,0,0,5,600,0.029744137461508828,benign,,0,synthetic macOS Endpoint Security-style fixture
evt-0221-5,2026-01-16 09:49:37+00:00,mac-012,user-68163,session-0221,5,Finder,backupd,auth,loginwindow,authenticates,1,1,0,0,0,0,0,0,3,1232,0.042319746566026044,benign,,0,synthetic macOS Endpoint Security-style fixture
evt-0222-0,2026-01-16 09:58:01+00:00,mac-022,user-15220,session-0222,0,launchd,Safari,file_write,~/Documents,writes,1,1,0,0,0,0,0,0,6,1858,0.01815068598385648,benign,,0,synthetic macOS Endpoint Security-style fixture
evt-0222-1,2026-01-16 09:58:19+00:00,mac-022,user-15220,session-0222,1,Safari,Finder,file_write,~/Documents,writes,1,1,0,0,0,0,0,0,4,815,0.053344406846462675,benign,,0,synthetic macOS Endpoint Security-style fixture
evt-0222-2,2026-01-16 09:58:40+00:00,mac-022,user-15220,session-0222,2,Finder,Notes,file_write,/System/Library,writes,1,1,0,0,0,0,0,0,3,2468,0.042475240567558574,benign,,0,synthetic macOS Endpoint Security-style fixture
evt-0222-3,2026-01-16 09:58:57+00:00,mac-022,user-15220,session-0222,3,Notes,Preview,file_read,~/Library/Preferences,reads,1,1,0,0,0,0,0,0,5,3137,0.08640541418488212,benign,,0,synthetic macOS Endpoint Security-style fixture
evt-0222-4,2026-01-16 09:59:16+00:00,mac-022,user-15220,session-0222,4,Preview,mdworker,auth,loginwindow,authenticates,1,1,0,0,0,0,0,0,4,166,0.030986747564268974,benign,,0,synthetic macOS Endpoint Security-style fixture
evt-0222-5,2026-01-16 09:59:35+00:00,mac-022,user-15220,session-0222,5,mdworker,Calendar,exec,/System/Applications,executes,1,1,0,0,0,0,0,0,4,2265,0.04151697742592669,benign,,0,synthetic macOS Endpoint Security-style fixture
evt-0223-0,2026-01-16 10:01:03+00:00,mac-024,user-25773,session-0223,0,launchd,mdworker,network_connect,updates.example,connects,1,1,0,0,0,0,0,0,6,2915,0.049470240133948636,benign,,0,synthetic macOS Endpoint Security-style fixture
evt-0223-1,2026-01-16 10:01:22+00:00,mac-024,user-25773,session-0223,1,mdworker,Safari,exec,/System/Library/CoreServices,executes,1,1,0,0,0,0,0,0,6,3431,0.040318584130101455,benign,,0,synthetic macOS Endpoint Security-style fixture
evt-0223-2,2026-01-16 10:01:41+00:00,mac-024,user-25773,session-0223,2,Safari,softwareupdated,exec,/System/Library/CoreServices,executes,1,1,0,0,0,0,0,0,7,2019,0.006195898573723178,benign,,0,synthetic macOS Endpoint Security-style fixture
evt-0223-3,2026-01-16 10:02:00+00:00,mac-024,user-25773,session-0223,3,softwareupdated,Calendar,file_read,/System/Library,reads,1,1,0,0,0,0,0,0,6,2267,0.04396805626406221,benign,,0,synthetic macOS Endpoint Security-style fixture
evt-0223-4,2026-01-16 10:02:18+00:00,mac-024,user-25773,session-0223,4,Calendar,softwareupdated,file_write,~/Documents,writes,1,1,0,0,0,0,0,0,4,1271,0.04387870320566077,benign,,0,synthetic macOS Endpoint Security-style fixture
evt-0223-5,2026-01-16 10:02:35+00:00,mac-024,user-25773,session-0223,5,softwareupdated,mdworker,exec,/System/Applications,executes,1,1,0,0,0,0,0,0,3,1839,0.04374855490550628,benign,,0,synthetic macOS Endpoint Security-style fixture
evt-0224-0,2026-01-16 10:08:03+00:00,mac-015,user-50981,session-0224,0,launchd,Safari,auth,loginwindow,authenticates,1,1,0,0,0,0,0,0,5,2265,0.06369279391479671,benign,,0,synthetic macOS Endpoint Security-style fixture
evt-0224-1,2026-01-16 10:08:19+00:00,mac-015,user-50981,session-0224,1,Safari,Preview,file_read,/System/Library,reads,1,1,0,0,0,0,0,0,5,1772,0.0696134811378595,benign,,0,synthetic macOS Endpoint Security-style fixture
evt-0224-2,2026-01-16 10:08:40+00:00,mac-015,user-50981,session-0224,2,Preview,mdworker,exec,/usr/bin/open,executes,1,1,0,0,0,0,0,0,2,880,0.0,benign,,0,synthetic macOS Endpoint Security-style fixture
evt-0224-3,2026-01-16 10:08:57+00:00,mac-015,user-50981,session-0224,3,mdworker,Safari,network_connect,updates.example,connects,1,1,0,0,0,0,0,0,3,1884,0.0,benign,,0,synthetic macOS Endpoint Security-style fixture
evt-0224-4,2026-01-16 10:09:20+00:00,mac-015,user-50981,session-0224,4,Safari,Mail,file_write,~/Documents,writes,1,1,0,0,0,0,0,0,8,443,0.0,benign,,0,synthetic macOS Endpoint Security-style fixture
evt-0224-5,2026-01-16 10:09:35+00:00,mac-015,user-50981,session-0224,5,Mail,Calendar,file_read,~/Documents,reads,1,1,0,0,0,0,0,0,4,644,0.04450126178505935,benign,,0,synthetic macOS Endpoint Security-style fixture
evt-0225-0,2026-01-16 10:18:04+00:00,mac-016,user-90666,session-0225,0,launchd,Notes,exec,/usr/bin/open,executes,1,1,0,0,0,0,0,0,2,2172,0.009342029017568195,benign,,0,synthetic macOS Endpoint Security-style fixture
evt-0225-1,2026-01-16 10:18:22+00:00,mac-016,user-90666,session-0225,1,Notes,Safari,network_connect,icloud.example,connects,1,1,0,0,0,0,0,0,4,355,0.05213415443863861,benign,,0,synthetic macOS Endpoint Security-style fixture
evt-0225-2,2026-01-16 10:18:42+00:00,mac-016,user-90666,session-0225,2,Safari,WindowServer,file_read,~/Pictures,reads,1,1,0,0,0,0,0,0,5,545,0.019712937825499495,benign,,0,synthetic macOS Endpoint Security-style fixture
evt-0225-3,2026-01-16 10:18:58+00:00,mac-016,user-90666,session-0225,3,WindowServer,Finder,network_connect,mail.example,connects,1,1,0,0,0,0,0,0,3,535,0.030930110405541698,benign,,0,synthetic macOS Endpoint Security-style fixture
evt-0225-4,2026-01-16 10:19:20+00:00,mac-016,user-90666,session-0225,4,Finder,Calendar,network_connect,mail.example,connects,1,1,0,0,0,0,0,0,3,374,0.05834224328507589,benign,,0,synthetic macOS Endpoint Security-style fixture
evt-0225-5,2026-01-16 10:19:37+00:00,mac-016,user-90666,session-0225,5,Calendar,Calendar,network_connect,mail.example,connects,1,1,0,0,0,0,0,0,1,1389,0.035571603003059046,benign,,0,synthetic macOS Endpoint Security-style fixture
evt-0226-0,2026-01-16 10:22:00+00:00,mac-017,user-95987,session-0226,0,launchd,Mail,network_connect,icloud.example,connects,1,1,0,0,0,0,0,0,2,1408,0.009947231029087476,benign,,0,synthetic macOS Endpoint Security-style fixture
evt-0226-1,2026-01-16 10:22:19+00:00,mac-017,user-95987,session-0226,1,Mail,mdworker,exec,/System/Library/CoreServices,executes,1,1,0,0,0,0,0,0,8,766,0.03105488024708721,benign,,0,synthetic macOS Endpoint Security-style fixture
evt-0226-2,2026-01-16 10:22:38+00:00,mac-017,user-95987,session-0226,2,mdworker,Calendar,exec,/System/Library/CoreServices,executes,1,1,0,0,0,0,0,0,3,1045,0.024301861174829534,benign,,0,synthetic macOS Endpoint Security-style fixture
evt-0226-3,2026-01-16 10:22:59+00:00,mac-017,user-95987,session-0226,3,Calendar,Safari,exec,/usr/bin/open,executes,1,1,0,0,0,0,0,0,4,346,0.034836197819885686,benign,,0,synthetic macOS Endpoint Security-style fixture
evt-0226-4,2026-01-16 10:23:16+00:00,mac-017,user-95987,session-0226,4,Safari,softwareupdated,file_write,~/Library/Preferences,writes,1,1,0,0,0,0,0,0,4,2069,0.033195400133276126,benign,,0,synthetic macOS Endpoint Security-style fixture
evt-0226-5,2026-01-16 10:23:37+00:00,mac-017,user-95987,session-0226,5,softwareupdated,Notes,file_read,~/Documents,reads,1,1,0,0,0,0,0,0,5,4319,0.04232431357056195,benign,,0,synthetic macOS Endpoint Security-style fixture
evt-0227-0,2026-01-16 10:31:02+00:00,mac-012,user-82729,session-0227,0,launchd,Finder,file_read,~/Documents,reads,1,1,0,0,0,0,0,0,1,1640,0.03919504671493482,data_exfiltration,T1083,1,synthetic macOS Endpoint Security-style fixture
evt-0227-1,2026-01-16 10:31:23+00:00,mac-012,user-82729,session-0227,1,Finder,zip,exec,/usr/bin/zip,executes,1,1,0,0,0,0,0,0,6,837,0.02593130421707545,data_exfiltration,T1560,1,synthetic macOS Endpoint Security-style fixture
evt-0227-2,2026-01-16 10:31:38+00:00,mac-012,user-82729,session-0227,2,zip,zip,file_write,/tmp/archive.zip,writes,1,1,0,0,0,0,1,0,2,5565,0.28051428995037253,data_exfiltration,T1560,1,synthetic macOS Endpoint Security-style fixture
evt-0227-3,2026-01-16 10:32:01+00:00,mac-012,user-82729,session-0227,3,zip,curl,network_connect,upload.example,connects,1,1,0,0,0,0,1,1,4,45290,0.4493567482362721,data_exfiltration,T1041,1,synthetic macOS Endpoint Security-style fixture
evt-0227-4,2026-01-16 10:32:16+00:00,mac-012,user-82729,session-0227,4,curl,curl,network_connect,upload.example,connects,1,1,0,0,0,0,0,1,4,24232,0.2418800602458682,data_exfiltration,T1041,1,synthetic macOS Endpoint Security-style fixture
evt-0227-5,2026-01-16 10:32:36+00:00,mac-012,user-82729,session-0227,5,curl,rm,file_delete,/tmp/archive.zip,deletes,1,1,0,0,0,0,0,0,2,1346,0.009961742692576755,data_exfiltration,T1070,1,synthetic macOS Endpoint Security-style fixture
evt-0228-0,2026-01-16 10:40:03+00:00,mac-023,user-07283,session-0228,0,launchd,Terminal,exec,/bin/zsh,executes,1,1,0,0,0,0,0,0,4,2748,0.07005434578577241,benign,,0,synthetic macOS Endpoint Security-style fixture
evt-0228-1,2026-01-16 10:40:22+00:00,mac-023,user-07283,session-0228,1,Terminal,zsh,exec,/usr/local/bin/brew,executes,0,0,0,0,0,0,0,0,6,848,0.28111186757409407,benign,,0,synthetic macOS Endpoint Security-style fixture
evt-0228-2,2026-01-16 10:40:41+00:00,mac-023,user-07283,session-0228,2,zsh,brew,network_connect,packages.example,connects,0,0,0,0,0,0,0,0,3,2414,0.2555416755787711,benign,,0,synthetic macOS Endpoint Security-style fixture
evt-0228-3,2026-01-16 10:41:01+00:00,mac-023,user-07283,session-0228,3,brew,softwareupdated,file_write,/Library/Updates,writes,1,1,0,0,0,1,0,0,47,1367,0.30633471567845344,benign,,0,synthetic macOS Endpoint Security-style fixture
evt-0228-4,2026-01-16 10:41:20+00:00,mac-023,user-07283,session-0228,4,softwareupdated,security,file_read,login.keychain-db,reads,1,1,0,0,0,0,1,0,1,1187,0.24228593211456828,benign,,0,synthetic macOS Endpoint Security-style fixture
evt-0228-5,2026-01-16 10:41:36+00:00,mac-023,user-07283,session-0228,5,security,backupd,network_connect,backup.example,connects,1,1,0,0,0,0,0,1,5,23037,0.23114261427239988,benign,,0,synthetic macOS Endpoint Security-style fixture
evt-0229-0,2026-01-16 10:45:04+00:00,mac-004,user-69471,session-0229,0,launchd,Safari,exec,/System/Library/CoreServices,executes,1,1,0,0,0,0,0,0,2,3189,0.061441537379151735,benign,,0,synthetic macOS Endpoint Security-style fixture
evt-0229-1,2026-01-16 10:45:20+00:00,mac-004,user-69471,session-0229,1,Safari,Preview,file_write,/System/Library,writes,1,1,0,0,0,0,0,0,5,917,0.0,benign,,0,synthetic macOS Endpoint Security-style fixture
evt-0229-2,2026-01-16 10:45:41+00:00,mac-004,user-69471,session-0229,2,Preview,mdworker,file_read,~/Documents,reads,1,1,0,0,0,0,0,0,5,625,0.043141336851011104,benign,,0,synthetic macOS Endpoint Security-style fixture
evt-0229-3,2026-01-16 10:45:57+00:00,mac-004,user-69471,session-0229,3,mdworker,Notes,exec,/System/Applications,executes,1,1,0,0,0,0,0,0,4,500,0.01627530404516685,benign,,0,synthetic macOS Endpoint Security-style fixture
evt-0229-4,2026-01-16 10:46:19+00:00,mac-004,user-69471,session-0229,4,Notes,Safari,file_write,~/Documents,writes,1,1,0,0,0,0,0,0,5,488,0.035840950628703114,benign,,0,synthetic macOS Endpoint Security-style fixture
evt-0229-5,2026-01-16 10:46:37+00:00,mac-004,user-69471,session-0229,5,Safari,Notes,network_connect,updates.example,connects,1,1,0,0,0,0,0,0,2,757,0.025558265381371754,benign,,0,synthetic macOS Endpoint Security-style fixture
evt-0230-0,2026-01-16 10:50:03+00:00,mac-007,user-36415,session-0230,0,launchd,Mail,file_write,/System/Library,writes,1,1,0,0,0,0,0,0,3,1121,0.07240646032342021,benign,,0,synthetic macOS Endpoint Security-style fixture
evt-0230-1,2026-01-16 10:50:20+00:00,mac-007,user-36415,session-0230,1,Mail,Calendar,file_read,~/Library/Preferences,reads,1,1,0,0,0,0,0,0,4,393,0.02548971595342144,benign,,0,synthetic macOS Endpoint Security-style fixture
evt-0230-2,2026-01-16 10:50:42+00:00,mac-007,user-36415,session-0230,2,Calendar,Mail,network_connect,updates.example,connects,1,1,0,0,0,0,0,0,6,1332,0.019293490110146066,benign,,0,synthetic macOS Endpoint Security-style fixture
evt-0230-3,2026-01-16 10:51:00+00:00,mac-007,user-36415,session-0230,3,Mail,mdworker,auth,loginwindow,authenticates,1,1,0,0,0,0,0,0,2,403,0.02225940614764705,benign,,0,synthetic macOS Endpoint Security-style fixture
evt-0230-4,2026-01-16 10:51:20+00:00,mac-007,user-36415,session-0230,4,mdworker,Notes,exec,/System/Applications,executes,1,1,0,0,0,0,0,0,3,743,0.0,benign,,0,synthetic macOS Endpoint Security-style fixture
evt-0230-5,2026-01-16 10:51:39+00:00,mac-007,user-36415,session-0230,5,Notes,Safari,exec,/usr/bin/open,executes,1,1,0,0,0,0,0,0,1,4890,0.0889581568202879,benign,,0,synthetic macOS Endpoint Security-style fixture
evt-0231-0,2026-01-16 10:57:03+00:00,mac-004,user-25119,session-0231,0,launchd,backupd,auth,loginwindow,authenticates,1,1,0,0,0,0,0,0,5,611,0.08343374766956341,benign,,0,synthetic macOS Endpoint Security-style fixture
evt-0231-1,2026-01-16 10:57:19+00:00,mac-004,user-25119,session-0231,1,backupd,Safari,file_write,~/Pictures,writes,1,1,0,0,0,0,0,0,3,531,0.036986832638557024,benign,,0,synthetic macOS Endpoint Security-style fixture
evt-0231-2,2026-01-16 10:57:39+00:00,mac-004,user-25119,session-0231,2,Safari,Notes,file_read,~/Library/Preferences,reads,1,1,0,0,0,0,0,0,1,927,0.031813984310957354,benign,,0,synthetic macOS Endpoint Security-style fixture
evt-0231-3,2026-01-16 10:57:58+00:00,mac-004,user-25119,session-0231,3,Notes,Mail,auth,loginwindow,authenticates,1,1,0,0,0,0,0,0,3,1333,0.021691092974634556,benign,,0,synthetic macOS Endpoint Security-style fixture
evt-0231-4,2026-01-16 10:58:16+00:00,mac-004,user-25119,session-0231,4,Mail,Safari,file_write,~/Documents,writes,1,1,0,0,0,0,0,0,3,1369,0.0,benign,,0,synthetic macOS Endpoint Security-style fixture
evt-0231-5,2026-01-16 10:58:38+00:00,mac-004,user-25119,session-0231,5,Safari,Calendar,network_connect,mail.example,connects,1,1,0,0,0,0,0,0,5,2671,0.062380145722156,benign,,0,synthetic macOS Endpoint Security-style fixture
evt-0232-0,2026-01-16 11:07:01+00:00,mac-002,user-72176,session-0232,0,launchd,backupd,network_connect,calendar.example,connects,1,1,0,0,0,0,0,0,5,584,0.05177877033325222,benign,,0,synthetic macOS Endpoint Security-style fixture
evt-0232-1,2026-01-16 11:07:21+00:00,mac-002,user-72176,session-0232,1,backupd,Mail,exec,/usr/bin/open,executes,1,1,0,0,0,0,0,0,3,12348,0.07695433611058275,benign,,0,synthetic macOS Endpoint Security-style fixture
evt-0232-2,2026-01-16 11:07:38+00:00,mac-002,user-72176,session-0232,2,Mail,Notes,network_connect,calendar.example,connects,1,1,0,0,0,0,0,0,2,3168,0.061018634173099245,benign,,0,synthetic macOS Endpoint Security-style fixture
evt-0232-3,2026-01-16 11:08:01+00:00,mac-002,user-72176,session-0232,3,Notes,Calendar,file_write,~/Pictures,writes,1,1,0,0,0,0,0,0,5,650,0.026225635312029615,benign,,0,synthetic macOS Endpoint Security-style fixture
evt-0232-4,2026-01-16 11:08:19+00:00,mac-002,user-72176,session-0232,4,Calendar,Safari,file_write,~/Pictures,writes,1,1,0,0,0,0,0,0,4,883,0.08115525501145934,benign,,0,synthetic macOS Endpoint Security-style fixture
evt-0232-5,2026-01-16 11:08:39+00:00,mac-002,user-72176,session-0232,5,Safari,Preview,exec,/System/Library/CoreServices,executes,1,1,0,0,0,0,0,0,4,713,0.04007894306846264,benign,,0,synthetic macOS Endpoint Security-style fixture
evt-0233-0,2026-01-16 11:11:02+00:00,mac-013,user-60880,session-0233,0,launchd,Calendar,exec,/System/Library/CoreServices,executes,1,1,0,0,0,0,0,0,6,2785,0.03266761194486473,benign,,0,synthetic macOS Endpoint Security-style fixture
evt-0233-1,2026-01-16 11:11:19+00:00,mac-013,user-60880,session-0233,1,Calendar,Calendar,network_connect,calendar.example,connects,1,1,0,0,0,0,0,0,1,1953,0.028926362992253846,benign,,0,synthetic macOS Endpoint Security-style fixture
evt-0233-2,2026-01-16 11:11:39+00:00,mac-013,user-60880,session-0233,2,Calendar,Finder,file_write,~/Library/Preferences,writes,1,1,0,0,0,0,0,0,3,5368,0.023587493759255573,benign,,0,synthetic macOS Endpoint Security-style fixture
evt-0233-3,2026-01-16 11:11:57+00:00,mac-013,user-60880,session-0233,3,Finder,backupd,file_read,/System/Library,reads,1,1,0,0,0,0,0,0,3,1365,0.011283290852374603,benign,,0,synthetic macOS Endpoint Security-style fixture
evt-0233-4,2026-01-16 11:12:19+00:00,mac-013,user-60880,session-0233,4,backupd,Safari,exec,/System/Library/CoreServices,executes,1,1,0,0,0,0,0,0,3,3785,0.01553566147837613,benign,,0,synthetic macOS Endpoint Security-style fixture
evt-0233-5,2026-01-16 11:12:39+00:00,mac-013,user-60880,session-0233,5,Safari,softwareupdated,file_read,~/Documents,reads,1,1,0,0,0,0,0,0,3,3406,0.0878591819264272,benign,,0,synthetic macOS Endpoint Security-style fixture
evt-0234-0,2026-01-16 11:19:00+00:00,mac-014,user-71522,session-0234,0,launchd,Calendar,network_connect,icloud.example,connects,1,1,0,0,0,0,0,0,4,945,0.03206091413184653,benign,,0,synthetic macOS Endpoint Security-style fixture
evt-0234-1,2026-01-16 11:19:20+00:00,mac-014,user-71522,session-0234,1,Calendar,softwareupdated,network_connect,mail.example,connects,1,1,0,0,0,0,0,0,4,622,0.01714103609551896,benign,,0,synthetic macOS Endpoint Security-style fixture
evt-0234-2,2026-01-16 11:19:40+00:00,mac-014,user-71522,session-0234,2,softwareupdated,mdworker,file_write,/System/Library,writes,1,1,0,0,0,0,0,0,5,564,0.023578919446560074,benign,,0,synthetic macOS Endpoint Security-style fixture
evt-0234-3,2026-01-16 11:19:58+00:00,mac-014,user-71522,session-0234,3,mdworker,Finder,file_read,/System/Library,reads,1,1,0,0,0,0,0,0,5,1796,0.007564024214014219,benign,,0,synthetic macOS Endpoint Security-style fixture
evt-0234-4,2026-01-16 11:20:17+00:00,mac-014,user-71522,session-0234,4,Finder,Safari,exec,/System/Applications,executes,1,1,0,0,0,0,0,0,5,1148,0.03328871589427196,benign,,0,synthetic macOS Endpoint Security-style fixture
evt-0234-5,2026-01-16 11:20:35+00:00,mac-014,user-71522,session-0234,5,Safari,Mail,exec,/System/Library/CoreServices,executes,1,1,0,0,0,0,0,0,3,334,0.05182829132481888,benign,,0,synthetic macOS Endpoint Security-style fixture
evt-0235-0,2026-01-16 11:29:03+00:00,mac-002,user-96641,session-0235,0,launchd,Safari,exec,/usr/bin/open,executes,1,1,0,0,0,0,0,0,2,950,0.0363128402501948,benign,,0,synthetic macOS Endpoint Security-style fixture
evt-0235-1,2026-01-16 11:29:22+00:00,mac-002,user-96641,session-0235,1,Safari,Calendar,file_read,~/Pictures,reads,1,1,0,0,0,0,0,0,6,303,0.037415115120654506,benign,,0,synthetic macOS Endpoint Security-style fixture
evt-0235-2,2026-01-16 11:29:41+00:00,mac-002,user-96641,session-0235,2,Calendar,Mail,exec,/System/Applications,executes,1,1,0,0,0,0,0,0,11,945,0.04146801230611334,benign,,0,synthetic macOS Endpoint Security-style fixture
evt-0235-3,2026-01-16 11:29:59+00:00,mac-002,user-96641,session-0235,3,Mail,Calendar,exec,/System/Library/CoreServices,executes,1,1,0,0,0,0,0,0,8,929,0.034930660730883384,benign,,0,synthetic macOS Endpoint Security-style fixture
evt-0235-4,2026-01-16 11:30:16+00:00,mac-002,user-96641,session-0235,4,Calendar,softwareupdated,network_connect,calendar.example,connects,1,1,0,0,0,0,0,0,0,2211,0.025916713075465676,benign,,0,synthetic macOS Endpoint Security-style fixture
evt-0235-5,2026-01-16 11:30:36+00:00,mac-002,user-96641,session-0235,5,softwareupdated,Mail,file_read,~/Pictures,reads,1,1,0,0,0,0,0,0,2,1285,0.04751276192062806,benign,,0,synthetic macOS Endpoint Security-style fixture
evt-0236-0,2026-01-16 11:33:04+00:00,mac-019,user-55559,session-0236,0,launchd,mdworker,file_write,~/Documents,writes,1,1,0,0,0,0,0,0,1,1171,0.041663924760905496,benign,,0,synthetic macOS Endpoint Security-style fixture
evt-0236-1,2026-01-16 11:33:20+00:00,mac-019,user-55559,session-0236,1,mdworker,backupd,file_read,~/Library/Preferences,reads,1,1,0,0,0,0,0,0,3,6225,0.010717646375249187,benign,,0,synthetic macOS Endpoint Security-style fixture
evt-0236-2,2026-01-16 11:33:38+00:00,mac-019,user-55559,session-0236,2,backupd,Finder,exec,/System/Applications,executes,1,1,0,0,0,0,0,0,1,786,0.05633548777798378,benign,,0,synthetic macOS Endpoint Security-style fixture
evt-0236-3,2026-01-16 11:33:59+00:00,mac-019,user-55559,session-0236,3,Finder,mdworker,network_connect,mail.example,connects,1,1,0,0,0,0,0,0,8,565,0.02041432779898093,benign,,0,synthetic macOS Endpoint Security-style fixture
evt-0236-4,2026-01-16 11:34:16+00:00,mac-019,user-55559,session-0236,4,mdworker,Finder,exec,/System/Library/CoreServices,executes,1,1,0,0,0,0,0,0,4,685,0.024050481349218576,benign,,0,synthetic macOS Endpoint Security-style fixture
evt-0236-5,2026-01-16 11:34:39+00:00,mac-019,user-55559,session-0236,5,Finder,Preview,exec,/usr/bin/open,executes,1,1,0,0,0,0,0,0,2,1891,0.03484502444605986,benign,,0,synthetic macOS Endpoint Security-style fixture
evt-0237-0,2026-01-16 11:42:03+00:00,mac-007,user-91320,session-0237,0,launchd,Safari,network_connect,mail.example,connects,1,1,0,0,0,0,0,0,3,1376,0.02485848623933555,benign,,0,synthetic macOS Endpoint Security-style fixture
evt-0237-1,2026-01-16 11:42:21+00:00,mac-007,user-91320,session-0237,1,Safari,Mail,network_connect,mail.example,connects,1,1,0,0,0,0,0,0,5,1447,0.03327148876904957,benign,,0,synthetic macOS Endpoint Security-style fixture
evt-0237-2,2026-01-16 11:42:38+00:00,mac-007,user-91320,session-0237,2,Mail,Calendar,file_write,~/Library/Preferences,writes,1,1,0,0,0,0,0,0,3,580,0.06033431723683315,benign,,0,synthetic macOS Endpoint Security-style fixture
evt-0237-3,2026-01-16 11:43:00+00:00,mac-007,user-91320,session-0237,3,Calendar,Calendar,exec,/System/Applications,executes,1,1,0,0,0,0,0,0,3,1687,0.028498248634319948,benign,,0,synthetic macOS Endpoint Security-style fixture
evt-0237-4,2026-01-16 11:43:16+00:00,mac-007,user-91320,session-0237,4,Calendar,mdworker,file_read,~/Documents,reads,1,1,0,0,0,0,0,0,4,1699,0.08067002206265877,benign,,0,synthetic macOS Endpoint Security-style fixture
evt-0237-5,2026-01-16 11:43:36+00:00,mac-007,user-91320,session-0237,5,mdworker,Preview,file_read,~/Documents,reads,1,1,0,0,0,0,0,0,6,2478,0.0,benign,,0,synthetic macOS Endpoint Security-style fixture
evt-0238-0,2026-01-16 11:49:01+00:00,mac-005,user-45660,session-0238,0,launchd,Mail,file_write,~/Downloads/invoice.pdf,writes,1,1,0,0,0,0,0,0,2,862,0.060017995758527676,ransomware_burst,T1566,1,synthetic macOS Endpoint Security-style fixture
evt-0238-1,2026-01-16 11:49:19+00:00,mac-005,user-45660,session-0238,1,Mail,Preview,exec,invoice.pdf,executes,1,1,0,0,0,0,0,0,5,1143,0.05538136300832389,ransomware_burst,T1204,1,synthetic macOS Endpoint Security-style fixture
evt-0238-2,2026-01-16 11:49:40+00:00,mac-005,user-45660,session-0238,2,Preview,sh,exec,/bin/sh,executes,0,0,0,0,0,0,0,0,4,1213,0.2724232878919966,ransomware_burst,T1059,1,synthetic macOS Endpoint Security-style fixture
evt-0238-3,2026-01-16 11:49:59+00:00,mac-005,user-45660,session-0238,3,sh,encryptor,file_write,~/Documents,writes,0,0,0,0,0,0,0,0,104,2402,0.25280007772502183,ransomware_burst,T1486,1,synthetic macOS Endpoint Security-style fixture
evt-0238-4,2026-01-16 11:50:19+00:00,mac-005,user-45660,session-0238,4,encryptor,encryptor,file_write,~/Pictures,writes,0,0,0,0,0,0,0,0,102,671,0.30301263036514026,ransomware_burst,T1486,1,synthetic macOS Endpoint Security-style fixture
evt-0238-5,2026-01-16 11:50:37+00:00,mac-005,user-45660,session-0238,5,encryptor,encryptor,file_write,~/Desktop,writes,0,0,0,0,0,0,0,0,115,1862,0.2875190458414471,ransomware_burst,T1486,1,synthetic macOS Endpoint Security-style fixture
evt-0239-0,2026-01-16 11:55:03+00:00,mac-011,user-89358,session-0239,0,launchd,softwareupdated,auth,loginwindow,authenticates,1,1,0,0,0,0,0,0,2,1292,0.042113755410361206,benign,,0,synthetic macOS Endpoint Security-style fixture
evt-0239-1,2026-01-16 11:55:19+00:00,mac-011,user-89358,session-0239,1,softwareupdated,backupd,file_read,~/Pictures,reads,1,1,0,0,0,0,0,0,6,488,0.0428464904537631,benign,,0,synthetic macOS Endpoint Security-style fixture
evt-0239-2,2026-01-16 11:55:39+00:00,mac-011,user-89358,session-0239,2,backupd,Preview,exec,/usr/bin/open,executes,1,1,0,0,0,0,0,0,5,721,0.04267395109668014,benign,,0,synthetic macOS Endpoint Security-style fixture
evt-0239-3,2026-01-16 11:56:01+00:00,mac-011,user-89358,session-0239,3,Preview,softwareupdated,file_read,~/Library/Preferences,reads,1,1,0,0,0,0,0,0,4,410,0.0,benign,,0,synthetic macOS Endpoint Security-style fixture
evt-0239-4,2026-01-16 11:56:18+00:00,mac-011,user-89358,session-0239,4,softwareupdated,Preview,file_read,~/Documents,reads,1,1,0,0,0,0,0,0,5,2505,0.07123136095228723,benign,,0,synthetic macOS Endpoint Security-style fixture
evt-0239-5,2026-01-16 11:56:37+00:00,mac-011,user-89358,session-0239,5,Preview,Safari,file_write,~/Pictures,writes,1,1,0,0,0,0,0,0,2,1294,0.07948010525091997,benign,,0,synthetic macOS Endpoint Security-style fixture
evt-0240-0,2026-01-16 12:00:03+00:00,mac-001,user-66855,session-0240,0,launchd,softwareupdated,auth,loginwindow,authenticates,1,1,0,0,0,0,0,0,4,832,0.07261481268649933,benign,,0,synthetic macOS Endpoint Security-style fixture
evt-0240-1,2026-01-16 12:00:20+00:00,mac-001,user-66855,session-0240,1,softwareupdated,backupd,auth,loginwindow,authenticates,1,1,0,0,0,0,0,0,3,1492,0.0612100264050949,benign,,0,synthetic macOS Endpoint Security-style fixture
evt-0240-2,2026-01-16 12:00:40+00:00,mac-001,user-66855,session-0240,2,backupd,WindowServer,auth,loginwindow,authenticates,1,1,0,0,0,0,0,0,5,381,0.0217458428533587,benign,,0,synthetic macOS Endpoint Security-style fixture
evt-0240-3,2026-01-16 12:01:00+00:00,mac-001,user-66855,session-0240,3,WindowServer,Notes,file_write,~/Pictures,writes,1,1,0,0,0,0,0,0,4,440,0.022983707146509876,benign,,0,synthetic macOS Endpoint Security-style fixture
evt-0240-4,2026-01-16 12:01:19+00:00,mac-001,user-66855,session-0240,4,Notes,Safari,file_write,/System/Library,writes,1,1,0,0,0,0,0,0,6,708,0.04399691803255827,benign,,0,synthetic macOS Endpoint Security-style fixture
evt-0240-5,2026-01-16 12:01:39+00:00,mac-001,user-66855,session-0240,5,Safari,Preview,auth,loginwindow,authenticates,1,1,0,0,0,0,0,0,4,668,0.044599808944378594,benign,,0,synthetic macOS Endpoint Security-style fixture
evt-0241-0,2026-01-16 12:10:00+00:00,mac-004,user-67509,session-0241,0,launchd,backupd,file_read,~/Library/Preferences,reads,1,1,0,0,0,0,0,0,4,709,0.004207307928071807,benign,,0,synthetic macOS Endpoint Security-style fixture
evt-0241-1,2026-01-16 12:10:19+00:00,mac-004,user-67509,session-0241,1,backupd,Safari,file_write,/System/Library,writes,1,1,0,0,0,0,0,0,8,2601,0.08701324315169351,benign,,0,synthetic macOS Endpoint Security-style fixture
evt-0241-2,2026-01-16 12:10:40+00:00,mac-004,user-67509,session-0241,2,Safari,Calendar,network_connect,icloud.example,connects,1,1,0,0,0,0,0,0,4,5908,0.05870918458968667,benign,,0,synthetic macOS Endpoint Security-style fixture
evt-0241-3,2026-01-16 12:10:59+00:00,mac-004,user-67509,session-0241,3,Calendar,Notes,network_connect,calendar.example,connects,1,1,0,0,0,0,0,0,3,1082,0.010626497767346834,benign,,0,synthetic macOS Endpoint Security-style fixture
evt-0241-4,2026-01-16 12:11:18+00:00,mac-004,user-67509,session-0241,4,Notes,Finder,file_read,~/Documents,reads,1,1,0,0,0,0,0,0,2,388,0.03167484023270608,benign,,0,synthetic macOS Endpoint Security-style fixture
evt-0241-5,2026-01-16 12:11:38+00:00,mac-004,user-67509,session-0241,5,Finder,Safari,exec,/System/Applications,executes,1,1,0,0,0,0,0,0,4,838,0.013675718772113234,benign,,0,synthetic macOS Endpoint Security-style fixture
evt-0242-0,2026-01-16 12:17:04+00:00,mac-003,user-45006,session-0242,0,launchd,Notes,exec,/usr/bin/open,executes,1,1,0,0,0,0,0,0,4,629,0.027770491703901758,benign,,0,synthetic macOS Endpoint Security-style fixture
evt-0242-1,2026-01-16 12:17:22+00:00,mac-003,user-45006,session-0242,1,Notes,WindowServer,file_read,~/Pictures,reads,1,1,0,0,0,0,0,0,7,608,0.011314077106206969,benign,,0,synthetic macOS Endpoint Security-style fixture
evt-0242-2,2026-01-16 12:17:40+00:00,mac-003,user-45006,session-0242,2,WindowServer,Calendar,file_read,~/Documents,reads,1,1,0,0,0,0,0,0,1,1272,0.033838806502047444,benign,,0,synthetic macOS Endpoint Security-style fixture
evt-0242-3,2026-01-16 12:17:59+00:00,mac-003,user-45006,session-0242,3,Calendar,Notes,file_read,/System/Library,reads,1,1,0,0,0,0,0,0,3,2029,0.042412287063945814,benign,,0,synthetic macOS Endpoint Security-style fixture
evt-0242-4,2026-01-16 12:18:17+00:00,mac-003,user-45006,session-0242,4,Notes,mdworker,exec,/usr/bin/open,executes,1,1,0,0,0,0,0,0,2,2941,0.0,benign,,0,synthetic macOS Endpoint Security-style fixture
evt-0242-5,2026-01-16 12:18:36+00:00,mac-003,user-45006,session-0242,5,mdworker,Finder,network_connect,icloud.example,connects,1,1,0,0,0,0,0,0,2,189,0.04953179994834385,benign,,0,synthetic macOS Endpoint Security-style fixture
evt-0243-0,2026-01-16 12:23:00+00:00,mac-002,user-95987,session-0243,0,launchd,Terminal,exec,/bin/zsh,executes,1,1,0,0,0,0,0,0,3,565,0.03619887298597881,credential_access,T1059,1,synthetic macOS Endpoint Security-style fixture
evt-0243-1,2026-01-16 12:23:22+00:00,mac-002,user-95987,session-0243,1,Terminal,zsh,exec,/usr/bin/python3,executes,1,1,0,0,0,0,0,0,3,183,0.045978371558300944,credential_access,T1059,1,synthetic macOS Endpoint Security-style fixture
evt-0243-2,2026-01-16 12:23:39+00:00,mac-002,user-95987,session-0243,2,zsh,python3,file_read,~/Library/Keychains/login.keychain-db,reads,0,0,0,0,0,0,1,0,7,891,0.44710245540939975,credential_access,T1555.001,1,synthetic macOS Endpoint Security-style fixture
evt-0243-3,2026-01-16 12:23:59+00:00,mac-002,user-95987,session-0243,3,python3,python3,file_read,~/.ssh/id_ed25519,reads,0,0,0,0,0,0,1,0,8,471,0.4817438071055871,credential_access,T1552.004,1,synthetic macOS Endpoint Security-style fixture
evt-0243-4,2026-01-16 12:24:18+00:00,mac-002,user-95987,session-0243,4,python3,security,exec,/usr/bin/security,executes,0,0,0,0,0,0,0,0,6,3254,0.24931646613262984,credential_access,T1555,1,synthetic macOS Endpoint Security-style fixture
evt-0243-5,2026-01-16 12:24:39+00:00,mac-002,user-95987,session-0243,5,security,python3,network_connect,collector.example,connects,0,0,0,0,0,0,0,1,4,2249,0.47020476173550435,credential_access,T1041,1,synthetic macOS Endpoint Security-style fixture
evt-0244-0,2026-01-16 12:29:01+00:00,mac-019,user-66855,session-0244,0,launchd,Preview,file_read,~/Library/Preferences,reads,1,1,0,0,0,0,0,0,5,2280,0.04515515317020226,benign,,0,synthetic macOS Endpoint Security-style fixture
evt-0244-1,2026-01-16 12:29:21+00:00,mac-019,user-66855,session-0244,1,Preview,Notes,file_write,/System/Library,writes,1,1,0,0,0,0,0,0,5,943,0.026330604156152133,benign,,0,synthetic macOS Endpoint Security-style fixture
evt-0244-2,2026-01-16 12:29:42+00:00,mac-019,user-66855,session-0244,2,Notes,softwareupdated,exec,/System/Applications,executes,1,1,0,0,0,0,0,0,3,1065,0.05758901206546553,benign,,0,synthetic macOS Endpoint Security-style fixture
evt-0244-3,2026-01-16 12:29:58+00:00,mac-019,user-66855,session-0244,3,softwareupdated,mdworker,file_read,~/Pictures,reads,1,1,0,0,0,0,0,0,3,903,0.04909462364124886,benign,,0,synthetic macOS Endpoint Security-style fixture
evt-0244-4,2026-01-16 12:30:19+00:00,mac-019,user-66855,session-0244,4,mdworker,mdworker,file_read,/System/Library,reads,1,1,0,0,0,0,0,0,3,1752,0.04801114411962096,benign,,0,synthetic macOS Endpoint Security-style fixture
evt-0244-5,2026-01-16 12:30:38+00:00,mac-019,user-66855,session-0244,5,mdworker,Finder,auth,loginwindow,authenticates,1,1,0,0,0,0,0,0,4,1460,0.039355730109361955,benign,,0,synthetic macOS Endpoint Security-style fixture
evt-0245-0,2026-01-16 12:39:04+00:00,mac-015,user-11861,session-0245,0,launchd,Mail,network_connect,icloud.example,connects,1,1,0,0,0,0,0,0,4,2485,0.04512104154591427,benign,,0,synthetic macOS Endpoint Security-style fixture
evt-0245-1,2026-01-16 12:39:20+00:00,mac-015,user-11861,session-0245,1,Mail,Notes,exec,/usr/bin/open,executes,1,1,0,0,0,0,0,0,1,847,0.009066621373000086,benign,,0,synthetic macOS Endpoint Security-style fixture
evt-0245-2,2026-01-16 12:39:42+00:00,mac-015,user-11861,session-0245,2,Notes,softwareupdated,network_connect,mail.example,connects,1,1,0,0,0,0,0,0,3,182,0.051442600934819296,benign,,0,synthetic macOS Endpoint Security-style fixture
evt-0245-3,2026-01-16 12:39:59+00:00,mac-015,user-11861,session-0245,3,softwareupdated,Finder,network_connect,calendar.example,connects,1,1,0,0,0,0,0,0,3,3941,0.02859455369716973,benign,,0,synthetic macOS Endpoint Security-style fixture
evt-0245-4,2026-01-16 12:40:17+00:00,mac-015,user-11861,session-0245,4,Finder,Calendar,file_read,/System/Library,reads,1,1,0,0,0,0,0,0,4,8965,0.02706455108701282,benign,,0,synthetic macOS Endpoint Security-style fixture
evt-0245-5,2026-01-16 12:40:38+00:00,mac-015,user-11861,session-0245,5,Calendar,Safari,file_read,~/Pictures,reads,1,1,0,0,0,0,0,0,2,425,0.06545246618698412,benign,,0,synthetic macOS Endpoint Security-style fixture
evt-0246-0,2026-01-16 12:46:00+00:00,mac-005,user-40339,session-0246,0,launchd,Safari,network_connect,downloads.example,connects,1,1,0,0,0,0,0,0,5,682,0.03395286170902226,download_execute,T1105,1,synthetic macOS Endpoint Security-style fixture
evt-0246-1,2026-01-16 12:46:22+00:00,mac-005,user-40339,session-0246,1,Safari,curl,file_write,/tmp/sample.bin,writes,1,1,0,0,0,0,0,0,4,1122,0.062435429873283,download_execute,T1105,1,synthetic macOS Endpoint Security-style fixture
evt-0246-2,2026-01-16 12:46:40+00:00,mac-005,user-40339,session-0246,2,curl,sh,exec,/bin/sh,executes,0,0,0,0,0,0,0,0,8,1133,0.2636967647865035,download_execute,T1059,1,synthetic macOS Endpoint Security-style fixture
evt-0246-3,2026-01-16 12:46:58+00:00,mac-005,user-40339,session-0246,3,sh,chmod,file_write,/tmp/sample.bin,writes,0,0,0,0,0,0,0,0,5,703,0.26877859942614524,download_execute,T1222,1,synthetic macOS Endpoint Security-style fixture
evt-0246-4,2026-01-16 12:47:20+00:00,mac-005,user-40339,session-0246,4,chmod,sample.bin,exec,/tmp/sample.bin,executes,0,0,0,1,1,0,0,0,5,238,0.223136546731821,download_execute,T1204,1,synthetic macOS Endpoint Security-style fixture
evt-0246-5,2026-01-16 12:47:39+00:00,mac-005,user-40339,session-0246,5,sample.bin,sample.bin,network_connect,control.example,connects,0,0,0,0,0,0,0,1,3,570,0.4609021820473613,download_execute,T1071,1,synthetic macOS Endpoint Security-style fixture
evt-0247-0,2026-01-16 12:51:02+00:00,mac-014,user-81421,session-0247,0,launchd,Terminal,exec,/bin/zsh,executes,1,1,0,0,0,0,0,0,6,595,0.0675198794075303,benign,,0,synthetic macOS Endpoint Security-style fixture
evt-0247-1,2026-01-16 12:51:21+00:00,mac-014,user-81421,session-0247,1,Terminal,zsh,exec,/usr/local/bin/brew,executes,0,0,0,0,0,0,0,0,6,1285,0.25732713430913107,benign,,0,synthetic macOS Endpoint Security-style fixture
evt-0247-2,2026-01-16 12:51:39+00:00,mac-014,user-81421,session-0247,2,zsh,brew,network_connect,packages.example,connects,0,0,0,0,0,0,0,0,2,2103,0.22724947596052616,benign,,0,synthetic macOS Endpoint Security-style fixture
evt-0247-3,2026-01-16 12:52:01+00:00,mac-014,user-81421,session-0247,3,brew,softwareupdated,file_write,/Library/Updates,writes,1,1,0,0,0,1,0,0,46,1574,0.3448926531880679,benign,,0,synthetic macOS Endpoint Security-style fixture
evt-0247-4,2026-01-16 12:52:19+00:00,mac-014,user-81421,session-0247,4,softwareupdated,security,file_read,login.keychain-db,reads,1,1,0,0,0,0,1,0,6,607,0.2885225279602153,benign,,0,synthetic macOS Endpoint Security-style fixture
evt-0247-5,2026-01-16 12:52:39+00:00,mac-014,user-81421,session-0247,5,security,backupd,network_connect,backup.example,connects,1,1,0,0,0,0,0,1,7,22876,0.23564995422286103,benign,,0,synthetic macOS Endpoint Security-style fixture
evt-0248-0,2026-01-16 13:00:01+00:00,mac-008,user-59572,session-0248,0,launchd,Safari,network_connect,icloud.example,connects,1,1,0,0,0,0,0,0,9,245,0.03620039338013012,benign,,0,synthetic macOS Endpoint Security-style fixture
evt-0248-1,2026-01-16 13:00:20+00:00,mac-008,user-59572,session-0248,1,Safari,Safari,exec,/System/Library/CoreServices,executes,1,1,0,0,0,0,0,0,4,807,0.0,benign,,0,synthetic macOS Endpoint Security-style fixture
evt-0248-2,2026-01-16 13:00:41+00:00,mac-008,user-59572,session-0248,2,Safari,Calendar,file_write,~/Pictures,writes,1,1,0,0,0,0,0,0,2,6041,0.07839131452159429,benign,,0,synthetic macOS Endpoint Security-style fixture
evt-0248-3,2026-01-16 13:01:01+00:00,mac-008,user-59572,session-0248,3,Calendar,mdworker,auth,loginwindow,authenticates,1,1,0,0,0,0,0,0,8,2861,0.06444482408865052,benign,,0,synthetic macOS Endpoint Security-style fixture
evt-0248-4,2026-01-16 13:01:17+00:00,mac-008,user-59572,session-0248,4,mdworker,softwareupdated,exec,/System/Library/CoreServices,executes,1,1,0,0,0,0,0,0,6,1075,0.03859654636475812,benign,,0,synthetic macOS Endpoint Security-style fixture
evt-0248-5,2026-01-16 13:01:37+00:00,mac-008,user-59572,session-0248,5,softwareupdated,mdworker,exec,/System/Library/CoreServices,executes,1,1,0,0,0,0,0,0,6,2568,0.06539300467448107,benign,,0,synthetic macOS Endpoint Security-style fixture
evt-0249-0,2026-01-16 13:07:04+00:00,mac-017,user-19144,session-0249,0,launchd,backupd,file_read,~/Documents,reads,1,1,0,0,0,0,0,0,3,1889,0.018841103379129996,benign,,0,synthetic macOS Endpoint Security-style fixture
evt-0249-1,2026-01-16 13:07:20+00:00,mac-017,user-19144,session-0249,1,backupd,Preview,file_read,~/Pictures,reads,1,1,0,0,0,0,0,0,2,482,0.08658067079730607,benign,,0,synthetic macOS Endpoint Security-style fixture
evt-0249-2,2026-01-16 13:07:41+00:00,mac-017,user-19144,session-0249,2,Preview,Safari,exec,/usr/bin/open,executes,1,1,0,0,0,0,0,0,8,4412,0.0244681496556862,benign,,0,synthetic macOS Endpoint Security-style fixture
evt-0249-3,2026-01-16 13:08:00+00:00,mac-017,user-19144,session-0249,3,Safari,softwareupdated,file_read,~/Library/Preferences,reads,1,1,0,0,0,0,0,0,4,525,0.049535582926051216,benign,,0,synthetic macOS Endpoint Security-style fixture
evt-0249-4,2026-01-16 13:08:17+00:00,mac-017,user-19144,session-0249,4,softwareupdated,Notes,network_connect,updates.example,connects,1,1,0,0,0,0,0,0,0,3306,0.0712315563442973,benign,,0,synthetic macOS Endpoint Security-style fixture
evt-0249-5,2026-01-16 13:08:35+00:00,mac-017,user-19144,session-0249,5,Notes,Mail,file_read,~/Documents,reads,1,1,0,0,0,0,0,0,3,1066,0.055244490849316964,benign,,0,synthetic macOS Endpoint Security-style fixture
evt-0250-0,2026-01-16 13:14:04+00:00,mac-008,user-25773,session-0250,0,launchd,Preview,exec,/usr/bin/open,executes,1,1,0,0,0,0,0,0,6,1260,0.08792316978750822,benign,,0,synthetic macOS Endpoint Security-style fixture
evt-0250-1,2026-01-16 13:14:21+00:00,mac-008,user-25773,session-0250,1,Preview,WindowServer,file_read,/System/Library,reads,1,1,0,0,0,0,0,0,2,4943,0.04632015163238217,benign,,0,synthetic macOS Endpoint Security-style fixture
evt-0250-2,2026-01-16 13:14:39+00:00,mac-008,user-25773,session-0250,2,WindowServer,backupd,file_read,/System/Library,reads,1,1,0,0,0,0,0,0,5,494,0.0,benign,,0,synthetic macOS Endpoint Security-style fixture
evt-0250-3,2026-01-16 13:15:01+00:00,mac-008,user-25773,session-0250,3,backupd,WindowServer,file_read,~/Library/Preferences,reads,1,1,0,0,0,0,0,0,9,1925,0.03324394811504062,benign,,0,synthetic macOS Endpoint Security-style fixture
evt-0250-4,2026-01-16 13:15:20+00:00,mac-008,user-25773,session-0250,4,WindowServer,Finder,file_write,~/Pictures,writes,1,1,0,0,0,0,0,0,6,525,0.011590906088362826,benign,,0,synthetic macOS Endpoint Security-style fixture
evt-0250-5,2026-01-16 13:15:38+00:00,mac-008,user-25773,session-0250,5,Finder,Calendar,network_connect,calendar.example,connects,1,1,0,0,0,0,0,0,7,2394,0.01596810035108336,benign,,0,synthetic macOS Endpoint Security-style fixture
evt-0251-0,2026-01-16 13:18:04+00:00,mac-019,user-54251,session-0251,0,launchd,Preview,network_connect,icloud.example,connects,1,1,0,0,0,0,0,0,4,872,0.02659725036686606,benign,,0,synthetic macOS Endpoint Security-style fixture
evt-0251-1,2026-01-16 13:18:23+00:00,mac-019,user-54251,session-0251,1,Preview,backupd,exec,/usr/bin/open,executes,1,1,0,0,0,0,0,0,5,707,0.057909706021251325,benign,,0,synthetic macOS Endpoint Security-style fixture
evt-0251-2,2026-01-16 13:18:38+00:00,mac-019,user-54251,session-0251,2,backupd,softwareupdated,network_connect,updates.example,connects,1,1,0,0,0,0,0,0,8,1417,0.0550303962747875,benign,,0,synthetic macOS Endpoint Security-style fixture
evt-0251-3,2026-01-16 13:19:00+00:00,mac-019,user-54251,session-0251,3,softwareupdated,WindowServer,network_connect,mail.example,connects,1,1,0,0,0,0,0,0,4,296,0.04706949360720958,benign,,0,synthetic macOS Endpoint Security-style fixture
evt-0251-4,2026-01-16 13:19:17+00:00,mac-019,user-54251,session-0251,4,WindowServer,Preview,exec,/System/Library/CoreServices,executes,1,1,0,0,0,0,0,0,5,1816,0.07541471823736054,benign,,0,synthetic macOS Endpoint Security-style fixture
evt-0251-5,2026-01-16 13:19:39+00:00,mac-019,user-54251,session-0251,5,Preview,Mail,auth,loginwindow,authenticates,1,1,0,0,0,0,0,0,2,2632,0.04885787048483213,benign,,0,synthetic macOS Endpoint Security-style fixture
evt-0252-0,2026-01-16 13:28:03+00:00,mac-006,user-73484,session-0252,0,launchd,WindowServer,exec,/usr/bin/open,executes,1,1,0,0,0,0,0,0,2,3032,0.008313076922347153,benign,,0,synthetic macOS Endpoint Security-style fixture
evt-0252-1,2026-01-16 13:28:22+00:00,mac-006,user-73484,session-0252,1,WindowServer,Notes,exec,/usr/bin/open,executes,1,1,0,0,0,0,0,0,1,3128,0.0711935467965347,benign,,0,synthetic macOS Endpoint Security-style fixture
evt-0252-2,2026-01-16 13:28:40+00:00,mac-006,user-73484,session-0252,2,Notes,Notes,file_write,/System/Library,writes,1,1,0,0,0,0,0,0,1,736,0.08763307993637082,benign,,0,synthetic macOS Endpoint Security-style fixture
evt-0252-3,2026-01-16 13:28:57+00:00,mac-006,user-73484,session-0252,3,Notes,Preview,auth,loginwindow,authenticates,1,1,0,0,0,0,0,0,1,8715,0.01649069243910741,benign,,0,synthetic macOS Endpoint Security-style fixture
evt-0252-4,2026-01-16 13:29:20+00:00,mac-006,user-73484,session-0252,4,Preview,softwareupdated,file_write,~/Pictures,writes,1,1,0,0,0,0,0,0,2,549,0.0746222625150651,benign,,0,synthetic macOS Endpoint Security-style fixture
evt-0252-5,2026-01-16 13:29:38+00:00,mac-006,user-73484,session-0252,5,softwareupdated,backupd,network_connect,updates.example,connects,1,1,0,0,0,0,0,0,8,989,0.07879926612692463,benign,,0,synthetic macOS Endpoint Security-style fixture
evt-0253-0,2026-01-16 13:31:03+00:00,mac-029,user-66855,session-0253,0,launchd,Safari,network_connect,icloud.example,connects,1,1,0,0,0,0,0,0,3,445,0.0075172088501230735,benign,,0,synthetic macOS Endpoint Security-style fixture
evt-0253-1,2026-01-16 13:31:21+00:00,mac-029,user-66855,session-0253,1,Safari,Calendar,file_read,~/Pictures,reads,1,1,0,0,0,0,0,0,5,5488,0.051411258510355815,benign,,0,synthetic macOS Endpoint Security-style fixture
evt-0253-2,2026-01-16 13:31:41+00:00,mac-029,user-66855,session-0253,2,Calendar,WindowServer,file_write,~/Library/Preferences,writes,1,1,0,0,0,0,0,0,5,4724,0.0568584518461618,benign,,0,synthetic macOS Endpoint Security-style fixture
evt-0253-3,2026-01-16 13:31:57+00:00,mac-029,user-66855,session-0253,3,WindowServer,mdworker,network_connect,icloud.example,connects,1,1,0,0,0,0,0,0,4,3951,0.04921500532397483,benign,,0,synthetic macOS Endpoint Security-style fixture
evt-0253-4,2026-01-16 13:32:20+00:00,mac-029,user-66855,session-0253,4,mdworker,Preview,network_connect,mail.example,connects,1,1,0,0,0,0,0,0,4,3051,0.046465741422441725,benign,,0,synthetic macOS Endpoint Security-style fixture
evt-0253-5,2026-01-16 13:32:37+00:00,mac-029,user-66855,session-0253,5,Preview,Calendar,file_write,~/Documents,writes,1,1,0,0,0,0,0,0,1,478,0.01409994962715997,benign,,0,synthetic macOS Endpoint Security-style fixture
evt-0254-0,2026-01-16 13:42:01+00:00,mac-013,user-24465,session-0254,0,launchd,WindowServer,file_read,~/Library/Preferences,reads,1,1,0,0,0,0,0,0,4,1002,0.04245377136389703,benign,,0,synthetic macOS Endpoint Security-style fixture
evt-0254-1,2026-01-16 13:42:23+00:00,mac-013,user-24465,session-0254,1,WindowServer,backupd,auth,loginwindow,authenticates,1,1,0,0,0,0,0,0,1,1090,0.0463965341422517,benign,,0,synthetic macOS Endpoint Security-style fixture
evt-0254-2,2026-01-16 13:42:42+00:00,mac-013,user-24465,session-0254,2,backupd,Finder,auth,loginwindow,authenticates,1,1,0,0,0,0,0,0,3,504,0.048790111135574,benign,,0,synthetic macOS Endpoint Security-style fixture
evt-0254-3,2026-01-16 13:42:58+00:00,mac-013,user-24465,session-0254,3,Finder,Safari,auth,loginwindow,authenticates,1,1,0,0,0,0,0,0,8,639,0.10198508630387057,benign,,0,synthetic macOS Endpoint Security-style fixture
evt-0254-4,2026-01-16 13:43:17+00:00,mac-013,user-24465,session-0254,4,Safari,Safari,file_read,~/Pictures,reads,1,1,0,0,0,0,0,0,6,1684,0.03443626957882926,benign,,0,synthetic macOS Endpoint Security-style fixture
evt-0254-5,2026-01-16 13:43:38+00:00,mac-013,user-24465,session-0254,5,Safari,softwareupdated,file_read,/System/Library,reads,1,1,0,0,0,0,0,0,1,575,0.02660619538540323,benign,,0,synthetic macOS Endpoint Security-style fixture
evt-0255-0,2026-01-16 13:49:03+00:00,mac-014,user-74792,session-0255,0,launchd,mdworker,exec,/System/Library/CoreServices,executes,1,1,0,0,0,0,0,0,2,478,0.040319061966338124,benign,,0,synthetic macOS Endpoint Security-style fixture
evt-0255-1,2026-01-16 13:49:22+00:00,mac-014,user-74792,session-0255,1,mdworker,Mail,network_connect,updates.example,connects,1,1,0,0,0,0,0,0,6,1117,0.06974275006624012,benign,,0,synthetic macOS Endpoint Security-style fixture
evt-0255-2,2026-01-16 13:49:42+00:00,mac-014,user-74792,session-0255,2,Mail,WindowServer,exec,/System/Library/CoreServices,executes,1,1,0,0,0,0,0,0,6,841,0.016476490175175877,benign,,0,synthetic macOS Endpoint Security-style fixture
evt-0255-3,2026-01-16 13:49:57+00:00,mac-014,user-74792,session-0255,3,WindowServer,Mail,file_read,/System/Library,reads,1,1,0,0,0,0,0,0,3,1682,0.06391618474613034,benign,,0,synthetic macOS Endpoint Security-style fixture
evt-0255-4,2026-01-16 13:50:20+00:00,mac-014,user-74792,session-0255,4,Mail,Safari,exec,/System/Library/CoreServices,executes,1,1,0,0,0,0,0,0,5,773,0.04010397846952891,benign,,0,synthetic macOS Endpoint Security-style fixture
evt-0255-5,2026-01-16 13:50:36+00:00,mac-014,user-74792,session-0255,5,Safari,Safari,file_write,~/Pictures,writes,1,1,0,0,0,0,0,0,6,501,0.0,benign,,0,synthetic macOS Endpoint Security-style fixture
evt-0256-0,2026-01-16 13:55:02+00:00,mac-017,user-65547,session-0256,0,launchd,Mail,file_read,~/Pictures,reads,1,1,0,0,0,0,0,0,6,1015,0.025409741502918748,benign,,0,synthetic macOS Endpoint Security-style fixture
evt-0256-1,2026-01-16 13:55:20+00:00,mac-017,user-65547,session-0256,1,Mail,mdworker,auth,loginwindow,authenticates,1,1,0,0,0,0,0,0,1,932,0.0512379286413021,benign,,0,synthetic macOS Endpoint Security-style fixture
evt-0256-2,2026-01-16 13:55:41+00:00,mac-017,user-65547,session-0256,2,mdworker,Safari,network_connect,updates.example,connects,1,1,0,0,0,0,0,0,2,682,0.035425662905988586,benign,,0,synthetic macOS Endpoint Security-style fixture
evt-0256-3,2026-01-16 13:55:58+00:00,mac-017,user-65547,session-0256,3,Safari,mdworker,network_connect,calendar.example,connects,1,1,0,0,0,0,0,0,4,2034,0.04968306802479744,benign,,0,synthetic macOS Endpoint Security-style fixture
evt-0256-4,2026-01-16 13:56:16+00:00,mac-017,user-65547,session-0256,4,mdworker,Finder,network_connect,calendar.example,connects,1,1,0,0,0,0,0,0,6,83,0.018911348319012318,benign,,0,synthetic macOS Endpoint Security-style fixture
evt-0256-5,2026-01-16 13:56:38+00:00,mac-017,user-65547,session-0256,5,Finder,Calendar,network_connect,icloud.example,connects,1,1,0,0,0,0,0,0,7,981,0.031348382381823414,benign,,0,synthetic macOS Endpoint Security-style fixture
evt-0257-0,2026-01-16 14:00:00+00:00,mac-004,user-10553,session-0257,0,launchd,mdworker,exec,/usr/bin/open,executes,1,1,0,0,0,0,0,0,3,1647,0.023742427542068,benign,,0,synthetic macOS Endpoint Security-style fixture
evt-0257-1,2026-01-16 14:00:22+00:00,mac-004,user-10553,session-0257,1,mdworker,Preview,auth,loginwindow,authenticates,1,1,0,0,0,0,0,0,3,466,0.046769390256633334,benign,,0,synthetic macOS Endpoint Security-style fixture
evt-0257-2,2026-01-16 14:00:39+00:00,mac-004,user-10553,session-0257,2,Preview,Mail,auth,loginwindow,authenticates,1,1,0,0,0,0,0,0,9,2118,0.04145651820666336,benign,,0,synthetic macOS Endpoint Security-style fixture
evt-0257-3,2026-01-16 14:01:00+00:00,mac-004,user-10553,session-0257,3,Mail,Preview,exec,/System/Applications,executes,1,1,0,0,0,0,0,0,1,637,0.032785133457848746,benign,,0,synthetic macOS Endpoint Security-style fixture
evt-0257-4,2026-01-16 14:01:19+00:00,mac-004,user-10553,session-0257,4,Preview,backupd,file_write,/System/Library,writes,1,1,0,0,0,0,0,0,2,946,0.04454861071274849,benign,,0,synthetic macOS Endpoint Security-style fixture
evt-0257-5,2026-01-16 14:01:39+00:00,mac-004,user-10553,session-0257,5,backupd,mdworker,auth,loginwindow,authenticates,1,1,0,0,0,0,0,0,5,3939,1.2694985227490463e-05,benign,,0,synthetic macOS Endpoint Security-style fixture
evt-0258-0,2026-01-16 14:10:01+00:00,mac-018,user-94679,session-0258,0,launchd,Safari,network_connect,downloads.example,connects,1,1,0,0,0,0,0,0,3,3078,0.06710390058527162,download_execute,T1105,1,synthetic macOS Endpoint Security-style fixture
evt-0258-1,2026-01-16 14:10:19+00:00,mac-018,user-94679,session-0258,1,Safari,curl,file_write,/tmp/sample.bin,writes,1,1,0,0,0,0,0,0,5,1685,0.017570588964856273,download_execute,T1105,1,synthetic macOS Endpoint Security-style fixture
evt-0258-2,2026-01-16 14:10:39+00:00,mac-018,user-94679,session-0258,2,curl,sh,exec,/bin/sh,executes,0,0,0,0,0,0,0,0,7,479,0.2706803850114597,download_execute,T1059,1,synthetic macOS Endpoint Security-style fixture
evt-0258-3,2026-01-16 14:11:00+00:00,mac-018,user-94679,session-0258,3,sh,chmod,file_write,/tmp/sample.bin,writes,0,0,0,0,0,0,0,0,9,4013,0.23938991574034332,download_execute,T1222,1,synthetic macOS Endpoint Security-style fixture
evt-0258-4,2026-01-16 14:11:16+00:00,mac-018,user-94679,session-0258,4,chmod,sample.bin,exec,/tmp/sample.bin,executes,0,0,0,1,1,0,0,0,4,399,0.22353223509231054,download_execute,T1204,1,synthetic macOS Endpoint Security-style fixture
evt-0258-5,2026-01-16 14:11:38+00:00,mac-018,user-94679,session-0258,5,sample.bin,sample.bin,network_connect,control.example,connects,0,0,0,0,0,0,0,1,5,10876,0.47317307546343756,download_execute,T1071,1,synthetic macOS Endpoint Security-style fixture
evt-0259-0,2026-01-16 14:15:04+00:00,mac-023,user-11861,session-0259,0,launchd,Safari,file_read,/System/Library,reads,1,1,0,0,0,0,0,0,1,595,0.009329616797919025,benign,,0,synthetic macOS Endpoint Security-style fixture
evt-0259-1,2026-01-16 14:15:22+00:00,mac-023,user-11861,session-0259,1,Safari,Safari,file_write,~/Pictures,writes,1,1,0,0,0,0,0,0,7,579,0.02677823906074625,benign,,0,synthetic macOS Endpoint Security-style fixture
evt-0259-2,2026-01-16 14:15:42+00:00,mac-023,user-11861,session-0259,2,Safari,Notes,network_connect,mail.example,connects,1,1,0,0,0,0,0,0,4,265,0.015399404932404537,benign,,0,synthetic macOS Endpoint Security-style fixture
evt-0259-3,2026-01-16 14:15:58+00:00,mac-023,user-11861,session-0259,3,Notes,WindowServer,file_read,~/Library/Preferences,reads,1,1,0,0,0,0,0,0,5,4001,0.03684135992838599,benign,,0,synthetic macOS Endpoint Security-style fixture
evt-0259-4,2026-01-16 14:16:17+00:00,mac-023,user-11861,session-0259,4,WindowServer,WindowServer,exec,/System/Library/CoreServices,executes,1,1,0,0,0,0,0,0,3,736,0.06047575225147635,benign,,0,synthetic macOS Endpoint Security-style fixture
evt-0259-5,2026-01-16 14:16:38+00:00,mac-023,user-11861,session-0259,5,WindowServer,Finder,file_write,~/Library/Preferences,writes,1,1,0,0,0,0,0,0,6,1780,0.0,benign,,0,synthetic macOS Endpoint Security-style fixture
evt-0260-0,2026-01-16 14:20:04+00:00,mac-026,user-39031,session-0260,0,launchd,softwareupdated,network_connect,updates.example,connects,1,1,0,0,0,0,0,0,2,980,0.05021054215596429,benign,,0,synthetic macOS Endpoint Security-style fixture
evt-0260-1,2026-01-16 14:20:23+00:00,mac-026,user-39031,session-0260,1,softwareupdated,Mail,network_connect,icloud.example,connects,1,1,0,0,0,0,0,0,5,2099,0.027503800061803654,benign,,0,synthetic macOS Endpoint Security-style fixture
evt-0260-2,2026-01-16 14:20:40+00:00,mac-026,user-39031,session-0260,2,Mail,Notes,file_read,~/Library/Preferences,reads,1,1,0,0,0,0,0,0,4,1597,0.02606278197391136,benign,,0,synthetic macOS Endpoint Security-style fixture
evt-0260-3,2026-01-16 14:20:58+00:00,mac-026,user-39031,session-0260,3,Notes,mdworker,network_connect,calendar.example,connects,1,1,0,0,0,0,0,0,1,1040,0.012515789918782712,benign,,0,synthetic macOS Endpoint Security-style fixture
evt-0260-4,2026-01-16 14:21:16+00:00,mac-026,user-39031,session-0260,4,mdworker,softwareupdated,file_write,~/Documents,writes,1,1,0,0,0,0,0,0,5,249,0.034849701365579196,benign,,0,synthetic macOS Endpoint Security-style fixture
evt-0260-5,2026-01-16 14:21:36+00:00,mac-026,user-39031,session-0260,5,softwareupdated,softwareupdated,file_write,/System/Library,writes,1,1,0,0,0,0,0,0,5,980,0.0315414627487156,benign,,0,synthetic macOS Endpoint Security-style fixture
evt-0261-0,2026-01-16 14:31:02+00:00,mac-017,user-82075,session-0261,0,launchd,backupd,file_read,~/Pictures,reads,1,1,0,0,0,0,0,0,5,1045,0.009659590814018962,benign,,0,synthetic macOS Endpoint Security-style fixture
evt-0261-1,2026-01-16 14:31:23+00:00,mac-017,user-82075,session-0261,1,backupd,backupd,file_read,~/Pictures,reads,1,1,0,0,0,0,0,0,1,1128,0.038482992082267915,benign,,0,synthetic macOS Endpoint Security-style fixture
evt-0261-2,2026-01-16 14:31:42+00:00,mac-017,user-82075,session-0261,2,backupd,Notes,exec,/System/Applications,executes,1,1,0,0,0,0,0,0,3,2702,0.04360735366795054,benign,,0,synthetic macOS Endpoint Security-style fixture
evt-0261-3,2026-01-16 14:31:58+00:00,mac-017,user-82075,session-0261,3,Notes,softwareupdated,file_read,~/Documents,reads,1,1,0,0,0,0,0,0,3,508,0.03893036065936825,benign,,0,synthetic macOS Endpoint Security-style fixture
evt-0261-4,2026-01-16 14:32:16+00:00,mac-017,user-82075,session-0261,4,softwareupdated,backupd,file_write,/System/Library,writes,1,1,0,0,0,0,0,0,5,3385,0.02042755701033424,benign,,0,synthetic macOS Endpoint Security-style fixture
evt-0261-5,2026-01-16 14:32:39+00:00,mac-017,user-82075,session-0261,5,backupd,softwareupdated,network_connect,calendar.example,connects,1,1,0,0,0,0,0,0,4,2635,0.0,benign,,0,synthetic macOS Endpoint Security-style fixture
evt-0262-0,2026-01-16 14:34:00+00:00,mac-011,user-50327,session-0262,0,launchd,mdworker,file_read,~/Documents,reads,1,1,0,0,0,0,0,0,3,653,0.04336959944565263,benign,,0,synthetic macOS Endpoint Security-style fixture
evt-0262-1,2026-01-16 14:34:21+00:00,mac-011,user-50327,session-0262,1,mdworker,backupd,file_read,~/Pictures,reads,1,1,0,0,0,0,0,0,1,474,0.005840698800375646,benign,,0,synthetic macOS Endpoint Security-style fixture
evt-0262-2,2026-01-16 14:34:39+00:00,mac-011,user-50327,session-0262,2,backupd,softwareupdated,auth,loginwindow,authenticates,1,1,0,0,0,0,0,0,2,469,0.041157431481933474,benign,,0,synthetic macOS Endpoint Security-style fixture
evt-0262-3,2026-01-16 14:35:00+00:00,mac-011,user-50327,session-0262,3,softwareupdated,WindowServer,file_read,~/Library/Preferences,reads,1,1,0,0,0,0,0,0,4,2907,0.06262399871460121,benign,,0,synthetic macOS Endpoint Security-style fixture
evt-0262-4,2026-01-16 14:35:20+00:00,mac-011,user-50327,session-0262,4,WindowServer,Finder,network_connect,icloud.example,connects,1,1,0,0,0,0,0,0,4,532,0.06074251539325389,benign,,0,synthetic macOS Endpoint Security-style fixture
evt-0262-5,2026-01-16 14:35:35+00:00,mac-011,user-50327,session-0262,5,Finder,Notes,file_write,/System/Library,writes,1,1,0,0,0,0,0,0,2,4136,0.04797214660613741,benign,,0,synthetic macOS Endpoint Security-style fixture
evt-0263-0,2026-01-16 14:41:03+00:00,mac-026,user-74792,session-0263,0,launchd,Finder,file_read,~/Documents,reads,1,1,0,0,0,0,0,0,5,399,0.04669797810875374,data_exfiltration,T1083,1,synthetic macOS Endpoint Security-style fixture
evt-0263-1,2026-01-16 14:41:21+00:00,mac-026,user-74792,session-0263,1,Finder,zip,exec,/usr/bin/zip,executes,1,1,0,0,0,0,0,0,3,805,0.040457666823284485,data_exfiltration,T1560,1,synthetic macOS Endpoint Security-style fixture
evt-0263-2,2026-01-16 14:41:40+00:00,mac-026,user-74792,session-0263,2,zip,zip,file_write,/tmp/archive.zip,writes,1,1,0,0,0,0,1,0,0,596,0.24549401701181434,data_exfiltration,T1560,1,synthetic macOS Endpoint Security-style fixture
evt-0263-3,2026-01-16 14:41:58+00:00,mac-026,user-74792,session-0263,3,zip,curl,network_connect,upload.example,connects,1,1,0,0,0,0,1,1,8,67475,0.4622180103429416,data_exfiltration,T1041,1,synthetic macOS Endpoint Security-style fixture
evt-0263-4,2026-01-16 14:42:19+00:00,mac-026,user-74792,session-0263,4,curl,curl,network_connect,upload.example,connects,1,1,0,0,0,0,0,1,1,110421,0.2611451330936269,data_exfiltration,T1041,1,synthetic macOS Endpoint Security-style fixture
evt-0263-5,2026-01-16 14:42:36+00:00,mac-026,user-74792,session-0263,5,curl,rm,file_delete,/tmp/archive.zip,deletes,1,1,0,0,0,0,0,0,6,2159,0.05776087947461488,data_exfiltration,T1070,1,synthetic macOS Endpoint Security-style fixture
evt-0264-0,2026-01-16 14:48:03+00:00,mac-027,user-94025,session-0264,0,launchd,Finder,exec,/System/Applications,executes,1,1,0,0,0,0,0,0,3,354,0.05983066203889745,benign,,0,synthetic macOS Endpoint Security-style fixture
evt-0264-1,2026-01-16 14:48:19+00:00,mac-027,user-94025,session-0264,1,Finder,mdworker,file_write,~/Library/Preferences,writes,1,1,0,0,0,0,0,0,4,1154,0.025818005012793424,benign,,0,synthetic macOS Endpoint Security-style fixture
evt-0264-2,2026-01-16 14:48:38+00:00,mac-027,user-94025,session-0264,2,mdworker,WindowServer,network_connect,icloud.example,connects,1,1,0,0,0,0,0,0,5,2819,0.05573504030155163,benign,,0,synthetic macOS Endpoint Security-style fixture
evt-0264-3,2026-01-16 14:49:01+00:00,mac-027,user-94025,session-0264,3,WindowServer,mdworker,file_read,~/Pictures,reads,1,1,0,0,0,0,0,0,3,2549,0.08452076371903548,benign,,0,synthetic macOS Endpoint Security-style fixture
evt-0264-4,2026-01-16 14:49:16+00:00,mac-027,user-94025,session-0264,4,mdworker,mdworker,exec,/System/Library/CoreServices,executes,1,1,0,0,0,0,0,0,3,1371,0.06509841514928422,benign,,0,synthetic macOS Endpoint Security-style fixture
evt-0264-5,2026-01-16 14:49:38+00:00,mac-027,user-94025,session-0264,5,mdworker,mdworker,exec,/System/Applications,executes,1,1,0,0,0,0,0,0,1,4609,0.08887248979119071,benign,,0,synthetic macOS Endpoint Security-style fixture
evt-0265-0,2026-01-16 14:55:02+00:00,mac-003,user-59572,session-0265,0,launchd,softwareupdated,network_connect,icloud.example,connects,1,1,0,0,0,0,0,0,3,544,0.0397621203629132,benign,,0,synthetic macOS Endpoint Security-style fixture
evt-0265-1,2026-01-16 14:55:19+00:00,mac-003,user-59572,session-0265,1,softwareupdated,mdworker,exec,/System/Applications,executes,1,1,0,0,0,0,0,0,1,645,0.04613845961933051,benign,,0,synthetic macOS Endpoint Security-style fixture
evt-0265-2,2026-01-16 14:55:39+00:00,mac-003,user-59572,session-0265,2,mdworker,softwareupdated,network_connect,icloud.example,connects,1,1,0,0,0,0,0,0,6,3231,0.012509992803002308,benign,,0,synthetic macOS Endpoint Security-style fixture
evt-0265-3,2026-01-16 14:56:00+00:00,mac-003,user-59572,session-0265,3,softwareupdated,Mail,file_write,~/Pictures,writes,1,1,0,0,0,0,0,0,2,1198,0.0645913398802723,benign,,0,synthetic macOS Endpoint Security-style fixture
evt-0265-4,2026-01-16 14:56:17+00:00,mac-003,user-59572,session-0265,4,Mail,backupd,network_connect,icloud.example,connects,1,1,0,0,0,0,0,0,4,1731,0.04749419301084877,benign,,0,synthetic macOS Endpoint Security-style fixture
evt-0265-5,2026-01-16 14:56:38+00:00,mac-003,user-59572,session-0265,5,backupd,Finder,file_write,~/Pictures,writes,1,1,0,0,0,0,0,0,3,4498,0.04826190199108156,benign,,0,synthetic macOS Endpoint Security-style fixture
evt-0266-0,2026-01-16 15:04:02+00:00,mac-025,user-31748,session-0266,0,launchd,Terminal,exec,/bin/zsh,executes,1,1,0,0,0,0,0,0,4,1333,0.052831037281703276,benign,,0,synthetic macOS Endpoint Security-style fixture
evt-0266-1,2026-01-16 15:04:23+00:00,mac-025,user-31748,session-0266,1,Terminal,zsh,exec,/usr/local/bin/brew,executes,0,0,0,0,0,0,0,0,5,200,0.2948772884330197,benign,,0,synthetic macOS Endpoint Security-style fixture
evt-0266-2,2026-01-16 15:04:41+00:00,mac-025,user-31748,session-0266,2,zsh,brew,network_connect,packages.example,connects,0,0,0,0,0,0,0,0,8,1242,0.23746016319511717,benign,,0,synthetic macOS Endpoint Security-style fixture
evt-0266-3,2026-01-16 15:05:00+00:00,mac-025,user-31748,session-0266,3,brew,softwareupdated,file_write,/Library/Updates,writes,1,1,0,0,0,1,0,0,45,286,0.34960334814611155,benign,,0,synthetic macOS Endpoint Security-style fixture
evt-0266-4,2026-01-16 15:05:17+00:00,mac-025,user-31748,session-0266,4,softwareupdated,security,file_read,login.keychain-db,reads,1,1,0,0,0,0,1,0,4,1608,0.266118970239503,benign,,0,synthetic macOS Endpoint Security-style fixture
evt-0266-5,2026-01-16 15:05:37+00:00,mac-025,user-31748,session-0266,5,security,backupd,network_connect,backup.example,connects,1,1,0,0,0,0,0,1,4,7425,0.23479352917230545,benign,,0,synthetic macOS Endpoint Security-style fixture
evt-0267-0,2026-01-16 15:13:04+00:00,mac-017,user-21849,session-0267,0,launchd,Terminal,exec,/bin/zsh,executes,1,1,0,0,0,0,0,0,5,398,0.053749348915679396,credential_access,T1059,1,synthetic macOS Endpoint Security-style fixture
evt-0267-1,2026-01-16 15:13:19+00:00,mac-017,user-21849,session-0267,1,Terminal,zsh,exec,/usr/bin/python3,executes,1,1,0,0,0,0,0,0,4,524,0.03185400007809,credential_access,T1059,1,synthetic macOS Endpoint Security-style fixture
evt-0267-2,2026-01-16 15:13:41+00:00,mac-017,user-21849,session-0267,2,zsh,python3,file_read,~/Library/Keychains/login.keychain-db,reads,0,0,0,0,0,0,1,0,6,1110,0.4525161623377422,credential_access,T1555.001,1,synthetic macOS Endpoint Security-style fixture
evt-0267-3,2026-01-16 15:13:58+00:00,mac-017,user-21849,session-0267,3,python3,python3,file_read,~/.ssh/id_ed25519,reads,0,0,0,0,0,0,1,0,5,894,0.4695714600346185,credential_access,T1552.004,1,synthetic macOS Endpoint Security-style fixture
evt-0267-4,2026-01-16 15:14:20+00:00,mac-017,user-21849,session-0267,4,python3,security,exec,/usr/bin/security,executes,0,0,0,0,0,0,0,0,4,1487,0.32012773668309935,credential_access,T1555,1,synthetic macOS Endpoint Security-style fixture
evt-0267-5,2026-01-16 15:14:38+00:00,mac-017,user-21849,session-0267,5,security,python3,network_connect,collector.example,connects,0,0,0,0,0,0,0,1,6,460,0.4702063457136748,credential_access,T1041,1,synthetic macOS Endpoint Security-style fixture
evt-0268-0,2026-01-16 15:20:01+00:00,mac-009,user-02616,session-0268,0,launchd,Safari,file_write,~/Downloads/invoice.pdf,writes,1,1,0,0,0,0,0,0,6,268,0.027087589552279277,ransomware_burst,T1566,1,synthetic macOS Endpoint Security-style fixture
evt-0268-1,2026-01-16 15:20:21+00:00,mac-009,user-02616,session-0268,1,Safari,softwareupdated,exec,invoice.pdf,executes,1,1,0,0,0,0,0,0,5,975,0.003045578201072492,ransomware_burst,T1204,1,synthetic macOS Endpoint Security-style fixture
evt-0268-2,2026-01-16 15:20:40+00:00,mac-009,user-02616,session-0268,2,softwareupdated,Finder,exec,/bin/sh,executes,1,1,0,0,0,0,0,0,3,250,0.02056591096515698,ransomware_burst,T1059,1,synthetic macOS Endpoint Security-style fixture
evt-0268-3,2026-01-16 15:20:58+00:00,mac-009,user-02616,session-0268,3,Finder,backupd,file_write,~/Documents,writes,1,1,0,0,0,0,0,0,36,401,0.03010629384852838,ransomware_burst,T1486,1,synthetic macOS Endpoint Security-style fixture
evt-0268-4,2026-01-16 15:21:17+00:00,mac-009,user-02616,session-0268,4,backupd,mdworker,file_write,~/Pictures,writes,1,1,0,0,0,0,0,0,36,102,0.016828640882405113,ransomware_burst,T1486,1,synthetic macOS Endpoint Security-style fixture
evt-0268-5,2026-01-16 15:21:39+00:00,mac-009,user-02616,session-0268,5,mdworker,Safari,file_write,~/Desktop,writes,1,1,0,0,0,0,0,0,36,208,0.07993620765161039,ransomware_burst,T1486,1,synthetic macOS Endpoint Security-style fixture
evt-0269-0,2026-01-16 15:26:01+00:00,mac-017,user-74792,session-0269,0,launchd,softwareupdated,file_read,~/Pictures,reads,1,1,0,0,0,0,0,0,2,165,0.04176179041221198,benign,,0,synthetic macOS Endpoint Security-style fixture
evt-0269-1,2026-01-16 15:26:23+00:00,mac-017,user-74792,session-0269,1,softwareupdated,Calendar,exec,/System/Applications,executes,1,1,0,0,0,0,0,0,4,1042,0.010244472646143945,benign,,0,synthetic macOS Endpoint Security-style fixture
evt-0269-2,2026-01-16 15:26:39+00:00,mac-017,user-74792,session-0269,2,Calendar,Finder,network_connect,mail.example,connects,1,1,0,0,0,0,0,0,2,2358,0.057217960340310195,benign,,0,synthetic macOS Endpoint Security-style fixture
evt-0269-3,2026-01-16 15:27:01+00:00,mac-017,user-74792,session-0269,3,Finder,mdworker,file_write,~/Pictures,writes,1,1,0,0,0,0,0,0,2,333,0.007069621510081163,benign,,0,synthetic macOS Endpoint Security-style fixture
evt-0269-4,2026-01-16 15:27:17+00:00,mac-017,user-74792,session-0269,4,mdworker,Safari,exec,/System/Applications,executes,1,1,0,0,0,0,0,0,5,976,0.10197836436813337,benign,,0,synthetic macOS Endpoint Security-style fixture
evt-0269-5,2026-01-16 15:27:36+00:00,mac-017,user-74792,session-0269,5,Safari,Mail,file_read,~/Documents,reads,1,1,0,0,0,0,0,0,6,1096,0.04051739960615903,benign,,0,synthetic macOS Endpoint Security-style fixture
evt-0270-0,2026-01-16 15:33:02+00:00,mac-008,user-76100,session-0270,0,launchd,Finder,file_read,/System/Library,reads,1,1,0,0,0,0,0,0,3,1083,0.06012165871352676,benign,,0,synthetic macOS Endpoint Security-style fixture
evt-0270-1,2026-01-16 15:33:21+00:00,mac-008,user-76100,session-0270,1,Finder,mdworker,network_connect,mail.example,connects,1,1,0,0,0,0,0,0,4,966,0.035302246636216984,benign,,0,synthetic macOS Endpoint Security-style fixture
evt-0270-2,2026-01-16 15:33:39+00:00,mac-008,user-76100,session-0270,2,mdworker,softwareupdated,file_read,~/Pictures,reads,1,1,0,0,0,0,0,0,2,2126,0.08459642094751868,benign,,0,synthetic macOS Endpoint Security-style fixture
evt-0270-3,2026-01-16 15:34:00+00:00,mac-008,user-76100,session-0270,3,softwareupdated,softwareupdated,file_read,/System/Library,reads,1,1,0,0,0,0,0,0,6,1965,0.01667774008955641,benign,,0,synthetic macOS Endpoint Security-style fixture
evt-0270-4,2026-01-16 15:34:17+00:00,mac-008,user-76100,session-0270,4,softwareupdated,Mail,exec,/System/Library/CoreServices,executes,1,1,0,0,0,0,0,0,3,252,0.06612773546910787,benign,,0,synthetic macOS Endpoint Security-style fixture
evt-0270-5,2026-01-16 15:34:36+00:00,mac-008,user-76100,session-0270,5,Mail,Safari,exec,/System/Applications,executes,1,1,0,0,0,0,0,0,4,338,0.07622408215411146,benign,,0,synthetic macOS Endpoint Security-style fixture
evt-0271-0,2026-01-16 15:37:00+00:00,mac-030,user-43044,session-0271,0,launchd,Safari,network_connect,update.example,connects,1,1,0,0,0,0,0,0,2,436,0.06783523354667928,launchagent_persistence,T1105,1,synthetic macOS Endpoint Security-style fixture
evt-0271-1,2026-01-16 15:37:20+00:00,mac-030,user-43044,session-0271,1,Safari,installer,file_write,/tmp/helper,writes,1,1,0,0,0,0,0,0,6,1303,0.020218979543548694,launchagent_persistence,T1105,1,synthetic macOS Endpoint Security-style fixture
evt-0271-2,2026-01-16 15:37:39+00:00,mac-030,user-43044,session-0271,2,installer,sh,exec,/bin/sh,executes,0,0,0,0,0,0,0,0,4,383,0.2931946220283278,launchagent_persistence,T1059,1,synthetic macOS Endpoint Security-style fixture
evt-0271-3,2026-01-16 15:37:57+00:00,mac-030,user-43044,session-0271,3,sh,defaults,file_write,~/Library/LaunchAgents/com.demo.agent.plist,writes,0,0,0,0,0,1,0,0,4,3810,0.5166115621660302,launchagent_persistence,T1543.001,1,synthetic macOS Endpoint Security-style fixture
evt-0271-4,2026-01-16 15:38:20+00:00,mac-030,user-43044,session-0271,4,defaults,launchctl,exec,com.demo.agent,executes,0,0,0,0,1,1,0,0,3,4037,0.5396017464685318,launchagent_persistence,T1543.001,1,synthetic macOS Endpoint Security-style fixture
evt-0271-5,2026-01-16 15:38:38+00:00,mac-030,user-43044,session-0271,5,launchctl,helper,exec,/tmp/helper,executes,0,0,0,0,0,0,0,0,6,303,0.23429245968233176,launchagent_persistence,T1204,1,synthetic macOS Endpoint Security-style fixture
evt-0272-0,2026-01-16 15:47:04+00:00,mac-017,user-38377,session-0272,0,launchd,Mail,file_read,~/Documents,reads,1,1,0,0,0,0,0,0,3,680,0.05722642042434527,benign,,0,synthetic macOS Endpoint Security-style fixture
evt-0272-1,2026-01-16 15:47:19+00:00,mac-017,user-38377,session-0272,1,Mail,Notes,file_read,~/Pictures,reads,1,1,0,0,0,0,0,0,4,691,0.009348847552859904,benign,,0,synthetic macOS Endpoint Security-style fixture
evt-0272-2,2026-01-16 15:47:40+00:00,mac-017,user-38377,session-0272,2,Notes,WindowServer,file_write,~/Documents,writes,1,1,0,0,0,0,0,0,5,792,0.034349374623019346,benign,,0,synthetic macOS Endpoint Security-style fixture
evt-0272-3,2026-01-16 15:47:59+00:00,mac-017,user-38377,session-0272,3,WindowServer,WindowServer,file_read,~/Documents,reads,1,1,0,0,0,0,0,0,3,1441,0.0019718430153742236,benign,,0,synthetic macOS Endpoint Security-style fixture
evt-0272-4,2026-01-16 15:48:19+00:00,mac-017,user-38377,session-0272,4,WindowServer,Finder,file_read,~/Documents,reads,1,1,0,0,0,0,0,0,0,2696,0.03176627351908463,benign,,0,synthetic macOS Endpoint Security-style fixture
evt-0272-5,2026-01-16 15:48:37+00:00,mac-017,user-38377,session-0272,5,Finder,Mail,network_connect,mail.example,connects,1,1,0,0,0,0,0,0,7,1091,0.009578285165155943,benign,,0,synthetic macOS Endpoint Security-style fixture
evt-0273-0,2026-01-16 15:54:01+00:00,mac-025,user-40993,session-0273,0,launchd,Terminal,exec,/bin/zsh,executes,1,1,0,0,0,0,0,0,3,1525,0.04693901123887075,credential_access,T1059,1,synthetic macOS Endpoint Security-style fixture
evt-0273-1,2026-01-16 15:54:19+00:00,mac-025,user-40993,session-0273,1,Terminal,zsh,exec,/usr/bin/python3,executes,1,1,0,0,0,0,0,0,4,2659,0.08135250258959031,credential_access,T1059,1,synthetic macOS Endpoint Security-style fixture
evt-0273-2,2026-01-16 15:54:38+00:00,mac-025,user-40993,session-0273,2,zsh,python3,file_read,~/Library/Keychains/login.keychain-db,reads,0,0,0,0,0,0,1,0,4,1296,0.4459136385296771,credential_access,T1555.001,1,synthetic macOS Endpoint Security-style fixture
evt-0273-3,2026-01-16 15:54:58+00:00,mac-025,user-40993,session-0273,3,python3,python3,file_read,~/.ssh/id_ed25519,reads,0,0,0,0,0,0,1,0,4,681,0.45285054041721146,credential_access,T1552.004,1,synthetic macOS Endpoint Security-style fixture
evt-0273-4,2026-01-16 15:55:18+00:00,mac-025,user-40993,session-0273,4,python3,security,exec,/usr/bin/security,executes,0,0,0,0,0,0,0,0,3,669,0.2899328683571806,credential_access,T1555,1,synthetic macOS Endpoint Security-style fixture
evt-0273-5,2026-01-16 15:55:35+00:00,mac-025,user-40993,session-0273,5,security,python3,network_connect,collector.example,connects,0,0,0,0,0,0,0,1,4,2179,0.42575792993908024,credential_access,T1041,1,synthetic macOS Endpoint Security-style fixture
evt-0274-0,2026-01-16 15:58:00+00:00,mac-010,user-36415,session-0274,0,launchd,WindowServer,exec,/usr/bin/open,executes,1,1,0,0,0,0,0,0,1,1245,0.03671514736058833,benign,,0,synthetic macOS Endpoint Security-style fixture
evt-0274-1,2026-01-16 15:58:19+00:00,mac-010,user-36415,session-0274,1,WindowServer,backupd,network_connect,icloud.example,connects,1,1,0,0,0,0,0,0,7,1184,0.017311582574502153,benign,,0,synthetic macOS Endpoint Security-style fixture
evt-0274-2,2026-01-16 15:58:39+00:00,mac-010,user-36415,session-0274,2,backupd,WindowServer,file_read,/System/Library,reads,1,1,0,0,0,0,0,0,6,2455,0.043594391706593016,benign,,0,synthetic macOS Endpoint Security-style fixture
evt-0274-3,2026-01-16 15:59:01+00:00,mac-010,user-36415,session-0274,3,WindowServer,Notes,file_write,~/Documents,writes,1,1,0,0,0,0,0,0,3,539,0.0,benign,,0,synthetic macOS Endpoint Security-style fixture
evt-0274-4,2026-01-16 15:59:16+00:00,mac-010,user-36415,session-0274,4,Notes,backupd,file_write,~/Library/Preferences,writes,1,1,0,0,0,0,0,0,4,1178,0.06297920458270423,benign,,0,synthetic macOS Endpoint Security-style fixture
evt-0274-5,2026-01-16 15:59:36+00:00,mac-010,user-36415,session-0274,5,backupd,Safari,exec,/usr/bin/open,executes,1,1,0,0,0,0,0,0,6,5282,0.058949192867112796,benign,,0,synthetic macOS Endpoint Security-style fixture
evt-0275-0,2026-01-16 16:06:00+00:00,mac-010,user-29132,session-0275,0,launchd,Mail,file_write,~/Pictures,writes,1,1,0,0,0,0,0,0,2,144,0.07132442237210519,benign,,0,synthetic macOS Endpoint Security-style fixture
evt-0275-1,2026-01-16 16:06:19+00:00,mac-010,user-29132,session-0275,1,Mail,Mail,network_connect,mail.example,connects,1,1,0,0,0,0,0,0,3,1547,0.0031793725382578686,benign,,0,synthetic macOS Endpoint Security-style fixture
evt-0275-2,2026-01-16 16:06:38+00:00,mac-010,user-29132,session-0275,2,Mail,Notes,file_read,/System/Library,reads,1,1,0,0,0,0,0,0,8,2647,0.01204547261575881,benign,,0,synthetic macOS Endpoint Security-style fixture
evt-0275-3,2026-01-16 16:07:00+00:00,mac-010,user-29132,session-0275,3,Notes,softwareupdated,auth,loginwindow,authenticates,1,1,0,0,0,0,0,0,2,600,0.015393970212997883,benign,,0,synthetic macOS Endpoint Security-style fixture
evt-0275-4,2026-01-16 16:07:17+00:00,mac-010,user-29132,session-0275,4,softwareupdated,Calendar,network_connect,icloud.example,connects,1,1,0,0,0,0,0,0,3,1008,0.024117993753371526,benign,,0,synthetic macOS Endpoint Security-style fixture
evt-0275-5,2026-01-16 16:07:37+00:00,mac-010,user-29132,session-0275,5,Calendar,Calendar,network_connect,updates.example,connects,1,1,0,0,0,0,0,0,5,774,0.04585574228615425,benign,,0,synthetic macOS Endpoint Security-style fixture
evt-0276-0,2026-01-16 16:12:02+00:00,mac-023,user-78805,session-0276,0,launchd,Safari,network_connect,downloads.example,connects,1,1,0,0,0,0,0,0,5,95,0.056934997008980096,download_execute,T1105,1,synthetic macOS Endpoint Security-style fixture
evt-0276-1,2026-01-16 16:12:20+00:00,mac-023,user-78805,session-0276,1,Safari,softwareupdated,file_write,/tmp/sample.bin,writes,1,1,0,0,0,0,0,0,7,320,0.0,download_execute,T1105,1,synthetic macOS Endpoint Security-style fixture
evt-0276-2,2026-01-16 16:12:39+00:00,mac-023,user-78805,session-0276,2,softwareupdated,Finder,exec,/bin/sh,executes,1,1,0,0,0,0,0,0,2,546,0.0,download_execute,T1059,1,synthetic macOS Endpoint Security-style fixture
evt-0276-3,2026-01-16 16:13:01+00:00,mac-023,user-78805,session-0276,3,Finder,backupd,file_write,/tmp/sample.bin,writes,1,1,0,0,0,0,0,0,6,388,0.07913912050228633,download_execute,T1222,1,synthetic macOS Endpoint Security-style fixture
evt-0276-4,2026-01-16 16:13:17+00:00,mac-023,user-78805,session-0276,4,backupd,mdworker,exec,/tmp/sample.bin,executes,1,1,0,0,0,0,0,0,4,164,0.07426396303511747,download_execute,T1204,1,synthetic macOS Endpoint Security-style fixture
evt-0276-5,2026-01-16 16:13:35+00:00,mac-023,user-78805,session-0276,5,mdworker,Safari,network_connect,control.example,connects,1,1,0,0,0,0,0,1,1,82,0.2253864716792245,download_execute,T1071,1,synthetic macOS Endpoint Security-style fixture
evt-0277-0,2026-01-16 16:22:03+00:00,mac-025,user-43044,session-0277,0,launchd,Preview,file_read,~/Documents,reads,1,1,0,0,0,0,0,0,3,688,0.10086331672122897,benign,,0,synthetic macOS Endpoint Security-style fixture
evt-0277-1,2026-01-16 16:22:19+00:00,mac-025,user-43044,session-0277,1,Preview,mdworker,exec,/System/Library/CoreServices,executes,1,1,0,0,0,0,0,0,4,569,0.04792384984764582,benign,,0,synthetic macOS Endpoint Security-style fixture
evt-0277-2,2026-01-16 16:22:38+00:00,mac-025,user-43044,session-0277,2,mdworker,Preview,file_read,/System/Library,reads,1,1,0,0,0,0,0,0,3,872,0.031194122025133525,benign,,0,synthetic macOS Endpoint Security-style fixture
evt-0277-3,2026-01-16 16:23:00+00:00,mac-025,user-43044,session-0277,3,Preview,Preview,exec,/System/Library/CoreServices,executes,1,1,0,0,0,0,0,0,4,900,0.05556366006372654,benign,,0,synthetic macOS Endpoint Security-style fixture
evt-0277-4,2026-01-16 16:23:18+00:00,mac-025,user-43044,session-0277,4,Preview,Mail,network_connect,updates.example,connects,1,1,0,0,0,0,0,0,2,611,0.045654132896531835,benign,,0,synthetic macOS Endpoint Security-style fixture
evt-0277-5,2026-01-16 16:23:39+00:00,mac-025,user-43044,session-0277,5,Mail,Preview,exec,/usr/bin/open,executes,1,1,0,0,0,0,0,0,6,697,0.0,benign,,0,synthetic macOS Endpoint Security-style fixture
evt-0278-0,2026-01-16 16:28:02+00:00,mac-013,user-35761,session-0278,0,launchd,backupd,exec,/System/Library/CoreServices,executes,1,1,0,0,0,0,0,0,6,1844,0.06894783073212785,benign,,0,synthetic macOS Endpoint Security-style fixture
evt-0278-1,2026-01-16 16:28:23+00:00,mac-013,user-35761,session-0278,1,backupd,Preview,network_connect,icloud.example,connects,1,1,0,0,0,0,0,0,8,415,0.0,benign,,0,synthetic macOS Endpoint Security-style fixture
evt-0278-2,2026-01-16 16:28:38+00:00,mac-013,user-35761,session-0278,2,Preview,Notes,network_connect,mail.example,connects,1,1,0,0,0,0,0,0,3,507,0.032454345553770345,benign,,0,synthetic macOS Endpoint Security-style fixture
evt-0278-3,2026-01-16 16:28:59+00:00,mac-013,user-35761,session-0278,3,Notes,Calendar,network_connect,calendar.example,connects,1,1,0,0,0,0,0,0,2,1702,0.03980561178564134,benign,,0,synthetic macOS Endpoint Security-style fixture
evt-0278-4,2026-01-16 16:29:16+00:00,mac-013,user-35761,session-0278,4,Calendar,Mail,auth,loginwindow,authenticates,1,1,0,0,0,0,0,0,3,1480,0.02208796524698652,benign,,0,synthetic macOS Endpoint Security-style fixture
evt-0278-5,2026-01-16 16:29:38+00:00,mac-013,user-35761,session-0278,5,Mail,softwareupdated,network_connect,calendar.example,connects,1,1,0,0,0,0,0,0,1,360,0.0,benign,,0,synthetic macOS Endpoint Security-style fixture
evt-0279-0,2026-01-16 16:34:04+00:00,mac-012,user-33710,session-0279,0,launchd,WindowServer,file_read,~/Documents,reads,1,1,0,0,0,0,0,0,4,1111,0.07056933718705785,benign,,0,synthetic macOS Endpoint Security-style fixture
evt-0279-1,2026-01-16 16:34:22+00:00,mac-012,user-33710,session-0279,1,WindowServer,Finder,file_read,~/Library/Preferences,reads,1,1,0,0,0,0,0,0,3,828,0.0,benign,,0,synthetic macOS Endpoint Security-style fixture
evt-0279-2,2026-01-16 16:34:38+00:00,mac-012,user-33710,session-0279,2,Finder,mdworker,network_connect,updates.example,connects,1,1,0,0,0,0,0,0,8,976,0.03267604373421787,benign,,0,synthetic macOS Endpoint Security-style fixture
evt-0279-3,2026-01-16 16:35:00+00:00,mac-012,user-33710,session-0279,3,mdworker,Preview,network_connect,calendar.example,connects,1,1,0,0,0,0,0,0,4,2303,0.03369189858521658,benign,,0,synthetic macOS Endpoint Security-style fixture
evt-0279-4,2026-01-16 16:35:16+00:00,mac-012,user-33710,session-0279,4,Preview,softwareupdated,file_write,/System/Library,writes,1,1,0,0,0,0,0,0,4,543,0.06050334143778194,benign,,0,synthetic macOS Endpoint Security-style fixture
evt-0279-5,2026-01-16 16:35:36+00:00,mac-012,user-33710,session-0279,5,softwareupdated,Safari,file_write,~/Library/Preferences,writes,1,1,0,0,0,0,0,0,3,1757,0.030221454783552874,benign,,0,synthetic macOS Endpoint Security-style fixture
evt-0280-0,2026-01-16 16:44:00+00:00,mac-009,user-15874,session-0280,0,launchd,mdworker,file_write,~/Library/Preferences,writes,1,1,0,0,0,0,0,0,2,2872,0.07148346190529967,benign,,0,synthetic macOS Endpoint Security-style fixture
evt-0280-1,2026-01-16 16:44:21+00:00,mac-009,user-15874,session-0280,1,mdworker,softwareupdated,auth,loginwindow,authenticates,1,1,0,0,0,0,0,0,0,1905,0.06511140797179854,benign,,0,synthetic macOS Endpoint Security-style fixture
evt-0280-2,2026-01-16 16:44:38+00:00,mac-009,user-15874,session-0280,2,softwareupdated,Calendar,network_connect,icloud.example,connects,1,1,0,0,0,0,0,0,3,816,0.0,benign,,0,synthetic macOS Endpoint Security-style fixture
evt-0280-3,2026-01-16 16:44:58+00:00,mac-009,user-15874,session-0280,3,Calendar,mdworker,file_read,~/Documents,reads,1,1,0,0,0,0,0,0,0,351,0.05551789326799346,benign,,0,synthetic macOS Endpoint Security-style fixture
evt-0280-4,2026-01-16 16:45:20+00:00,mac-009,user-15874,session-0280,4,mdworker,softwareupdated,network_connect,updates.example,connects,1,1,0,0,0,0,0,0,4,496,0.040587091667056874,benign,,0,synthetic macOS Endpoint Security-style fixture
evt-0280-5,2026-01-16 16:45:39+00:00,mac-009,user-15874,session-0280,5,softwareupdated,Mail,network_connect,mail.example,connects,1,1,0,0,0,0,0,0,6,690,0.021019206137251185,benign,,0,synthetic macOS Endpoint Security-style fixture
evt-0281-0,2026-01-16 16:50:01+00:00,mac-020,user-14566,session-0281,0,launchd,softwareupdated,auth,loginwindow,authenticates,1,1,0,0,0,0,0,0,3,864,0.05795439056736848,benign,,0,synthetic macOS Endpoint Security-style fixture
evt-0281-1,2026-01-16 16:50:22+00:00,mac-020,user-14566,session-0281,1,softwareupdated,Safari,file_read,~/Pictures,reads,1,1,0,0,0,0,0,0,7,452,0.0769919057384706,benign,,0,synthetic macOS Endpoint Security-style fixture
evt-0281-2,2026-01-16 16:50:38+00:00,mac-020,user-14566,session-0281,2,Safari,WindowServer,file_write,~/Documents,writes,1,1,0,0,0,0,0,0,6,1579,0.005980397616182825,benign,,0,synthetic macOS Endpoint Security-style fixture
evt-0281-3,2026-01-16 16:50:59+00:00,mac-020,user-14566,session-0281,3,WindowServer,Preview,file_read,~/Pictures,reads,1,1,0,0,0,0,0,0,5,403,0.033842156910444204,benign,,0,synthetic macOS Endpoint Security-style fixture
evt-0281-4,2026-01-16 16:51:20+00:00,mac-020,user-14566,session-0281,4,Preview,WindowServer,auth,loginwindow,authenticates,1,1,0,0,0,0,0,0,4,1164,0.04959714511018398,benign,,0,synthetic macOS Endpoint Security-style fixture
evt-0281-5,2026-01-16 16:51:35+00:00,mac-020,user-14566,session-0281,5,WindowServer,WindowServer,file_write,~/Documents,writes,1,1,0,0,0,0,0,0,2,1979,0.07379524959194904,benign,,0,synthetic macOS Endpoint Security-style fixture
evt-0282-0,2026-01-16 16:58:04+00:00,mac-015,user-12515,session-0282,0,launchd,Finder,file_write,~/Pictures,writes,1,1,0,0,0,0,0,0,5,1487,0.03190078219046927,benign,,0,synthetic macOS Endpoint Security-style fixture
evt-0282-1,2026-01-16 16:58:23+00:00,mac-015,user-12515,session-0282,1,Finder,Notes,file_write,~/Pictures,writes,1,1,0,0,0,0,0,0,4,2905,0.037781396584117964,benign,,0,synthetic macOS Endpoint Security-style fixture
evt-0282-2,2026-01-16 16:58:41+00:00,mac-015,user-12515,session-0282,2,Notes,Notes,network_connect,icloud.example,connects,1,1,0,0,0,0,0,0,3,297,0.03662209980186627,benign,,0,synthetic macOS Endpoint Security-style fixture
evt-0282-3,2026-01-16 16:58:58+00:00,mac-015,user-12515,session-0282,3,Notes,mdworker,network_connect,updates.example,connects,1,1,0,0,0,0,0,0,2,667,0.026521641043748188,benign,,0,synthetic macOS Endpoint Security-style fixture
evt-0282-4,2026-01-16 16:59:20+00:00,mac-015,user-12515,session-0282,4,mdworker,Notes,file_read,~/Pictures,reads,1,1,0,0,0,0,0,0,4,3167,0.0,benign,,0,synthetic macOS Endpoint Security-style fixture
evt-0282-5,2026-01-16 16:59:36+00:00,mac-015,user-12515,session-0282,5,Notes,backupd,network_connect,icloud.example,connects,1,1,0,0,0,0,0,0,0,517,0.007515833018988061,benign,,0,synthetic macOS Endpoint Security-style fixture
evt-0283-0,2026-01-16 17:04:01+00:00,mac-019,user-60880,session-0283,0,launchd,Safari,network_connect,update.example,connects,1,1,0,0,0,0,0,0,6,301,0.0009005595815101478,launchagent_persistence,T1105,1,synthetic macOS Endpoint Security-style fixture
evt-0283-1,2026-01-16 17:04:20+00:00,mac-019,user-60880,session-0283,1,Safari,installer,file_write,/tmp/helper,writes,1,1,0,0,0,0,0,0,0,737,0.05607041437917548,launchagent_persistence,T1105,1,synthetic macOS Endpoint Security-style fixture
evt-0283-2,2026-01-16 17:04:39+00:00,mac-019,user-60880,session-0283,2,installer,sh,exec,/bin/sh,executes,0,0,0,0,0,0,0,0,4,389,0.2343002073099343,launchagent_persistence,T1059,1,synthetic macOS Endpoint Security-style fixture
evt-0283-3,2026-01-16 17:04:58+00:00,mac-019,user-60880,session-0283,3,sh,defaults,file_write,~/Library/LaunchAgents/com.demo.agent.plist,writes,0,0,0,0,0,1,0,0,0,1320,0.5237684403804657,launchagent_persistence,T1543.001,1,synthetic macOS Endpoint Security-style fixture
evt-0283-4,2026-01-16 17:05:17+00:00,mac-019,user-60880,session-0283,4,defaults,launchctl,exec,com.demo.agent,executes,0,0,0,0,1,1,0,0,4,1781,0.5557998895487769,launchagent_persistence,T1543.001,1,synthetic macOS Endpoint Security-style fixture
evt-0283-5,2026-01-16 17:05:38+00:00,mac-019,user-60880,session-0283,5,launchctl,helper,exec,/tmp/helper,executes,0,0,0,0,0,0,0,0,3,4908,0.2194234882079915,launchagent_persistence,T1204,1,synthetic macOS Endpoint Security-style fixture
evt-0284-0,2026-01-16 17:11:02+00:00,mac-019,user-19798,session-0284,0,launchd,Notes,network_connect,updates.example,connects,1,1,0,0,0,0,0,0,1,623,0.030293291395208408,benign,,0,synthetic macOS Endpoint Security-style fixture
evt-0284-1,2026-01-16 17:11:23+00:00,mac-019,user-19798,session-0284,1,Notes,Mail,network_connect,calendar.example,connects,1,1,0,0,0,0,0,0,5,426,0.03726780224759793,benign,,0,synthetic macOS Endpoint Security-style fixture
evt-0284-2,2026-01-16 17:11:38+00:00,mac-019,user-19798,session-0284,2,Mail,Mail,network_connect,updates.example,connects,1,1,0,0,0,0,0,0,3,2137,0.07089867347335149,benign,,0,synthetic macOS Endpoint Security-style fixture
evt-0284-3,2026-01-16 17:11:58+00:00,mac-019,user-19798,session-0284,3,Mail,WindowServer,auth,loginwindow,authenticates,1,1,0,0,0,0,0,0,3,475,0.07312990271634871,benign,,0,synthetic macOS Endpoint Security-style fixture
evt-0284-4,2026-01-16 17:12:20+00:00,mac-019,user-19798,session-0284,4,WindowServer,Mail,file_read,/System/Library,reads,1,1,0,0,0,0,0,0,3,5696,0.017245423370190003,benign,,0,synthetic macOS Endpoint Security-style fixture
evt-0284-5,2026-01-16 17:12:37+00:00,mac-019,user-19798,session-0284,5,Mail,softwareupdated,exec,/System/Library/CoreServices,executes,1,1,0,0,0,0,0,0,4,1327,0.04571345833528534,benign,,0,synthetic macOS Endpoint Security-style fixture
evt-0285-0,2026-01-16 17:19:03+00:00,mac-022,user-35761,session-0285,0,launchd,Terminal,exec,/bin/zsh,executes,1,1,0,0,0,0,0,0,11,731,0.022864943541067575,benign,,0,synthetic macOS Endpoint Security-style fixture
evt-0285-1,2026-01-16 17:19:20+00:00,mac-022,user-35761,session-0285,1,Terminal,zsh,exec,/usr/local/bin/brew,executes,0,0,0,0,0,0,0,0,2,5883,0.2757052349106613,benign,,0,synthetic macOS Endpoint Security-style fixture
evt-0285-2,2026-01-16 17:19:39+00:00,mac-022,user-35761,session-0285,2,zsh,brew,network_connect,packages.example,connects,0,0,0,0,0,0,0,0,4,805,0.2838125134898017,benign,,0,synthetic macOS Endpoint Security-style fixture
evt-0285-3,2026-01-16 17:19:59+00:00,mac-022,user-35761,session-0285,3,brew,softwareupdated,file_write,/Library/Updates,writes,1,1,0,0,0,1,0,0,69,2055,0.35429725615443947,benign,,0,synthetic macOS Endpoint Security-style fixture
evt-0285-4,2026-01-16 17:20:16+00:00,mac-022,user-35761,session-0285,4,softwareupdated,security,file_read,login.keychain-db,reads,1,1,0,0,0,0,1,0,5,3021,0.2347910157164365,benign,,0,synthetic macOS Endpoint Security-style fixture
evt-0285-5,2026-01-16 17:20:39+00:00,mac-022,user-35761,session-0285,5,security,backupd,network_connect,backup.example,connects,1,1,0,0,0,0,0,1,3,26717,0.23269145816981218,benign,,0,synthetic macOS Endpoint Security-style fixture
evt-0286-0,2026-01-16 17:22:02+00:00,mac-007,user-66855,session-0286,0,launchd,Notes,file_write,~/Pictures,writes,1,1,0,0,0,0,0,0,2,2795,0.017213162463592425,benign,,0,synthetic macOS Endpoint Security-style fixture
evt-0286-1,2026-01-16 17:22:22+00:00,mac-007,user-66855,session-0286,1,Notes,Finder,network_connect,calendar.example,connects,1,1,0,0,0,0,0,0,4,1264,0.05096906208803302,benign,,0,synthetic macOS Endpoint Security-style fixture
evt-0286-2,2026-01-16 17:22:38+00:00,mac-007,user-66855,session-0286,2,Finder,Mail,auth,loginwindow,authenticates,1,1,0,0,0,0,0,0,1,641,0.05681953199245944,benign,,0,synthetic macOS Endpoint Security-style fixture
evt-0286-3,2026-01-16 17:22:59+00:00,mac-007,user-66855,session-0286,3,Mail,Notes,exec,/usr/bin/open,executes,1,1,0,0,0,0,0,0,6,1581,0.060435695680891674,benign,,0,synthetic macOS Endpoint Security-style fixture
evt-0286-4,2026-01-16 17:23:20+00:00,mac-007,user-66855,session-0286,4,Notes,Preview,auth,loginwindow,authenticates,1,1,0,0,0,0,0,0,4,721,0.010277613660536956,benign,,0,synthetic macOS Endpoint Security-style fixture
evt-0286-5,2026-01-16 17:23:39+00:00,mac-007,user-66855,session-0286,5,Preview,Finder,auth,loginwindow,authenticates,1,1,0,0,0,0,0,0,3,892,0.017121842105578124,benign,,0,synthetic macOS Endpoint Security-style fixture
evt-0287-0,2026-01-16 17:33:01+00:00,mac-024,user-33056,session-0287,0,launchd,backupd,file_read,/System/Library,reads,1,1,0,0,0,0,0,0,1,699,0.032816564549988284,benign,,0,synthetic macOS Endpoint Security-style fixture
evt-0287-1,2026-01-16 17:33:22+00:00,mac-024,user-33056,session-0287,1,backupd,mdworker,file_read,~/Documents,reads,1,1,0,0,0,0,0,0,5,2123,0.023597076748922766,benign,,0,synthetic macOS Endpoint Security-style fixture
evt-0287-2,2026-01-16 17:33:39+00:00,mac-024,user-33056,session-0287,2,mdworker,WindowServer,network_connect,mail.example,connects,1,1,0,0,0,0,0,0,1,2700,0.0715737496442674,benign,,0,synthetic macOS Endpoint Security-style fixture
evt-0287-3,2026-01-16 17:34:00+00:00,mac-024,user-33056,session-0287,3,WindowServer,mdworker,exec,/System/Applications,executes,1,1,0,0,0,0,0,0,4,970,0.033739398539058475,benign,,0,synthetic macOS Endpoint Security-style fixture
evt-0287-4,2026-01-16 17:34:17+00:00,mac-024,user-33056,session-0287,4,mdworker,WindowServer,exec,/System/Applications,executes,1,1,0,0,0,0,0,0,2,550,0.0,benign,,0,synthetic macOS Endpoint Security-style fixture
evt-0287-5,2026-01-16 17:34:35+00:00,mac-024,user-33056,session-0287,5,WindowServer,softwareupdated,file_read,~/Pictures,reads,1,1,0,0,0,0,0,0,4,2663,0.014528480823332184,benign,,0,synthetic macOS Endpoint Security-style fixture
evt-0288-0,2026-01-16 17:39:02+00:00,mac-021,user-72176,session-0288,0,launchd,Safari,network_connect,downloads.example,connects,1,1,0,0,0,0,0,0,5,550,0.04547281303889161,download_execute,T1105,1,synthetic macOS Endpoint Security-style fixture
evt-0288-1,2026-01-16 17:39:21+00:00,mac-021,user-72176,session-0288,1,Safari,softwareupdated,file_write,/tmp/sample.bin,writes,1,1,0,0,0,0,0,0,4,86,0.04727115003533969,download_execute,T1105,1,synthetic macOS Endpoint Security-style fixture
evt-0288-2,2026-01-16 17:39:40+00:00,mac-021,user-72176,session-0288,2,softwareupdated,Finder,exec,/bin/sh,executes,1,1,0,0,0,0,0,0,4,187,0.0160883166799057,download_execute,T1059,1,synthetic macOS Endpoint Security-style fixture
evt-0288-3,2026-01-16 17:39:59+00:00,mac-021,user-72176,session-0288,3,Finder,backupd,file_write,/tmp/sample.bin,writes,1,1,0,0,0,0,0,0,6,383,0.0,download_execute,T1222,1,synthetic macOS Endpoint Security-style fixture
evt-0288-4,2026-01-16 17:40:20+00:00,mac-021,user-72176,session-0288,4,backupd,mdworker,exec,/tmp/sample.bin,executes,1,1,0,0,1,0,0,0,2,1059,0.05157669902689847,download_execute,T1204,1,synthetic macOS Endpoint Security-style fixture
evt-0288-5,2026-01-16 17:40:38+00:00,mac-021,user-72176,session-0288,5,mdworker,Safari,network_connect,control.example,connects,1,1,0,0,0,0,0,1,5,133,0.22164158063055658,download_execute,T1071,1,synthetic macOS Endpoint Security-style fixture
evt-0289-0,2026-01-16 17:43:04+00:00,mac-027,user-95333,session-0289,0,launchd,Safari,network_connect,update.example,connects,1,1,0,0,0,0,0,0,5,2030,0.08495778557326295,launchagent_persistence,T1105,1,synthetic macOS Endpoint Security-style fixture
evt-0289-1,2026-01-16 17:43:22+00:00,mac-027,user-95333,session-0289,1,Safari,installer,file_write,/tmp/helper,writes,1,1,0,0,0,0,0,0,3,2286,0.056412067187189975,launchagent_persistence,T1105,1,synthetic macOS Endpoint Security-style fixture
evt-0289-2,2026-01-16 17:43:42+00:00,mac-027,user-95333,session-0289,2,installer,sh,exec,/bin/sh,executes,0,0,0,0,0,0,0,0,1,1271,0.27956814167197924,launchagent_persistence,T1059,1,synthetic macOS Endpoint Security-style fixture
evt-0289-3,2026-01-16 17:44:00+00:00,mac-027,user-95333,session-0289,3,sh,defaults,file_write,~/Library/LaunchAgents/com.demo.agent.plist,writes,0,0,0,0,0,1,0,0,2,2821,0.5757932519360861,launchagent_persistence,T1543.001,1,synthetic macOS Endpoint Security-style fixture
evt-0289-4,2026-01-16 17:44:19+00:00,mac-027,user-95333,session-0289,4,defaults,launchctl,exec,com.demo.agent,executes,0,0,0,0,1,1,0,0,2,1372,0.6014652892219582,launchagent_persistence,T1543.001,1,synthetic macOS Endpoint Security-style fixture
evt-0289-5,2026-01-16 17:44:35+00:00,mac-027,user-95333,session-0289,5,launchctl,helper,exec,/tmp/helper,executes,0,0,0,0,0,0,0,0,3,1207,0.22892684941479405,launchagent_persistence,T1204,1,synthetic macOS Endpoint Security-style fixture
evt-0290-0,2026-01-16 17:54:01+00:00,mac-002,user-67509,session-0290,0,launchd,WindowServer,file_write,~/Library/Preferences,writes,1,1,0,0,0,0,0,0,5,1744,0.029093456321314846,benign,,0,synthetic macOS Endpoint Security-style fixture
evt-0290-1,2026-01-16 17:54:23+00:00,mac-002,user-67509,session-0290,1,WindowServer,Safari,exec,/System/Library/CoreServices,executes,1,1,0,0,0,0,0,0,4,508,0.08929829629923502,benign,,0,synthetic macOS Endpoint Security-style fixture
evt-0290-2,2026-01-16 17:54:42+00:00,mac-002,user-67509,session-0290,2,Safari,softwareupdated,file_read,/System/Library,reads,1,1,0,0,0,0,0,0,2,1241,0.04586645164087316,benign,,0,synthetic macOS Endpoint Security-style fixture
evt-0290-3,2026-01-16 17:54:59+00:00,mac-002,user-67509,session-0290,3,softwareupdated,mdworker,file_read,~/Pictures,reads,1,1,0,0,0,0,0,0,3,2626,0.07067096117773478,benign,,0,synthetic macOS Endpoint Security-style fixture
evt-0290-4,2026-01-16 17:55:16+00:00,mac-002,user-67509,session-0290,4,mdworker,backupd,file_read,~/Library/Preferences,reads,1,1,0,0,0,0,0,0,10,151,0.036641270104209346,benign,,0,synthetic macOS Endpoint Security-style fixture
evt-0290-5,2026-01-16 17:55:39+00:00,mac-002,user-67509,session-0290,5,backupd,Calendar,file_read,/System/Library,reads,1,1,0,0,0,0,0,0,3,461,0.02325411347667376,benign,,0,synthetic macOS Endpoint Security-style fixture
evt-0291-0,2026-01-16 17:58:01+00:00,mac-014,user-53597,session-0291,0,launchd,Safari,exec,/System/Applications,executes,1,1,0,0,0,0,0,0,5,882,0.03986276849312702,benign,,0,synthetic macOS Endpoint Security-style fixture
evt-0291-1,2026-01-16 17:58:20+00:00,mac-014,user-53597,session-0291,1,Safari,Notes,file_write,~/Documents,writes,1,1,0,0,0,0,0,0,2,4269,0.030399867891379825,benign,,0,synthetic macOS Endpoint Security-style fixture
evt-0291-2,2026-01-16 17:58:42+00:00,mac-014,user-53597,session-0291,2,Notes,Calendar,network_connect,calendar.example,connects,1,1,0,0,0,0,0,0,1,1786,0.029640721201719716,benign,,0,synthetic macOS Endpoint Security-style fixture
evt-0291-3,2026-01-16 17:58:58+00:00,mac-014,user-53597,session-0291,3,Calendar,Finder,network_connect,mail.example,connects,1,1,0,0,0,0,0,0,5,469,0.048285654471667556,benign,,0,synthetic macOS Endpoint Security-style fixture
evt-0291-4,2026-01-16 17:59:16+00:00,mac-014,user-53597,session-0291,4,Finder,Calendar,file_read,/System/Library,reads,1,1,0,0,0,0,0,0,4,858,0.03756111346118571,benign,,0,synthetic macOS Endpoint Security-style fixture
evt-0291-5,2026-01-16 17:59:36+00:00,mac-014,user-53597,session-0291,5,Calendar,WindowServer,file_write,/System/Library,writes,1,1,0,0,0,0,0,0,3,466,0.004309027431178496,benign,,0,synthetic macOS Endpoint Security-style fixture
evt-0292-0,2026-01-16 18:08:00+00:00,mac-010,user-33710,session-0292,0,launchd,Finder,file_read,~/Documents,reads,1,1,0,0,0,0,0,0,3,3509,0.05783023908688954,benign,,0,synthetic macOS Endpoint Security-style fixture
evt-0292-1,2026-01-16 18:08:23+00:00,mac-010,user-33710,session-0292,1,Finder,WindowServer,file_read,~/Pictures,reads,1,1,0,0,0,0,0,0,2,246,0.04708837761756577,benign,,0,synthetic macOS Endpoint Security-style fixture
evt-0292-2,2026-01-16 18:08:38+00:00,mac-010,user-33710,session-0292,2,WindowServer,Notes,network_connect,calendar.example,connects,1,1,0,0,0,0,0,0,5,1503,0.040773271683368174,benign,,0,synthetic macOS Endpoint Security-style fixture
evt-0292-3,2026-01-16 18:09:00+00:00,mac-010,user-33710,session-0292,3,Notes,Calendar,exec,/System/Applications,executes,1,1,0,0,0,0,0,0,7,7201,0.060037738543332726,benign,,0,synthetic macOS Endpoint Security-style fixture
evt-0292-4,2026-01-16 18:09:17+00:00,mac-010,user-33710,session-0292,4,Calendar,backupd,file_read,/System/Library,reads,1,1,0,0,0,0,0,0,3,1088,0.03303385439625735,benign,,0,synthetic macOS Endpoint Security-style fixture
evt-0292-5,2026-01-16 18:09:39+00:00,mac-010,user-33710,session-0292,5,backupd,softwareupdated,exec,/usr/bin/open,executes,1,1,0,0,0,0,0,0,6,714,0.030336009578100127,benign,,0,synthetic macOS Endpoint Security-style fixture
evt-0293-0,2026-01-16 18:12:04+00:00,mac-006,user-01308,session-0293,0,launchd,Finder,file_read,~/Documents,reads,1,1,0,0,0,0,0,0,3,1088,0.03393723533653898,data_exfiltration,T1083,1,synthetic macOS Endpoint Security-style fixture
evt-0293-1,2026-01-16 18:12:22+00:00,mac-006,user-01308,session-0293,1,Finder,zip,exec,/usr/bin/zip,executes,1,1,0,0,0,0,0,0,4,304,0.061444466279189626,data_exfiltration,T1560,1,synthetic macOS Endpoint Security-style fixture
evt-0293-2,2026-01-16 18:12:42+00:00,mac-006,user-01308,session-0293,2,zip,zip,file_write,/tmp/archive.zip,writes,1,1,0,0,0,0,1,0,4,1565,0.24009848795437214,data_exfiltration,T1560,1,synthetic macOS Endpoint Security-style fixture
evt-0293-3,2026-01-16 18:13:01+00:00,mac-006,user-01308,session-0293,3,zip,curl,network_connect,upload.example,connects,1,1,0,0,0,0,1,1,6,18079,0.4263775075899877,data_exfiltration,T1041,1,synthetic macOS Endpoint Security-style fixture
evt-0293-4,2026-01-16 18:13:18+00:00,mac-006,user-01308,session-0293,4,curl,curl,network_connect,upload.example,connects,1,1,0,0,0,0,0,1,8,51760,0.2653575921795231,data_exfiltration,T1041,1,synthetic macOS Endpoint Security-style fixture
evt-0293-5,2026-01-16 18:13:37+00:00,mac-006,user-01308,session-0293,5,curl,rm,file_delete,/tmp/archive.zip,deletes,1,1,0,0,0,0,0,0,5,3243,0.029332452707429645,data_exfiltration,T1070,1,synthetic macOS Endpoint Security-style fixture
evt-0294-0,2026-01-16 18:19:04+00:00,mac-004,user-09245,session-0294,0,launchd,Mail,network_connect,calendar.example,connects,1,1,0,0,0,0,0,0,4,6664,0.06898039256403053,benign,,0,synthetic macOS Endpoint Security-style fixture
evt-0294-1,2026-01-16 18:19:20+00:00,mac-004,user-09245,session-0294,1,Mail,softwareupdated,file_read,~/Pictures,reads,1,1,0,0,0,0,0,0,2,964,0.02750559317158561,benign,,0,synthetic macOS Endpoint Security-style fixture
evt-0294-2,2026-01-16 18:19:41+00:00,mac-004,user-09245,session-0294,2,softwareupdated,softwareupdated,exec,/System/Library/CoreServices,executes,1,1,0,0,0,0,0,0,6,2969,0.06624379498191585,benign,,0,synthetic macOS Endpoint Security-style fixture
evt-0294-3,2026-01-16 18:19:57+00:00,mac-004,user-09245,session-0294,3,softwareupdated,Calendar,file_write,~/Pictures,writes,1,1,0,0,0,0,0,0,1,575,0.023976864762184042,benign,,0,synthetic macOS Endpoint Security-style fixture
evt-0294-4,2026-01-16 18:20:17+00:00,mac-004,user-09245,session-0294,4,Calendar,mdworker,network_connect,icloud.example,connects,1,1,0,0,0,0,0,0,3,973,0.02896319041868043,benign,,0,synthetic macOS Endpoint Security-style fixture
evt-0294-5,2026-01-16 18:20:37+00:00,mac-004,user-09245,session-0294,5,mdworker,Safari,auth,loginwindow,authenticates,1,1,0,0,0,0,0,0,6,2239,0.07031026077661098,benign,,0,synthetic macOS Endpoint Security-style fixture
evt-0295-0,2026-01-16 18:28:03+00:00,mac-007,user-58918,session-0295,0,launchd,Mail,auth,loginwindow,authenticates,1,1,0,0,0,0,0,0,2,1531,0.04200498041174304,benign,,0,synthetic macOS Endpoint Security-style fixture
evt-0295-1,2026-01-16 18:28:19+00:00,mac-007,user-58918,session-0295,1,Mail,mdworker,network_connect,icloud.example,connects,1,1,0,0,0,0,0,0,2,419,0.05435713613395145,benign,,0,synthetic macOS Endpoint Security-style fixture
evt-0295-2,2026-01-16 18:28:42+00:00,mac-007,user-58918,session-0295,2,mdworker,Safari,file_write,~/Pictures,writes,1,1,0,0,0,0,0,0,3,1456,0.052783324350971814,benign,,0,synthetic macOS Endpoint Security-style fixture
evt-0295-3,2026-01-16 18:28:58+00:00,mac-007,user-58918,session-0295,3,Safari,Calendar,exec,/System/Applications,executes,1,1,0,0,0,0,0,0,2,880,0.07619613050450699,benign,,0,synthetic macOS Endpoint Security-style fixture
evt-0295-4,2026-01-16 18:29:20+00:00,mac-007,user-58918,session-0295,4,Calendar,Finder,network_connect,updates.example,connects,1,1,0,0,0,0,0,0,3,1162,0.043164395056879246,benign,,0,synthetic macOS Endpoint Security-style fixture
evt-0295-5,2026-01-16 18:29:37+00:00,mac-007,user-58918,session-0295,5,Finder,softwareupdated,file_read,/System/Library,reads,1,1,0,0,0,0,0,0,3,2481,0.054705573182823375,benign,,0,synthetic macOS Endpoint Security-style fixture
evt-0296-0,2026-01-16 18:33:01+00:00,mac-022,user-89358,session-0296,0,launchd,softwareupdated,exec,/System/Applications,executes,1,1,0,0,0,0,0,0,2,2163,0.028912158050633935,benign,,0,synthetic macOS Endpoint Security-style fixture
evt-0296-1,2026-01-16 18:33:20+00:00,mac-022,user-89358,session-0296,1,softwareupdated,Finder,network_connect,calendar.example,connects,1,1,0,0,0,0,0,0,3,3151,0.03816663127499427,benign,,0,synthetic macOS Endpoint Security-style fixture
evt-0296-2,2026-01-16 18:33:41+00:00,mac-022,user-89358,session-0296,2,Finder,softwareupdated,file_write,~/Pictures,writes,1,1,0,0,0,0,0,0,5,3581,0.0325011716754254,benign,,0,synthetic macOS Endpoint Security-style fixture
evt-0296-3,2026-01-16 18:33:57+00:00,mac-022,user-89358,session-0296,3,softwareupdated,Preview,exec,/System/Applications,executes,1,1,0,0,0,0,0,0,0,823,0.03308077247225931,benign,,0,synthetic macOS Endpoint Security-style fixture
evt-0296-4,2026-01-16 18:34:16+00:00,mac-022,user-89358,session-0296,4,Preview,mdworker,file_write,~/Documents,writes,1,1,0,0,0,0,0,0,5,450,0.10245528005595753,benign,,0,synthetic macOS Endpoint Security-style fixture
evt-0296-5,2026-01-16 18:34:36+00:00,mac-022,user-89358,session-0296,5,mdworker,mdworker,file_write,~/Library/Preferences,writes,1,1,0,0,0,0,0,0,7,3702,0.03403351797548131,benign,,0,synthetic macOS Endpoint Security-style fixture
evt-0297-0,2026-01-16 18:41:02+00:00,mac-002,user-52289,session-0297,0,launchd,Mail,file_write,~/Library/Preferences,writes,1,1,0,0,0,0,0,0,3,1351,0.0699315955332411,benign,,0,synthetic macOS Endpoint Security-style fixture
evt-0297-1,2026-01-16 18:41:19+00:00,mac-002,user-52289,session-0297,1,Mail,Calendar,file_write,/System/Library,writes,1,1,0,0,0,0,0,0,5,1262,0.03068963613518781,benign,,0,synthetic macOS Endpoint Security-style fixture
evt-0297-2,2026-01-16 18:41:42+00:00,mac-002,user-52289,session-0297,2,Calendar,backupd,file_read,~/Documents,reads,1,1,0,0,0,0,0,0,4,1541,0.022732751493134386,benign,,0,synthetic macOS Endpoint Security-style fixture
evt-0297-3,2026-01-16 18:41:59+00:00,mac-002,user-52289,session-0297,3,backupd,backupd,file_read,~/Pictures,reads,1,1,0,0,0,0,0,0,5,135,0.023128809245960464,benign,,0,synthetic macOS Endpoint Security-style fixture
evt-0297-4,2026-01-16 18:42:19+00:00,mac-002,user-52289,session-0297,4,backupd,Safari,exec,/System/Library/CoreServices,executes,1,1,0,0,0,0,0,0,3,859,0.0,benign,,0,synthetic macOS Endpoint Security-style fixture
evt-0297-5,2026-01-16 18:42:39+00:00,mac-002,user-52289,session-0297,5,Safari,backupd,file_read,~/Library/Preferences,reads,1,1,0,0,0,0,0,0,4,472,0.046635982019271445,benign,,0,synthetic macOS Endpoint Security-style fixture
evt-0298-0,2026-01-16 18:46:02+00:00,mac-004,user-52943,session-0298,0,launchd,backupd,file_read,/System/Library,reads,1,1,0,0,0,0,0,0,4,1393,0.052356891732076916,benign,,0,synthetic macOS Endpoint Security-style fixture
evt-0298-1,2026-01-16 18:46:19+00:00,mac-004,user-52943,session-0298,1,backupd,Calendar,auth,loginwindow,authenticates,1,1,0,0,0,0,0,0,3,1663,0.04896371198925176,benign,,0,synthetic macOS Endpoint Security-style fixture
evt-0298-2,2026-01-16 18:46:42+00:00,mac-004,user-52943,session-0298,2,Calendar,Calendar,file_read,/System/Library,reads,1,1,0,0,0,0,0,0,8,338,0.005277850728436603,benign,,0,synthetic macOS Endpoint Security-style fixture
evt-0298-3,2026-01-16 18:46:57+00:00,mac-004,user-52943,session-0298,3,Calendar,Mail,file_write,~/Pictures,writes,1,1,0,0,0,0,0,0,4,645,0.010236960816340526,benign,,0,synthetic macOS Endpoint Security-style fixture
evt-0298-4,2026-01-16 18:47:20+00:00,mac-004,user-52943,session-0298,4,Mail,Preview,file_read,~/Pictures,reads,1,1,0,0,0,0,0,0,3,690,0.09755150183575192,benign,,0,synthetic macOS Endpoint Security-style fixture
evt-0298-5,2026-01-16 18:47:36+00:00,mac-004,user-52943,session-0298,5,Preview,Finder,network_connect,icloud.example,connects,1,1,0,0,0,0,0,0,5,2407,0.034625363750793045,benign,,0,synthetic macOS Endpoint Security-style fixture
evt-0299-0,2026-01-16 18:55:02+00:00,mac-021,user-69471,session-0299,0,launchd,mdworker,exec,/usr/bin/open,executes,1,1,0,0,0,0,0,0,2,754,0.04910327242183963,benign,,0,synthetic macOS Endpoint Security-style fixture
evt-0299-1,2026-01-16 18:55:19+00:00,mac-021,user-69471,session-0299,1,mdworker,Preview,file_read,~/Documents,reads,1,1,0,0,0,0,0,0,5,843,0.014002339133113603,benign,,0,synthetic macOS Endpoint Security-style fixture
evt-0299-2,2026-01-16 18:55:42+00:00,mac-021,user-69471,session-0299,2,Preview,Preview,file_read,/System/Library,reads,1,1,0,0,0,0,0,0,4,546,0.043149430412695915,benign,,0,synthetic macOS Endpoint Security-style fixture
evt-0299-3,2026-01-16 18:55:57+00:00,mac-021,user-69471,session-0299,3,Preview,WindowServer,file_write,/System/Library,writes,1,1,0,0,0,0,0,0,9,731,0.0327173028363331,benign,,0,synthetic macOS Endpoint Security-style fixture
evt-0299-4,2026-01-16 18:56:17+00:00,mac-021,user-69471,session-0299,4,WindowServer,mdworker,auth,loginwindow,authenticates,1,1,0,0,0,0,0,0,2,568,0.047149474478234664,benign,,0,synthetic macOS Endpoint Security-style fixture
evt-0299-5,2026-01-16 18:56:37+00:00,mac-021,user-69471,session-0299,5,mdworker,Preview,network_connect,icloud.example,connects,1,1,0,0,0,0,0,0,3,2639,0.008676497072399175,benign,,0,synthetic macOS Endpoint Security-style fixture
evt-0300-0,2026-01-16 19:02:04+00:00,mac-015,user-76754,session-0300,0,launchd,Safari,network_connect,downloads.example,connects,1,1,0,0,0,0,0,0,4,242,0.03328769935527012,download_execute,T1105,1,synthetic macOS Endpoint Security-style fixture
evt-0300-1,2026-01-16 19:02:23+00:00,mac-015,user-76754,session-0300,1,Safari,softwareupdated,file_write,/tmp/sample.bin,writes,1,1,0,0,0,0,0,0,2,207,0.028478142935506733,download_execute,T1105,1,synthetic macOS Endpoint Security-style fixture
evt-0300-2,2026-01-16 19:02:38+00:00,mac-015,user-76754,session-0300,2,softwareupdated,Finder,exec,/bin/sh,executes,1,1,0,0,0,0,0,0,3,521,0.035788732377927214,download_execute,T1059,1,synthetic macOS Endpoint Security-style fixture
evt-0300-3,2026-01-16 19:02:58+00:00,mac-015,user-76754,session-0300,3,Finder,backupd,file_write,/tmp/sample.bin,writes,1,1,0,0,0,0,0,0,1,166,0.025815145606179896,download_execute,T1222,1,synthetic macOS Endpoint Security-style fixture
evt-0300-4,2026-01-16 19:03:17+00:00,mac-015,user-76754,session-0300,4,backupd,mdworker,exec,/tmp/sample.bin,executes,1,1,0,0,0,0,0,0,2,1324,0.0,download_execute,T1204,1,synthetic macOS Endpoint Security-style fixture
evt-0300-5,2026-01-16 19:03:36+00:00,mac-015,user-76754,session-0300,5,mdworker,Safari,network_connect,control.example,connects,1,1,0,0,0,0,0,1,4,1131,0.2610419534025683,download_execute,T1071,1,synthetic macOS Endpoint Security-style fixture
evt-0301-0,2026-01-16 19:09:00+00:00,mac-015,user-68163,session-0301,0,launchd,Safari,network_connect,update.example,connects,1,1,0,0,0,0,0,0,2,4459,0.06672598979072364,launchagent_persistence,T1105,1,synthetic macOS Endpoint Security-style fixture
evt-0301-1,2026-01-16 19:09:21+00:00,mac-015,user-68163,session-0301,1,Safari,installer,file_write,/tmp/helper,writes,1,1,0,0,0,0,0,0,2,870,0.04443394759151122,launchagent_persistence,T1105,1,synthetic macOS Endpoint Security-style fixture
evt-0301-2,2026-01-16 19:09:41+00:00,mac-015,user-68163,session-0301,2,installer,sh,exec,/bin/sh,executes,0,0,0,0,0,0,0,0,3,2344,0.28777726360965905,launchagent_persistence,T1059,1,synthetic macOS Endpoint Security-style fixture
evt-0301-3,2026-01-16 19:10:00+00:00,mac-015,user-68163,session-0301,3,sh,defaults,file_write,~/Library/LaunchAgents/com.demo.agent.plist,writes,0,0,0,0,0,1,0,0,1,1234,0.5660011241507693,launchagent_persistence,T1543.001,1,synthetic macOS Endpoint Security-style fixture
evt-0301-4,2026-01-16 19:10:20+00:00,mac-015,user-68163,session-0301,4,defaults,launchctl,exec,com.demo.agent,executes,0,0,0,0,1,1,0,0,3,1315,0.5239198923728489,launchagent_persistence,T1543.001,1,synthetic macOS Endpoint Security-style fixture
evt-0301-5,2026-01-16 19:10:37+00:00,mac-015,user-68163,session-0301,5,launchctl,helper,exec,/tmp/helper,executes,0,0,0,0,0,0,0,0,4,400,0.2357075583785935,launchagent_persistence,T1204,1,synthetic macOS Endpoint Security-style fixture
evt-0302-0,2026-01-16 19:16:00+00:00,mac-012,user-38377,session-0302,0,launchd,Finder,network_connect,mail.example,connects,1,1,0,0,0,0,0,0,2,1114,0.011006094619722604,benign,,0,synthetic macOS Endpoint Security-style fixture
evt-0302-1,2026-01-16 19:16:23+00:00,mac-012,user-38377,session-0302,1,Finder,Safari,network_connect,updates.example,connects,1,1,0,0,0,0,0,0,6,783,0.0729702515030599,benign,,0,synthetic macOS Endpoint Security-style fixture
evt-0302-2,2026-01-16 19:16:40+00:00,mac-012,user-38377,session-0302,2,Safari,Mail,file_write,~/Library/Preferences,writes,1,1,0,0,0,0,0,0,5,367,0.01634924530400398,benign,,0,synthetic macOS Endpoint Security-style fixture
evt-0302-3,2026-01-16 19:17:01+00:00,mac-012,user-38377,session-0302,3,Mail,Mail,auth,loginwindow,authenticates,1,1,0,0,0,0,0,0,5,4917,0.017809252899014468,benign,,0,synthetic macOS Endpoint Security-style fixture
evt-0302-4,2026-01-16 19:17:19+00:00,mac-012,user-38377,session-0302,4,Mail,WindowServer,network_connect,updates.example,connects,1,1,0,0,0,0,0,0,2,1662,0.053527679278524275,benign,,0,synthetic macOS Endpoint Security-style fixture
evt-0302-5,2026-01-16 19:17:37+00:00,mac-012,user-38377,session-0302,5,WindowServer,Calendar,network_connect,mail.example,connects,1,1,0,0,0,0,0,0,6,931,0.04228524432903708,benign,,0,synthetic macOS Endpoint Security-style fixture
evt-0303-0,2026-01-16 19:25:04+00:00,mac-030,user-15874,session-0303,0,launchd,Terminal,exec,/bin/zsh,executes,1,1,0,0,0,0,0,0,2,1729,0.02327409750391958,credential_access,T1059,1,synthetic macOS Endpoint Security-style fixture
evt-0303-1,2026-01-16 19:25:23+00:00,mac-030,user-15874,session-0303,1,Terminal,zsh,exec,/usr/bin/python3,executes,1,1,0,0,0,0,0,0,2,600,0.08215432464365452,credential_access,T1059,1,synthetic macOS Endpoint Security-style fixture
evt-0303-2,2026-01-16 19:25:38+00:00,mac-030,user-15874,session-0303,2,zsh,python3,file_read,~/Library/Keychains/login.keychain-db,reads,0,0,0,0,0,0,1,0,4,507,0.46219143808257745,credential_access,T1555.001,1,synthetic macOS Endpoint Security-style fixture
evt-0303-3,2026-01-16 19:26:00+00:00,mac-030,user-15874,session-0303,3,python3,python3,file_read,~/.ssh/id_ed25519,reads,0,0,0,0,0,0,1,0,1,456,0.4793013246550295,credential_access,T1552.004,1,synthetic macOS Endpoint Security-style fixture
evt-0303-4,2026-01-16 19:26:20+00:00,mac-030,user-15874,session-0303,4,python3,security,exec,/usr/bin/security,executes,0,0,0,0,0,0,0,0,3,1362,0.30380310276661027,credential_access,T1555,1,synthetic macOS Endpoint Security-style fixture
evt-0303-5,2026-01-16 19:26:37+00:00,mac-030,user-15874,session-0303,5,security,python3,network_connect,collector.example,connects,0,0,0,0,0,0,0,1,4,625,0.45374781010888726,credential_access,T1041,1,synthetic macOS Endpoint Security-style fixture
evt-0304-0,2026-01-16 19:28:03+00:00,mac-025,user-84037,session-0304,0,launchd,Terminal,exec,/bin/zsh,executes,1,1,0,0,0,0,0,0,1,892,0.0,benign,,0,synthetic macOS Endpoint Security-style fixture
evt-0304-1,2026-01-16 19:28:22+00:00,mac-025,user-84037,session-0304,1,Terminal,zsh,exec,/usr/local/bin/brew,executes,0,0,0,0,0,0,0,0,3,1355,0.2487228774042685,benign,,0,synthetic macOS Endpoint Security-style fixture
evt-0304-2,2026-01-16 19:28:38+00:00,mac-025,user-84037,session-0304,2,zsh,brew,network_connect,packages.example,connects,0,0,0,0,0,0,0,0,0,1587,0.25376480233011856,benign,,0,synthetic macOS Endpoint Security-style fixture
evt-0304-3,2026-01-16 19:28:59+00:00,mac-025,user-84037,session-0304,3,brew,softwareupdated,file_write,/Library/Updates,writes,1,1,0,0,0,1,0,0,79,706,0.30383153217516656,benign,,0,synthetic macOS Endpoint Security-style fixture
evt-0304-4,2026-01-16 19:29:20+00:00,mac-025,user-84037,session-0304,4,softwareupdated,security,file_read,login.keychain-db,reads,1,1,0,0,0,0,1,0,3,224,0.2284064682869691,benign,,0,synthetic macOS Endpoint Security-style fixture
evt-0304-5,2026-01-16 19:29:38+00:00,mac-025,user-84037,session-0304,5,security,backupd,network_connect,backup.example,connects,1,1,0,0,0,0,0,1,1,15898,0.2223453200968611,benign,,0,synthetic macOS Endpoint Security-style fixture
evt-0305-0,2026-01-16 19:39:04+00:00,mac-029,user-29132,session-0305,0,launchd,Finder,file_read,~/Documents,reads,1,1,0,0,0,0,0,0,1,1199,0.05047236426187993,data_exfiltration,T1083,1,synthetic macOS Endpoint Security-style fixture
evt-0305-1,2026-01-16 19:39:22+00:00,mac-029,user-29132,session-0305,1,Finder,zip,exec,/usr/bin/zip,executes,1,1,0,0,0,0,0,0,4,510,0.046942626412310534,data_exfiltration,T1560,1,synthetic macOS Endpoint Security-style fixture
evt-0305-2,2026-01-16 19:39:40+00:00,mac-029,user-29132,session-0305,2,zip,zip,file_write,/tmp/archive.zip,writes,1,1,0,0,0,0,1,0,5,1442,0.30027984838590555,data_exfiltration,T1560,1,synthetic macOS Endpoint Security-style fixture
evt-0305-3,2026-01-16 19:40:00+00:00,mac-029,user-29132,session-0305,3,zip,curl,network_connect,upload.example,connects,1,1,0,0,0,0,1,1,0,36255,0.42841403550290297,data_exfiltration,T1041,1,synthetic macOS Endpoint Security-style fixture
evt-0305-4,2026-01-16 19:40:17+00:00,mac-029,user-29132,session-0305,4,curl,curl,network_connect,upload.example,connects,1,1,0,0,0,0,0,1,1,58308,0.2466965446166961,data_exfiltration,T1041,1,synthetic macOS Endpoint Security-style fixture
evt-0305-5,2026-01-16 19:40:38+00:00,mac-029,user-29132,session-0305,5,curl,rm,file_delete,/tmp/archive.zip,deletes,1,1,0,0,0,0,0,0,3,655,0.0,data_exfiltration,T1070,1,synthetic macOS Endpoint Security-style fixture
evt-0306-0,2026-01-16 19:46:00+00:00,mac-013,user-53597,session-0306,0,launchd,Safari,network_connect,downloads.example,connects,1,1,0,0,0,0,0,0,5,2202,0.05135698634636296,download_execute,T1105,1,synthetic macOS Endpoint Security-style fixture
evt-0306-1,2026-01-16 19:46:22+00:00,mac-013,user-53597,session-0306,1,Safari,curl,file_write,/tmp/sample.bin,writes,1,1,0,0,0,0,0,0,4,354,0.07025876081232361,download_execute,T1105,1,synthetic macOS Endpoint Security-style fixture
evt-0306-2,2026-01-16 19:46:40+00:00,mac-013,user-53597,session-0306,2,curl,sh,exec,/bin/sh,executes,0,0,0,0,0,0,0,0,4,1158,0.2069453196372127,download_execute,T1059,1,synthetic macOS Endpoint Security-style fixture
evt-0306-3,2026-01-16 19:46:57+00:00,mac-013,user-53597,session-0306,3,sh,chmod,file_write,/tmp/sample.bin,writes,0,0,0,0,0,0,0,0,4,875,0.25345219755198733,download_execute,T1222,1,synthetic macOS Endpoint Security-style fixture
evt-0306-4,2026-01-16 19:47:19+00:00,mac-013,user-53597,session-0306,4,chmod,sample.bin,exec,/tmp/sample.bin,executes,0,0,0,1,1,0,0,0,2,1357,0.2765328706653279,download_execute,T1204,1,synthetic macOS Endpoint Security-style fixture
evt-0306-5,2026-01-16 19:47:36+00:00,mac-013,user-53597,session-0306,5,sample.bin,sample.bin,network_connect,control.example,connects,0,0,0,0,0,0,0,1,5,1960,0.46250789855396773,download_execute,T1071,1,synthetic macOS Endpoint Security-style fixture
evt-0307-0,2026-01-16 19:49:04+00:00,mac-018,user-93371,session-0307,0,launchd,Safari,network_connect,update.example,connects,1,1,0,0,0,0,0,0,2,1572,0.017097188491884654,launchagent_persistence,T1105,1,synthetic macOS Endpoint Security-style fixture
evt-0307-1,2026-01-16 19:49:19+00:00,mac-018,user-93371,session-0307,1,Safari,installer,file_write,/tmp/helper,writes,1,1,0,0,0,0,0,0,3,89,0.0498846521224095,launchagent_persistence,T1105,1,synthetic macOS Endpoint Security-style fixture
evt-0307-2,2026-01-16 19:49:38+00:00,mac-018,user-93371,session-0307,2,installer,sh,exec,/bin/sh,executes,0,0,0,0,0,0,0,0,5,3305,0.29665543935055416,launchagent_persistence,T1059,1,synthetic macOS Endpoint Security-style fixture
evt-0307-3,2026-01-16 19:50:00+00:00,mac-018,user-93371,session-0307,3,sh,defaults,file_write,~/Library/LaunchAgents/com.demo.agent.plist,writes,0,0,0,0,0,1,0,0,9,1587,0.5868006169150277,launchagent_persistence,T1543.001,1,synthetic macOS Endpoint Security-style fixture
evt-0307-4,2026-01-16 19:50:19+00:00,mac-018,user-93371,session-0307,4,defaults,launchctl,exec,com.demo.agent,executes,0,0,0,0,1,1,0,0,3,759,0.5282058835722935,launchagent_persistence,T1543.001,1,synthetic macOS Endpoint Security-style fixture
evt-0307-5,2026-01-16 19:50:38+00:00,mac-018,user-93371,session-0307,5,launchctl,helper,exec,/tmp/helper,executes,0,0,0,0,0,0,0,0,4,1817,0.2688458256031475,launchagent_persistence,T1204,1,synthetic macOS Endpoint Security-style fixture
evt-0308-0,2026-01-16 19:57:01+00:00,mac-022,user-88050,session-0308,0,launchd,Finder,exec,/System/Library/CoreServices,executes,1,1,0,0,0,0,0,0,4,1169,0.04347048416014285,benign,,0,synthetic macOS Endpoint Security-style fixture
evt-0308-1,2026-01-16 19:57:20+00:00,mac-022,user-88050,session-0308,1,Finder,Preview,file_read,~/Pictures,reads,1,1,0,0,0,0,0,0,4,1474,0.0372487182639379,benign,,0,synthetic macOS Endpoint Security-style fixture
evt-0308-2,2026-01-16 19:57:40+00:00,mac-022,user-88050,session-0308,2,Preview,Mail,file_write,~/Documents,writes,1,1,0,0,0,0,0,0,4,1530,0.017979075054148048,benign,,0,synthetic macOS Endpoint Security-style fixture
evt-0308-3,2026-01-16 19:57:58+00:00,mac-022,user-88050,session-0308,3,Mail,Preview,auth,loginwindow,authenticates,1,1,0,0,0,0,0,0,4,4005,0.03444486187072784,benign,,0,synthetic macOS Endpoint Security-style fixture
evt-0308-4,2026-01-16 19:58:17+00:00,mac-022,user-88050,session-0308,4,Preview,Notes,exec,/usr/bin/open,executes,1,1,0,0,0,0,0,0,6,1045,0.0017815501509771611,benign,,0,synthetic macOS Endpoint Security-style fixture
evt-0308-5,2026-01-16 19:58:36+00:00,mac-022,user-88050,session-0308,5,Notes,mdworker,file_write,/System/Library,writes,1,1,0,0,0,0,0,0,3,1022,0.010424844941975177,benign,,0,synthetic macOS Endpoint Security-style fixture
evt-0309-0,2026-01-16 20:03:03+00:00,mac-019,user-23811,session-0309,0,launchd,Finder,network_connect,calendar.example,connects,1,1,0,0,0,0,0,0,2,1622,0.07581342365926812,benign,,0,synthetic macOS Endpoint Security-style fixture
evt-0309-1,2026-01-16 20:03:23+00:00,mac-019,user-23811,session-0309,1,Finder,mdworker,network_connect,icloud.example,connects,1,1,0,0,0,0,0,0,4,3905,0.06211090763878127,benign,,0,synthetic macOS Endpoint Security-style fixture
evt-0309-2,2026-01-16 20:03:39+00:00,mac-019,user-23811,session-0309,2,mdworker,mdworker,file_read,/System/Library,reads,1,1,0,0,0,0,0,0,4,1561,0.05163227338622749,benign,,0,synthetic macOS Endpoint Security-style fixture
evt-0309-3,2026-01-16 20:03:59+00:00,mac-019,user-23811,session-0309,3,mdworker,softwareupdated,exec,/System/Applications,executes,1,1,0,0,0,0,0,0,5,217,0.05109731517528307,benign,,0,synthetic macOS Endpoint Security-style fixture
evt-0309-4,2026-01-16 20:04:16+00:00,mac-019,user-23811,session-0309,4,softwareupdated,Safari,auth,loginwindow,authenticates,1,1,0,0,0,0,0,0,1,708,0.0640805834915918,benign,,0,synthetic macOS Endpoint Security-style fixture
evt-0309-5,2026-01-16 20:04:35+00:00,mac-019,user-23811,session-0309,5,Safari,WindowServer,file_write,/System/Library,writes,1,1,0,0,0,0,0,0,5,1029,0.06636739068263867,benign,,0,synthetic macOS Endpoint Security-style fixture
evt-0310-0,2026-01-16 20:11:03+00:00,mac-013,user-30440,session-0310,0,launchd,Mail,exec,/System/Applications,executes,1,1,0,0,0,0,0,0,6,2332,0.025470660158141412,benign,,0,synthetic macOS Endpoint Security-style fixture
evt-0310-1,2026-01-16 20:11:19+00:00,mac-013,user-30440,session-0310,1,Mail,WindowServer,network_connect,mail.example,connects,1,1,0,0,0,0,0,0,5,1038,0.09181357161752005,benign,,0,synthetic macOS Endpoint Security-style fixture
evt-0310-2,2026-01-16 20:11:42+00:00,mac-013,user-30440,session-0310,2,WindowServer,WindowServer,network_connect,icloud.example,connects,1,1,0,0,0,0,0,0,3,1893,0.03928479911865572,benign,,0,synthetic macOS Endpoint Security-style fixture
evt-0310-3,2026-01-16 20:11:58+00:00,mac-013,user-30440,session-0310,3,WindowServer,Finder,exec,/System/Applications,executes,1,1,0,0,0,0,0,0,3,948,0.05954386493761252,benign,,0,synthetic macOS Endpoint Security-style fixture
evt-0310-4,2026-01-16 20:12:20+00:00,mac-013,user-30440,session-0310,4,Finder,Mail,file_write,/System/Library,writes,1,1,0,0,0,0,0,0,3,1363,0.04054399601993318,benign,,0,synthetic macOS Endpoint Security-style fixture
evt-0310-5,2026-01-16 20:12:37+00:00,mac-013,user-30440,session-0310,5,Mail,Mail,file_write,~/Library/Preferences,writes,1,1,0,0,0,0,0,0,1,1422,0.04875075815654387,benign,,0,synthetic macOS Endpoint Security-style fixture
evt-0311-0,2026-01-16 20:18:04+00:00,mac-012,user-24465,session-0311,0,launchd,Safari,file_write,/System/Library,writes,1,1,0,0,0,0,0,0,5,3363,0.022392901580638263,benign,,0,synthetic macOS Endpoint Security-style fixture
evt-0311-1,2026-01-16 20:18:20+00:00,mac-012,user-24465,session-0311,1,Safari,Preview,exec,/System/Library/CoreServices,executes,1,1,0,0,0,0,0,0,2,882,0.07853950310354116,benign,,0,synthetic macOS Endpoint Security-style fixture
evt-0311-2,2026-01-16 20:18:40+00:00,mac-012,user-24465,session-0311,2,Preview,Calendar,network_connect,mail.example,connects,1,1,0,0,0,0,0,0,10,1421,0.0047380931509762025,benign,,0,synthetic macOS Endpoint Security-style fixture
evt-0311-3,2026-01-16 20:19:00+00:00,mac-012,user-24465,session-0311,3,Calendar,Notes,file_write,/System/Library,writes,1,1,0,0,0,0,0,0,4,578,0.045972276451946556,benign,,0,synthetic macOS Endpoint Security-style fixture
evt-0311-4,2026-01-16 20:19:20+00:00,mac-012,user-24465,session-0311,4,Notes,Finder,network_connect,mail.example,connects,1,1,0,0,0,0,0,0,4,1292,0.008088223710758652,benign,,0,synthetic macOS Endpoint Security-style fixture
evt-0311-5,2026-01-16 20:19:35+00:00,mac-012,user-24465,session-0311,5,Finder,Safari,file_read,~/Documents,reads,1,1,0,0,0,0,0,0,4,2477,0.03711465688222127,benign,,0,synthetic macOS Endpoint Security-style fixture
evt-0312-0,2026-01-16 20:24:00+00:00,mac-014,user-50327,session-0312,0,launchd,Mail,exec,/System/Library/CoreServices,executes,1,1,0,0,0,0,0,0,4,1214,0.049364372064090244,benign,,0,synthetic macOS Endpoint Security-style fixture
evt-0312-1,2026-01-16 20:24:21+00:00,mac-014,user-50327,session-0312,1,Mail,Calendar,exec,/usr/bin/open,executes,1,1,0,0,0,0,0,0,2,2457,0.05935588603796989,benign,,0,synthetic macOS Endpoint Security-style fixture
evt-0312-2,2026-01-16 20:24:42+00:00,mac-014,user-50327,session-0312,2,Calendar,WindowServer,network_connect,updates.example,connects,1,1,0,0,0,0,0,0,4,5124,0.07533827914616026,benign,,0,synthetic macOS Endpoint Security-style fixture
evt-0312-3,2026-01-16 20:24:59+00:00,mac-014,user-50327,session-0312,3,WindowServer,softwareupdated,network_connect,calendar.example,connects,1,1,0,0,0,0,0,0,4,969,0.025893063452246404,benign,,0,synthetic macOS Endpoint Security-style fixture
evt-0312-4,2026-01-16 20:25:19+00:00,mac-014,user-50327,session-0312,4,softwareupdated,mdworker,file_read,~/Documents,reads,1,1,0,0,0,0,0,0,6,824,0.016680418349248653,benign,,0,synthetic macOS Endpoint Security-style fixture
evt-0312-5,2026-01-16 20:25:35+00:00,mac-014,user-50327,session-0312,5,mdworker,mdworker,file_write,/System/Library,writes,1,1,0,0,0,0,0,0,4,1076,0.1025981501213056,benign,,0,synthetic macOS Endpoint Security-style fixture
evt-0313-0,2026-01-16 20:34:03+00:00,mac-024,user-38377,session-0313,0,launchd,mdworker,network_connect,icloud.example,connects,1,1,0,0,0,0,0,0,3,830,0.0,benign,,0,synthetic macOS Endpoint Security-style fixture
evt-0313-1,2026-01-16 20:34:20+00:00,mac-024,user-38377,session-0313,1,mdworker,mdworker,exec,/System/Library/CoreServices,executes,1,1,0,0,0,0,0,0,7,1282,0.03078743891594469,benign,,0,synthetic macOS Endpoint Security-style fixture
evt-0313-2,2026-01-16 20:34:38+00:00,mac-024,user-38377,session-0313,2,mdworker,WindowServer,network_connect,updates.example,connects,1,1,0,0,0,0,0,0,3,2636,0.06261918151124861,benign,,0,synthetic macOS Endpoint Security-style fixture
evt-0313-3,2026-01-16 20:34:59+00:00,mac-024,user-38377,session-0313,3,WindowServer,backupd,file_write,/System/Library,writes,1,1,0,0,0,0,0,0,2,636,0.020935009981509427,benign,,0,synthetic macOS Endpoint Security-style fixture
evt-0313-4,2026-01-16 20:35:19+00:00,mac-024,user-38377,session-0313,4,backupd,Preview,file_read,~/Documents,reads,1,1,0,0,0,0,0,0,2,804,0.06815530965869204,benign,,0,synthetic macOS Endpoint Security-style fixture
evt-0313-5,2026-01-16 20:35:35+00:00,mac-024,user-38377,session-0313,5,Preview,mdworker,network_connect,updates.example,connects,1,1,0,0,0,0,0,0,7,3761,0.04341710338860752,benign,,0,synthetic macOS Endpoint Security-style fixture
evt-0314-0,2026-01-16 20:41:02+00:00,mac-023,user-51635,session-0314,0,launchd,mdworker,file_write,~/Documents,writes,1,1,0,0,0,0,0,0,4,624,0.025323244917401407,benign,,0,synthetic macOS Endpoint Security-style fixture
evt-0314-1,2026-01-16 20:41:20+00:00,mac-023,user-51635,session-0314,1,mdworker,Preview,exec,/usr/bin/open,executes,1,1,0,0,0,0,0,0,3,1948,0.03842858439089315,benign,,0,synthetic macOS Endpoint Security-style fixture
evt-0314-2,2026-01-16 20:41:42+00:00,mac-023,user-51635,session-0314,2,Preview,Notes,exec,/System/Library/CoreServices,executes,1,1,0,0,0,0,0,0,5,6177,0.04425875649811786,benign,,0,synthetic macOS Endpoint Security-style fixture
evt-0314-3,2026-01-16 20:41:57+00:00,mac-023,user-51635,session-0314,3,Notes,mdworker,file_read,~/Documents,reads,1,1,0,0,0,0,0,0,5,6357,0.02719124457402737,benign,,0,synthetic macOS Endpoint Security-style fixture
evt-0314-4,2026-01-16 20:42:16+00:00,mac-023,user-51635,session-0314,4,mdworker,Finder,auth,loginwindow,authenticates,1,1,0,0,0,0,0,0,5,2795,0.048792444197891624,benign,,0,synthetic macOS Endpoint Security-style fixture
evt-0314-5,2026-01-16 20:42:38+00:00,mac-023,user-51635,session-0314,5,Finder,Preview,file_read,/System/Library,reads,1,1,0,0,0,0,0,0,4,1776,0.03319393010729374,benign,,0,synthetic macOS Endpoint Security-style fixture
evt-0315-0,2026-01-16 20:47:02+00:00,mac-015,user-55559,session-0315,0,launchd,mdworker,exec,/System/Applications,executes,1,1,0,0,0,0,0,0,1,1203,0.05335122348759902,benign,,0,synthetic macOS Endpoint Security-style fixture
evt-0315-1,2026-01-16 20:47:21+00:00,mac-015,user-55559,session-0315,1,mdworker,Safari,network_connect,calendar.example,connects,1,1,0,0,0,0,0,0,2,324,0.0575329394551432,benign,,0,synthetic macOS Endpoint Security-style fixture
evt-0315-2,2026-01-16 20:47:41+00:00,mac-015,user-55559,session-0315,2,Safari,Mail,auth,loginwindow,authenticates,1,1,0,0,0,0,0,0,3,739,0.0675769166697271,benign,,0,synthetic macOS Endpoint Security-style fixture
evt-0315-3,2026-01-16 20:48:00+00:00,mac-015,user-55559,session-0315,3,Mail,mdworker,auth,loginwindow,authenticates,1,1,0,0,0,0,0,0,7,1512,0.08241599195355587,benign,,0,synthetic macOS Endpoint Security-style fixture
evt-0315-4,2026-01-16 20:48:16+00:00,mac-015,user-55559,session-0315,4,mdworker,mdworker,exec,/System/Applications,executes,1,1,0,0,0,0,0,0,7,1226,0.021789430060575248,benign,,0,synthetic macOS Endpoint Security-style fixture
evt-0315-5,2026-01-16 20:48:35+00:00,mac-015,user-55559,session-0315,5,mdworker,Calendar,network_connect,icloud.example,connects,1,1,0,0,0,0,0,0,3,223,0.07348957308283825,benign,,0,synthetic macOS Endpoint Security-style fixture
evt-0316-0,2026-01-16 20:52:01+00:00,mac-015,user-80767,session-0316,0,launchd,Safari,file_write,~/Downloads/invoice.pdf,writes,1,1,0,0,0,0,0,0,2,465,0.005608982842425038,ransomware_burst,T1566,1,synthetic macOS Endpoint Security-style fixture
evt-0316-1,2026-01-16 20:52:20+00:00,mac-015,user-80767,session-0316,1,Safari,softwareupdated,exec,invoice.pdf,executes,1,1,0,0,0,0,0,0,2,199,0.03325550088153176,ransomware_burst,T1204,1,synthetic macOS Endpoint Security-style fixture
evt-0316-2,2026-01-16 20:52:41+00:00,mac-015,user-80767,session-0316,2,softwareupdated,Finder,exec,/bin/sh,executes,1,1,0,0,0,0,0,0,5,594,0.013775542870695125,ransomware_burst,T1059,1,synthetic macOS Endpoint Security-style fixture
evt-0316-3,2026-01-16 20:52:58+00:00,mac-015,user-80767,session-0316,3,Finder,backupd,file_write,~/Documents,writes,1,1,0,0,0,0,0,0,36,543,0.038261424936672984,ransomware_burst,T1486,1,synthetic macOS Endpoint Security-style fixture
evt-0316-4,2026-01-16 20:53:18+00:00,mac-015,user-80767,session-0316,4,backupd,mdworker,file_write,~/Pictures,writes,1,1,0,0,0,0,0,0,36,640,0.0753700146546097,ransomware_burst,T1486,1,synthetic macOS Endpoint Security-style fixture
evt-0316-5,2026-01-16 20:53:39+00:00,mac-015,user-80767,session-0316,5,mdworker,Safari,file_write,~/Desktop,writes,1,1,0,0,0,0,0,0,36,325,0.022878288968074128,ransomware_burst,T1486,1,synthetic macOS Endpoint Security-style fixture
evt-0317-0,2026-01-16 21:00:04+00:00,mac-005,user-65547,session-0317,0,launchd,backupd,network_connect,icloud.example,connects,1,1,0,0,0,0,0,0,7,4232,0.0730313899959239,benign,,0,synthetic macOS Endpoint Security-style fixture
evt-0317-1,2026-01-16 21:00:19+00:00,mac-005,user-65547,session-0317,1,backupd,Safari,network_connect,icloud.example,connects,1,1,0,0,0,0,0,0,3,557,0.08540386028427369,benign,,0,synthetic macOS Endpoint Security-style fixture
evt-0317-2,2026-01-16 21:00:38+00:00,mac-005,user-65547,session-0317,2,Safari,Calendar,file_read,~/Library/Preferences,reads,1,1,0,0,0,0,0,0,4,368,0.06831186670109081,benign,,0,synthetic macOS Endpoint Security-style fixture
evt-0317-3,2026-01-16 21:01:01+00:00,mac-005,user-65547,session-0317,3,Calendar,Mail,exec,/usr/bin/open,executes,1,1,0,0,0,0,0,0,7,1384,0.07482150333027954,benign,,0,synthetic macOS Endpoint Security-style fixture
evt-0317-4,2026-01-16 21:01:16+00:00,mac-005,user-65547,session-0317,4,Mail,Notes,auth,loginwindow,authenticates,1,1,0,0,0,0,0,0,5,781,0.0414528293533468,benign,,0,synthetic macOS Endpoint Security-style fixture
evt-0317-5,2026-01-16 21:01:38+00:00,mac-005,user-65547,session-0317,5,Notes,Preview,auth,loginwindow,authenticates,1,1,0,0,0,0,0,0,3,666,0.0328724049328436,benign,,0,synthetic macOS Endpoint Security-style fixture
evt-0318-0,2026-01-16 21:10:02+00:00,mac-017,user-54905,session-0318,0,launchd,softwareupdated,file_write,~/Library/Preferences,writes,1,1,0,0,0,0,0,0,4,202,0.024832590773255545,benign,,0,synthetic macOS Endpoint Security-style fixture
evt-0318-1,2026-01-16 21:10:20+00:00,mac-017,user-54905,session-0318,1,softwareupdated,Mail,network_connect,mail.example,connects,1,1,0,0,0,0,0,0,4,640,0.07136306194066573,benign,,0,synthetic macOS Endpoint Security-style fixture
evt-0318-2,2026-01-16 21:10:42+00:00,mac-017,user-54905,session-0318,2,Mail,backupd,exec,/System/Library/CoreServices,executes,1,1,0,0,0,0,0,0,3,586,0.0069780724312802425,benign,,0,synthetic macOS Endpoint Security-style fixture
evt-0318-3,2026-01-16 21:10:59+00:00,mac-017,user-54905,session-0318,3,backupd,Finder,network_connect,updates.example,connects,1,1,0,0,0,0,0,0,5,1729,0.0081292326466008,benign,,0,synthetic macOS Endpoint Security-style fixture
evt-0318-4,2026-01-16 21:11:19+00:00,mac-017,user-54905,session-0318,4,Finder,mdworker,network_connect,mail.example,connects,1,1,0,0,0,0,0,0,6,1603,0.0058895019028661275,benign,,0,synthetic macOS Endpoint Security-style fixture
evt-0318-5,2026-01-16 21:11:37+00:00,mac-017,user-54905,session-0318,5,mdworker,mdworker,exec,/usr/bin/open,executes,1,1,0,0,0,0,0,0,6,387,0.027508595047876103,benign,,0,synthetic macOS Endpoint Security-style fixture
evt-0319-0,2026-01-16 21:17:04+00:00,mac-010,user-52943,session-0319,0,launchd,Safari,file_write,~/Pictures,writes,1,1,0,0,0,0,0,0,1,496,0.08820006382648798,benign,,0,synthetic macOS Endpoint Security-style fixture
evt-0319-1,2026-01-16 21:17:22+00:00,mac-010,user-52943,session-0319,1,Safari,Safari,file_read,~/Documents,reads,1,1,0,0,0,0,0,0,5,375,0.05093606555153118,benign,,0,synthetic macOS Endpoint Security-style fixture
evt-0319-2,2026-01-16 21:17:39+00:00,mac-010,user-52943,session-0319,2,Safari,Calendar,file_write,/System/Library,writes,1,1,0,0,0,0,0,0,5,285,0.04244366082323549,benign,,0,synthetic macOS Endpoint Security-style fixture
evt-0319-3,2026-01-16 21:17:57+00:00,mac-010,user-52943,session-0319,3,Calendar,softwareupdated,exec,/System/Library/CoreServices,executes,1,1,0,0,0,0,0,0,4,2290,0.03624816095125331,benign,,0,synthetic macOS Endpoint Security-style fixture
evt-0319-4,2026-01-16 21:18:18+00:00,mac-010,user-52943,session-0319,4,softwareupdated,WindowServer,auth,loginwindow,authenticates,1,1,0,0,0,0,0,0,3,1301,0.034272979698851284,benign,,0,synthetic macOS Endpoint Security-style fixture
evt-0319-5,2026-01-16 21:18:37+00:00,mac-010,user-52943,session-0319,5,WindowServer,Safari,file_read,/System/Library,reads,1,1,0,0,0,0,0,0,2,1011,0.012018671732392384,benign,,0,synthetic macOS Endpoint Security-style fixture
evt-0320-0,2026-01-16 21:22:01+00:00,mac-015,user-68817,session-0320,0,launchd,softwareupdated,network_connect,icloud.example,connects,1,1,0,0,0,0,0,0,3,315,0.02243883314733658,benign,,0,synthetic macOS Endpoint Security-style fixture
evt-0320-1,2026-01-16 21:22:19+00:00,mac-015,user-68817,session-0320,1,softwareupdated,WindowServer,exec,/System/Library/CoreServices,executes,1,1,0,0,0,0,0,0,5,1368,0.0382883466607459,benign,,0,synthetic macOS Endpoint Security-style fixture
evt-0320-2,2026-01-16 21:22:41+00:00,mac-015,user-68817,session-0320,2,WindowServer,mdworker,file_write,~/Library/Preferences,writes,1,1,0,0,0,0,0,0,7,890,0.0,benign,,0,synthetic macOS Endpoint Security-style fixture
evt-0320-3,2026-01-16 21:22:57+00:00,mac-015,user-68817,session-0320,3,mdworker,Finder,exec,/usr/bin/open,executes,1,1,0,0,0,0,0,0,9,636,0.01014993360174998,benign,,0,synthetic macOS Endpoint Security-style fixture
evt-0320-4,2026-01-16 21:23:18+00:00,mac-015,user-68817,session-0320,4,Finder,WindowServer,exec,/System/Library/CoreServices,executes,1,1,0,0,0,0,0,0,4,1054,0.037134221463769164,benign,,0,synthetic macOS Endpoint Security-style fixture
evt-0320-5,2026-01-16 21:23:35+00:00,mac-015,user-68817,session-0320,5,WindowServer,Preview,network_connect,icloud.example,connects,1,1,0,0,0,0,0,0,7,2008,0.06462462567777665,benign,,0,synthetic macOS Endpoint Security-style fixture
evt-0321-0,2026-01-16 21:30:01+00:00,mac-007,user-87396,session-0321,0,launchd,WindowServer,network_connect,mail.example,connects,1,1,0,0,0,0,0,0,8,1448,0.05394638298469351,benign,,0,synthetic macOS Endpoint Security-style fixture
evt-0321-1,2026-01-16 21:30:20+00:00,mac-007,user-87396,session-0321,1,WindowServer,backupd,file_write,~/Pictures,writes,1,1,0,0,0,0,0,0,10,906,0.026184016745436262,benign,,0,synthetic macOS Endpoint Security-style fixture
evt-0321-2,2026-01-16 21:30:38+00:00,mac-007,user-87396,session-0321,2,backupd,Notes,file_read,~/Documents,reads,1,1,0,0,0,0,0,0,2,2541,0.02549987762588731,benign,,0,synthetic macOS Endpoint Security-style fixture
evt-0321-3,2026-01-16 21:30:57+00:00,mac-007,user-87396,session-0321,3,Notes,Mail,exec,/System/Applications,executes,1,1,0,0,0,0,0,0,4,485,0.08880164675117774,benign,,0,synthetic macOS Endpoint Security-style fixture
evt-0321-4,2026-01-16 21:31:16+00:00,mac-007,user-87396,session-0321,4,Mail,softwareupdated,network_connect,updates.example,connects,1,1,0,0,0,0,0,0,4,1355,0.09692759031029091,benign,,0,synthetic macOS Endpoint Security-style fixture
evt-0321-5,2026-01-16 21:31:35+00:00,mac-007,user-87396,session-0321,5,softwareupdated,Calendar,exec,/System/Library/CoreServices,executes,1,1,0,0,0,0,0,0,7,793,0.09049838171998731,benign,,0,synthetic macOS Endpoint Security-style fixture
evt-0322-0,2026-01-16 21:36:02+00:00,mac-001,user-05232,session-0322,0,launchd,Preview,exec,/System/Library/CoreServices,executes,1,1,0,0,0,0,0,0,5,1092,0.052651475512325865,benign,,0,synthetic macOS Endpoint Security-style fixture
evt-0322-1,2026-01-16 21:36:21+00:00,mac-001,user-05232,session-0322,1,Preview,mdworker,network_connect,calendar.example,connects,1,1,0,0,0,0,0,0,4,940,0.06264538463208419,benign,,0,synthetic macOS Endpoint Security-style fixture
evt-0322-2,2026-01-16 21:36:41+00:00,mac-001,user-05232,session-0322,2,mdworker,Finder,file_write,~/Documents,writes,1,1,0,0,0,0,0,0,4,258,0.056434120655215844,benign,,0,synthetic macOS Endpoint Security-style fixture
evt-0322-3,2026-01-16 21:36:57+00:00,mac-001,user-05232,session-0322,3,Finder,Mail,file_read,~/Documents,reads,1,1,0,0,0,0,0,0,3,353,0.031041759679852773,benign,,0,synthetic macOS Endpoint Security-style fixture
evt-0322-4,2026-01-16 21:37:16+00:00,mac-001,user-05232,session-0322,4,Mail,softwareupdated,network_connect,updates.example,connects,1,1,0,0,0,0,0,0,6,237,0.06010459582765019,benign,,0,synthetic macOS Endpoint Security-style fixture
evt-0322-5,2026-01-16 21:37:37+00:00,mac-001,user-05232,session-0322,5,softwareupdated,Calendar,file_read,~/Library/Preferences,reads,1,1,0,0,0,0,0,0,7,3021,0.0470244301707607,benign,,0,synthetic macOS Endpoint Security-style fixture
evt-0323-0,2026-01-16 21:42:00+00:00,mac-013,user-61534,session-0323,0,launchd,Terminal,exec,/bin/zsh,executes,1,1,0,0,0,0,0,0,5,354,0.033169579170076416,benign,,0,synthetic macOS Endpoint Security-style fixture
evt-0323-1,2026-01-16 21:42:22+00:00,mac-013,user-61534,session-0323,1,Terminal,zsh,exec,/usr/local/bin/brew,executes,0,0,0,0,0,0,0,0,3,1157,0.28407441887466406,benign,,0,synthetic macOS Endpoint Security-style fixture
evt-0323-2,2026-01-16 21:42:40+00:00,mac-013,user-61534,session-0323,2,zsh,brew,network_connect,packages.example,connects,0,0,0,0,0,0,0,0,4,3829,0.23117142973821916,benign,,0,synthetic macOS Endpoint Security-style fixture
evt-0323-3,2026-01-16 21:42:58+00:00,mac-013,user-61534,session-0323,3,brew,softwareupdated,file_write,/Library/Updates,writes,1,1,0,0,0,1,0,0,67,1855,0.34188007662376046,benign,,0,synthetic macOS Endpoint Security-style fixture
evt-0323-4,2026-01-16 21:43:17+00:00,mac-013,user-61534,session-0323,4,softwareupdated,security,file_read,login.keychain-db,reads,1,1,0,0,0,0,1,0,4,1058,0.26252583306310634,benign,,0,synthetic macOS Endpoint Security-style fixture
evt-0323-5,2026-01-16 21:43:38+00:00,mac-013,user-61534,session-0323,5,security,backupd,network_connect,backup.example,connects,1,1,0,0,0,0,0,1,5,35736,0.2632144029140774,benign,,0,synthetic macOS Endpoint Security-style fixture
evt-0324-0,2026-01-16 21:48:01+00:00,mac-029,user-25119,session-0324,0,launchd,Notes,auth,loginwindow,authenticates,1,1,0,0,0,0,0,0,5,621,0.05087872974713178,benign,,0,synthetic macOS Endpoint Security-style fixture
evt-0324-1,2026-01-16 21:48:22+00:00,mac-029,user-25119,session-0324,1,Notes,Mail,network_connect,mail.example,connects,1,1,0,0,0,0,0,0,4,1870,0.09003070133774768,benign,,0,synthetic macOS Endpoint Security-style fixture
evt-0324-2,2026-01-16 21:48:41+00:00,mac-029,user-25119,session-0324,2,Mail,Notes,network_connect,icloud.example,connects,1,1,0,0,0,0,0,0,7,4100,0.012650806184907989,benign,,0,synthetic macOS Endpoint Security-style fixture
evt-0324-3,2026-01-16 21:49:00+00:00,mac-029,user-25119,session-0324,3,Notes,Calendar,network_connect,mail.example,connects,1,1,0,0,0,0,0,0,5,1806,0.0,benign,,0,synthetic macOS Endpoint Security-style fixture
evt-0324-4,2026-01-16 21:49:18+00:00,mac-029,user-25119,session-0324,4,Calendar,backupd,network_connect,icloud.example,connects,1,1,0,0,0,0,0,0,4,3725,0.05770163830025338,benign,,0,synthetic macOS Endpoint Security-style fixture
evt-0324-5,2026-01-16 21:49:35+00:00,mac-029,user-25119,session-0324,5,backupd,Finder,network_connect,calendar.example,connects,1,1,0,0,0,0,0,0,3,872,0.03188964061432379,benign,,0,synthetic macOS Endpoint Security-style fixture
evt-0325-0,2026-01-16 21:55:00+00:00,mac-002,user-66855,session-0325,0,launchd,WindowServer,exec,/System/Library/CoreServices,executes,1,1,0,0,0,0,0,0,3,966,0.012474841537266204,benign,,0,synthetic macOS Endpoint Security-style fixture
evt-0325-1,2026-01-16 21:55:21+00:00,mac-002,user-66855,session-0325,1,WindowServer,backupd,auth,loginwindow,authenticates,1,1,0,0,0,0,0,0,1,801,0.035239211659224466,benign,,0,synthetic macOS Endpoint Security-style fixture
evt-0325-2,2026-01-16 21:55:42+00:00,mac-002,user-66855,session-0325,2,backupd,Mail,exec,/usr/bin/open,executes,1,1,0,0,0,0,0,0,4,490,0.02347240707765699,benign,,0,synthetic macOS Endpoint Security-style fixture
evt-0325-3,2026-01-16 21:56:00+00:00,mac-002,user-66855,session-0325,3,Mail,softwareupdated,network_connect,icloud.example,connects,1,1,0,0,0,0,0,0,3,998,0.01978646195153331,benign,,0,synthetic macOS Endpoint Security-style fixture
evt-0325-4,2026-01-16 21:56:19+00:00,mac-002,user-66855,session-0325,4,softwareupdated,Finder,file_read,~/Documents,reads,1,1,0,0,0,0,0,0,6,2216,0.02328766295267156,benign,,0,synthetic macOS Endpoint Security-style fixture
evt-0325-5,2026-01-16 21:56:35+00:00,mac-002,user-66855,session-0325,5,Finder,Mail,file_read,~/Library/Preferences,reads,1,1,0,0,0,0,0,0,5,1286,0.06041219460860266,benign,,0,synthetic macOS Endpoint Security-style fixture
evt-0326-0,2026-01-16 22:03:03+00:00,mac-017,user-68163,session-0326,0,launchd,backupd,file_read,~/Pictures,reads,1,1,0,0,0,0,0,0,7,506,0.06810738184221332,benign,,0,synthetic macOS Endpoint Security-style fixture
evt-0326-1,2026-01-16 22:03:19+00:00,mac-017,user-68163,session-0326,1,backupd,Notes,file_read,~/Library/Preferences,reads,1,1,0,0,0,0,0,0,3,1292,0.07791866916639878,benign,,0,synthetic macOS Endpoint Security-style fixture
evt-0326-2,2026-01-16 22:03:40+00:00,mac-017,user-68163,session-0326,2,Notes,Calendar,file_read,~/Library/Preferences,reads,1,1,0,0,0,0,0,0,3,572,0.013647630065306591,benign,,0,synthetic macOS Endpoint Security-style fixture
evt-0326-3,2026-01-16 22:03:59+00:00,mac-017,user-68163,session-0326,3,Calendar,Notes,network_connect,icloud.example,connects,1,1,0,0,0,0,0,0,2,1664,0.0,benign,,0,synthetic macOS Endpoint Security-style fixture
evt-0326-4,2026-01-16 22:04:17+00:00,mac-017,user-68163,session-0326,4,Notes,Safari,auth,loginwindow,authenticates,1,1,0,0,0,0,0,0,6,2995,0.03927498468361459,benign,,0,synthetic macOS Endpoint Security-style fixture
evt-0326-5,2026-01-16 22:04:35+00:00,mac-017,user-68163,session-0326,5,Safari,Mail,file_write,~/Documents,writes,1,1,0,0,0,0,0,0,5,1320,0.05265011658138495,benign,,0,synthetic macOS Endpoint Security-style fixture
evt-0327-0,2026-01-16 22:10:04+00:00,mac-018,user-43698,session-0327,0,launchd,Terminal,exec,/bin/zsh,executes,1,1,0,0,0,0,0,0,2,490,0.013376832981437208,credential_access,T1059,1,synthetic macOS Endpoint Security-style fixture
evt-0327-1,2026-01-16 22:10:19+00:00,mac-018,user-43698,session-0327,1,Terminal,zsh,exec,/usr/bin/python3,executes,1,1,0,0,0,0,0,0,6,1441,0.04835556467849866,credential_access,T1059,1,synthetic macOS Endpoint Security-style fixture
evt-0327-2,2026-01-16 22:10:41+00:00,mac-018,user-43698,session-0327,2,zsh,python3,file_read,~/Library/Keychains/login.keychain-db,reads,0,0,0,0,0,0,1,0,3,227,0.47865763881993073,credential_access,T1555.001,1,synthetic macOS Endpoint Security-style fixture
evt-0327-3,2026-01-16 22:10:59+00:00,mac-018,user-43698,session-0327,3,python3,python3,file_read,~/.ssh/id_ed25519,reads,0,0,0,0,0,0,1,0,6,1495,0.46767463760707,credential_access,T1552.004,1,synthetic macOS Endpoint Security-style fixture
evt-0327-4,2026-01-16 22:11:18+00:00,mac-018,user-43698,session-0327,4,python3,security,exec,/usr/bin/security,executes,0,0,0,0,0,0,0,0,3,1657,0.2708431146391602,credential_access,T1555,1,synthetic macOS Endpoint Security-style fixture
evt-0327-5,2026-01-16 22:11:38+00:00,mac-018,user-43698,session-0327,5,security,python3,network_connect,collector.example,connects,0,0,0,0,0,0,0,1,3,1510,0.415483650572133,credential_access,T1041,1,synthetic macOS Endpoint Security-style fixture
evt-0328-0,2026-01-16 22:17:03+00:00,mac-025,user-36415,session-0328,0,launchd,Safari,file_write,~/Library/Preferences,writes,1,1,0,0,0,0,0,0,2,1058,0.0810944606952874,benign,,0,synthetic macOS Endpoint Security-style fixture
evt-0328-1,2026-01-16 22:17:22+00:00,mac-025,user-36415,session-0328,1,Safari,Notes,exec,/usr/bin/open,executes,1,1,0,0,0,0,0,0,5,772,0.018254408870764613,benign,,0,synthetic macOS Endpoint Security-style fixture
evt-0328-2,2026-01-16 22:17:40+00:00,mac-025,user-36415,session-0328,2,Notes,Calendar,auth,loginwindow,authenticates,1,1,0,0,0,0,0,0,2,1620,0.013506098642791672,benign,,0,synthetic macOS Endpoint Security-style fixture
evt-0328-3,2026-01-16 22:18:01+00:00,mac-025,user-36415,session-0328,3,Calendar,mdworker,file_read,/System/Library,reads,1,1,0,0,0,0,0,0,4,1920,0.06465595707544816,benign,,0,synthetic macOS Endpoint Security-style fixture
evt-0328-4,2026-01-16 22:18:18+00:00,mac-025,user-36415,session-0328,4,mdworker,softwareupdated,network_connect,updates.example,connects,1,1,0,0,0,0,0,0,6,954,0.08958789283333898,benign,,0,synthetic macOS Endpoint Security-style fixture
evt-0328-5,2026-01-16 22:18:37+00:00,mac-025,user-36415,session-0328,5,softwareupdated,softwareupdated,file_read,~/Pictures,reads,1,1,0,0,0,0,0,0,5,1388,0.0400015551152591,benign,,0,synthetic macOS Endpoint Security-style fixture
evt-0329-0,2026-01-16 22:24:00+00:00,mac-009,user-44352,session-0329,0,launchd,mdworker,network_connect,icloud.example,connects,1,1,0,0,0,0,0,0,3,814,0.06775106231291732,benign,,0,synthetic macOS Endpoint Security-style fixture
evt-0329-1,2026-01-16 22:24:23+00:00,mac-009,user-44352,session-0329,1,mdworker,softwareupdated,auth,loginwindow,authenticates,1,1,0,0,0,0,0,0,7,325,0.026579536872979086,benign,,0,synthetic macOS Endpoint Security-style fixture
evt-0329-2,2026-01-16 22:24:38+00:00,mac-009,user-44352,session-0329,2,softwareupdated,Finder,exec,/System/Applications,executes,1,1,0,0,0,0,0,0,3,2318,0.06531360623467611,benign,,0,synthetic macOS Endpoint Security-style fixture
evt-0329-3,2026-01-16 22:24:59+00:00,mac-009,user-44352,session-0329,3,Finder,Calendar,exec,/usr/bin/open,executes,1,1,0,0,0,0,0,0,7,642,0.0263636710867777,benign,,0,synthetic macOS Endpoint Security-style fixture
evt-0329-4,2026-01-16 22:25:18+00:00,mac-009,user-44352,session-0329,4,Calendar,softwareupdated,file_read,/System/Library,reads,1,1,0,0,0,0,0,0,5,4300,0.005043929780849783,benign,,0,synthetic macOS Endpoint Security-style fixture
evt-0329-5,2026-01-16 22:25:38+00:00,mac-009,user-44352,session-0329,5,softwareupdated,Calendar,file_read,~/Library/Preferences,reads,1,1,0,0,0,0,0,0,7,1031,0.013048138277966189,benign,,0,synthetic macOS Endpoint Security-style fixture
evt-0330-0,2026-01-16 22:32:01+00:00,mac-016,user-66855,session-0330,0,launchd,mdworker,network_connect,icloud.example,connects,1,1,0,0,0,0,0,0,3,1402,0.037192329340756246,benign,,0,synthetic macOS Endpoint Security-style fixture
evt-0330-1,2026-01-16 22:32:19+00:00,mac-016,user-66855,session-0330,1,mdworker,Mail,auth,loginwindow,authenticates,1,1,0,0,0,0,0,0,3,800,0.026938461088521694,benign,,0,synthetic macOS Endpoint Security-style fixture
evt-0330-2,2026-01-16 22:32:40+00:00,mac-016,user-66855,session-0330,2,Mail,Notes,network_connect,updates.example,connects,1,1,0,0,0,0,0,0,5,953,0.07493546928447356,benign,,0,synthetic macOS Endpoint Security-style fixture
evt-0330-3,2026-01-16 22:33:01+00:00,mac-016,user-66855,session-0330,3,Notes,Preview,file_write,~/Documents,writes,1,1,0,0,0,0,0,0,6,1606,0.06965324603635503,benign,,0,synthetic macOS Endpoint Security-style fixture
evt-0330-4,2026-01-16 22:33:16+00:00,mac-016,user-66855,session-0330,4,Preview,Safari,exec,/System/Library/CoreServices,executes,1,1,0,0,0,0,0,0,3,1057,0.04904974198829594,benign,,0,synthetic macOS Endpoint Security-style fixture
evt-0330-5,2026-01-16 22:33:38+00:00,mac-016,user-66855,session-0330,5,Safari,WindowServer,auth,loginwindow,authenticates,1,1,0,0,0,0,0,0,3,1651,0.05172046041226044,benign,,0,synthetic macOS Endpoint Security-style fixture
evt-0331-0,2026-01-16 22:38:01+00:00,mac-020,user-43044,session-0331,0,launchd,Safari,network_connect,update.example,connects,1,1,0,0,0,0,0,0,6,1916,0.05583880981925811,launchagent_persistence,T1105,1,synthetic macOS Endpoint Security-style fixture
evt-0331-1,2026-01-16 22:38:22+00:00,mac-020,user-43044,session-0331,1,Safari,installer,file_write,/tmp/helper,writes,1,1,0,0,0,0,0,0,5,1073,0.07748699869956194,launchagent_persistence,T1105,1,synthetic macOS Endpoint Security-style fixture
evt-0331-2,2026-01-16 22:38:42+00:00,mac-020,user-43044,session-0331,2,installer,sh,exec,/bin/sh,executes,0,0,0,0,0,0,0,0,5,2798,0.30126566569758334,launchagent_persistence,T1059,1,synthetic macOS Endpoint Security-style fixture
evt-0331-3,2026-01-16 22:39:00+00:00,mac-020,user-43044,session-0331,3,sh,defaults,file_write,~/Library/LaunchAgents/com.demo.agent.plist,writes,0,0,0,0,0,1,0,0,6,1667,0.5559058522824263,launchagent_persistence,T1543.001,1,synthetic macOS Endpoint Security-style fixture
evt-0331-4,2026-01-16 22:39:16+00:00,mac-020,user-43044,session-0331,4,defaults,launchctl,exec,com.demo.agent,executes,0,0,0,0,1,1,0,0,3,3946,0.5527647390750459,launchagent_persistence,T1543.001,1,synthetic macOS Endpoint Security-style fixture
evt-0331-5,2026-01-16 22:39:36+00:00,mac-020,user-43044,session-0331,5,launchctl,helper,exec,/tmp/helper,executes,0,0,0,0,0,0,0,0,3,1496,0.23257668037845358,launchagent_persistence,T1204,1,synthetic macOS Endpoint Security-style fixture
evt-0332-0,2026-01-16 22:45:02+00:00,mac-005,user-35761,session-0332,0,launchd,Notes,file_read,~/Pictures,reads,1,1,0,0,0,0,0,0,1,2050,0.048691659738693174,benign,,0,synthetic macOS Endpoint Security-style fixture
evt-0332-1,2026-01-16 22:45:21+00:00,mac-005,user-35761,session-0332,1,Notes,Safari,exec,/System/Applications,executes,1,1,0,0,0,0,0,0,3,1019,0.10398821141664272,benign,,0,synthetic macOS Endpoint Security-style fixture
evt-0332-2,2026-01-16 22:45:41+00:00,mac-005,user-35761,session-0332,2,Safari,Finder,network_connect,calendar.example,connects,1,1,0,0,0,0,0,0,8,326,0.04801797651814489,benign,,0,synthetic macOS Endpoint Security-style fixture
evt-0332-3,2026-01-16 22:45:57+00:00,mac-005,user-35761,session-0332,3,Finder,Mail,exec,/System/Library/CoreServices,executes,1,1,0,0,0,0,0,0,1,394,0.03384733284610503,benign,,0,synthetic macOS Endpoint Security-style fixture
evt-0332-4,2026-01-16 22:46:17+00:00,mac-005,user-35761,session-0332,4,Mail,Notes,file_read,~/Pictures,reads,1,1,0,0,0,0,0,0,4,1407,0.04064356689706433,benign,,0,synthetic macOS Endpoint Security-style fixture
evt-0332-5,2026-01-16 22:46:35+00:00,mac-005,user-35761,session-0332,5,Notes,mdworker,network_connect,mail.example,connects,1,1,0,0,0,0,0,0,4,1903,0.053611097837722485,benign,,0,synthetic macOS Endpoint Security-style fixture
evt-0333-0,2026-01-16 22:52:00+00:00,mac-019,user-73484,session-0333,0,launchd,Safari,network_connect,updates.example,connects,1,1,0,0,0,0,0,0,2,1950,0.020663355179517735,benign,,0,synthetic macOS Endpoint Security-style fixture
evt-0333-1,2026-01-16 22:52:22+00:00,mac-019,user-73484,session-0333,1,Safari,Mail,network_connect,calendar.example,connects,1,1,0,0,0,0,0,0,3,682,0.09013169703469395,benign,,0,synthetic macOS Endpoint Security-style fixture
evt-0333-2,2026-01-16 22:52:38+00:00,mac-019,user-73484,session-0333,2,Mail,Mail,file_write,/System/Library,writes,1,1,0,0,0,0,0,0,5,2167,0.03179661180400202,benign,,0,synthetic macOS Endpoint Security-style fixture
evt-0333-3,2026-01-16 22:53:01+00:00,mac-019,user-73484,session-0333,3,Mail,Mail,file_write,~/Library/Preferences,writes,1,1,0,0,0,0,0,0,1,760,0.027100909238195903,benign,,0,synthetic macOS Endpoint Security-style fixture
evt-0333-4,2026-01-16 22:53:19+00:00,mac-019,user-73484,session-0333,4,Mail,backupd,auth,loginwindow,authenticates,1,1,0,0,0,0,0,0,1,1270,0.04895908790939026,benign,,0,synthetic macOS Endpoint Security-style fixture
evt-0333-5,2026-01-16 22:53:36+00:00,mac-019,user-73484,session-0333,5,backupd,mdworker,exec,/System/Applications,executes,1,1,0,0,0,0,0,0,2,737,0.010142986902228847,benign,,0,synthetic macOS Endpoint Security-style fixture
evt-0334-0,2026-01-16 23:00:02+00:00,mac-021,user-82729,session-0334,0,launchd,Preview,network_connect,updates.example,connects,1,1,0,0,0,0,0,0,4,1336,0.055492679220109295,benign,,0,synthetic macOS Endpoint Security-style fixture
evt-0334-1,2026-01-16 23:00:21+00:00,mac-021,user-82729,session-0334,1,Preview,Mail,exec,/System/Library/CoreServices,executes,1,1,0,0,0,0,0,0,6,633,0.07316281678959673,benign,,0,synthetic macOS Endpoint Security-style fixture
evt-0334-2,2026-01-16 23:00:39+00:00,mac-021,user-82729,session-0334,2,Mail,Calendar,file_write,~/Pictures,writes,1,1,0,0,0,0,0,0,2,2224,0.05128435897256705,benign,,0,synthetic macOS Endpoint Security-style fixture
evt-0334-3,2026-01-16 23:00:57+00:00,mac-021,user-82729,session-0334,3,Calendar,backupd,network_connect,updates.example,connects,1,1,0,0,0,0,0,0,6,1222,0.04854394203394113,benign,,0,synthetic macOS Endpoint Security-style fixture
evt-0334-4,2026-01-16 23:01:19+00:00,mac-021,user-82729,session-0334,4,backupd,backupd,exec,/System/Library/CoreServices,executes,1,1,0,0,0,0,0,0,3,1166,0.04377887324561411,benign,,0,synthetic macOS Endpoint Security-style fixture
evt-0334-5,2026-01-16 23:01:35+00:00,mac-021,user-82729,session-0334,5,backupd,Calendar,auth,loginwindow,authenticates,1,1,0,0,0,0,0,0,4,421,0.005857923317670516,benign,,0,synthetic macOS Endpoint Security-style fixture
evt-0335-0,2026-01-16 23:09:02+00:00,mac-026,user-37723,session-0335,0,launchd,Safari,exec,/System/Applications,executes,1,1,0,0,0,0,0,0,4,843,0.04367286909814705,benign,,0,synthetic macOS Endpoint Security-style fixture
evt-0335-1,2026-01-16 23:09:21+00:00,mac-026,user-37723,session-0335,1,Safari,softwareupdated,file_read,~/Pictures,reads,1,1,0,0,0,0,0,0,6,3114,0.01573299149120419,benign,,0,synthetic macOS Endpoint Security-style fixture
evt-0335-2,2026-01-16 23:09:41+00:00,mac-026,user-37723,session-0335,2,softwareupdated,Preview,file_read,/System/Library,reads,1,1,0,0,0,0,0,0,2,2143,0.0,benign,,0,synthetic macOS Endpoint Security-style fixture
evt-0335-3,2026-01-16 23:09:57+00:00,mac-026,user-37723,session-0335,3,Preview,WindowServer,exec,/System/Library/CoreServices,executes,1,1,0,0,0,0,0,0,3,489,0.061873856407856184,benign,,0,synthetic macOS Endpoint Security-style fixture
evt-0335-4,2026-01-16 23:10:18+00:00,mac-026,user-37723,session-0335,4,WindowServer,Finder,auth,loginwindow,authenticates,1,1,0,0,0,0,0,0,5,396,0.0,benign,,0,synthetic macOS Endpoint Security-style fixture
evt-0335-5,2026-01-16 23:10:38+00:00,mac-026,user-37723,session-0335,5,Finder,Finder,exec,/System/Applications,executes,1,1,0,0,0,0,0,0,3,1487,0.04345244216613484,benign,,0,synthetic macOS Endpoint Security-style fixture
evt-0336-0,2026-01-16 23:14:00+00:00,mac-026,user-69471,session-0336,0,launchd,Calendar,network_connect,mail.example,connects,1,1,0,0,0,0,0,0,5,374,0.021740694940980024,benign,,0,synthetic macOS Endpoint Security-style fixture
evt-0336-1,2026-01-16 23:14:23+00:00,mac-026,user-69471,session-0336,1,Calendar,Mail,file_write,~/Documents,writes,1,1,0,0,0,0,0,0,4,464,0.02877600272997801,benign,,0,synthetic macOS Endpoint Security-style fixture
evt-0336-2,2026-01-16 23:14:41+00:00,mac-026,user-69471,session-0336,2,Mail,backupd,network_connect,mail.example,connects,1,1,0,0,0,0,0,0,4,909,0.01522702230588692,benign,,0,synthetic macOS Endpoint Security-style fixture
evt-0336-3,2026-01-16 23:14:59+00:00,mac-026,user-69471,session-0336,3,backupd,Preview,network_connect,mail.example,connects,1,1,0,0,0,0,0,0,2,1852,0.062229905726114206,benign,,0,synthetic macOS Endpoint Security-style fixture
evt-0336-4,2026-01-16 23:15:20+00:00,mac-026,user-69471,session-0336,4,Preview,Finder,auth,loginwindow,authenticates,1,1,0,0,0,0,0,0,2,890,0.06549621743150161,benign,,0,synthetic macOS Endpoint Security-style fixture
evt-0336-5,2026-01-16 23:15:36+00:00,mac-026,user-69471,session-0336,5,Finder,softwareupdated,file_read,~/Pictures,reads,1,1,0,0,0,0,0,0,5,2171,0.07711563294226861,benign,,0,synthetic macOS Endpoint Security-style fixture
evt-0337-0,2026-01-16 23:19:02+00:00,mac-024,user-65547,session-0337,0,launchd,Safari,network_connect,update.example,connects,1,1,0,0,0,0,0,0,2,1586,0.05068657689542168,launchagent_persistence,T1105,1,synthetic macOS Endpoint Security-style fixture
evt-0337-1,2026-01-16 23:19:19+00:00,mac-024,user-65547,session-0337,1,Safari,installer,file_write,/tmp/helper,writes,1,1,0,0,0,0,0,0,3,2007,0.01148919738773184,launchagent_persistence,T1105,1,synthetic macOS Endpoint Security-style fixture
evt-0337-2,2026-01-16 23:19:40+00:00,mac-024,user-65547,session-0337,2,installer,sh,exec,/bin/sh,executes,0,0,0,0,0,0,0,0,5,2081,0.24068311986067048,launchagent_persistence,T1059,1,synthetic macOS Endpoint Security-style fixture
evt-0337-3,2026-01-16 23:19:59+00:00,mac-024,user-65547,session-0337,3,sh,defaults,file_write,~/Library/LaunchAgents/com.demo.agent.plist,writes,0,0,0,0,0,1,0,0,3,1930,0.5645874581151484,launchagent_persistence,T1543.001,1,synthetic macOS Endpoint Security-style fixture
evt-0337-4,2026-01-16 23:20:20+00:00,mac-024,user-65547,session-0337,4,defaults,launchctl,exec,com.demo.agent,executes,0,0,0,0,1,1,0,0,6,582,0.559358766723486,launchagent_persistence,T1543.001,1,synthetic macOS Endpoint Security-style fixture
evt-0337-5,2026-01-16 23:20:36+00:00,mac-024,user-65547,session-0337,5,launchctl,helper,exec,/tmp/helper,executes,0,0,0,0,0,0,0,0,3,2373,0.2558185663934268,launchagent_persistence,T1204,1,synthetic macOS Endpoint Security-style fixture
evt-0338-0,2026-01-16 23:26:04+00:00,mac-005,user-88704,session-0338,0,launchd,Finder,file_read,/System/Library,reads,1,1,0,0,0,0,0,0,5,1496,0.05049025649458426,benign,,0,synthetic macOS Endpoint Security-style fixture
evt-0338-1,2026-01-16 23:26:19+00:00,mac-005,user-88704,session-0338,1,Finder,softwareupdated,auth,loginwindow,authenticates,1,1,0,0,0,0,0,0,2,1653,0.0,benign,,0,synthetic macOS Endpoint Security-style fixture
evt-0338-2,2026-01-16 23:26:40+00:00,mac-005,user-88704,session-0338,2,softwareupdated,Mail,file_read,~/Pictures,reads,1,1,0,0,0,0,0,0,6,187,0.04095371277102054,benign,,0,synthetic macOS Endpoint Security-style fixture
evt-0338-3,2026-01-16 23:26:57+00:00,mac-005,user-88704,session-0338,3,Mail,WindowServer,file_read,~/Pictures,reads,1,1,0,0,0,0,0,0,5,1365,0.024863841732354747,benign,,0,synthetic macOS Endpoint Security-style fixture
evt-0338-4,2026-01-16 23:27:18+00:00,mac-005,user-88704,session-0338,4,WindowServer,Finder,file_read,~/Pictures,reads,1,1,0,0,0,0,0,0,3,517,0.044288319797746216,benign,,0,synthetic macOS Endpoint Security-style fixture
evt-0338-5,2026-01-16 23:27:35+00:00,mac-005,user-88704,session-0338,5,Finder,mdworker,file_read,/System/Library,reads,1,1,0,0,0,0,0,0,3,680,0.03874207926818224,benign,,0,synthetic macOS Endpoint Security-style fixture
evt-0339-0,2026-01-16 23:37:02+00:00,mac-025,user-60226,session-0339,0,launchd,Preview,exec,/System/Library/CoreServices,executes,1,1,0,0,0,0,0,0,1,233,0.028701142351850138,benign,,0,synthetic macOS Endpoint Security-style fixture
evt-0339-1,2026-01-16 23:37:20+00:00,mac-025,user-60226,session-0339,1,Preview,Finder,exec,/System/Applications,executes,1,1,0,0,0,0,0,0,4,685,0.03999707377185784,benign,,0,synthetic macOS Endpoint Security-style fixture
evt-0339-2,2026-01-16 23:37:38+00:00,mac-025,user-60226,session-0339,2,Finder,backupd,file_read,~/Documents,reads,1,1,0,0,0,0,0,0,3,1597,0.0,benign,,0,synthetic macOS Endpoint Security-style fixture
evt-0339-3,2026-01-16 23:38:01+00:00,mac-025,user-60226,session-0339,3,backupd,softwareupdated,file_read,~/Pictures,reads,1,1,0,0,0,0,0,0,5,301,0.07375991568253318,benign,,0,synthetic macOS Endpoint Security-style fixture
evt-0339-4,2026-01-16 23:38:19+00:00,mac-025,user-60226,session-0339,4,softwareupdated,Mail,file_write,/System/Library,writes,1,1,0,0,0,0,0,0,2,680,0.05677220680374574,benign,,0,synthetic macOS Endpoint Security-style fixture
evt-0339-5,2026-01-16 23:38:36+00:00,mac-025,user-60226,session-0339,5,Mail,Safari,file_write,/System/Library,writes,1,1,0,0,0,0,0,0,4,630,0.08232887723167841,benign,,0,synthetic macOS Endpoint Security-style fixture
evt-0340-0,2026-01-16 23:42:01+00:00,mac-026,user-37069,session-0340,0,launchd,Notes,file_write,/System/Library,writes,1,1,0,0,0,0,0,0,3,1386,0.06921244938581764,benign,,0,synthetic macOS Endpoint Security-style fixture
evt-0340-1,2026-01-16 23:42:22+00:00,mac-026,user-37069,session-0340,1,Notes,mdworker,network_connect,mail.example,connects,1,1,0,0,0,0,0,0,4,688,0.02755660470267207,benign,,0,synthetic macOS Endpoint Security-style fixture
evt-0340-2,2026-01-16 23:42:41+00:00,mac-026,user-37069,session-0340,2,mdworker,Preview,file_read,/System/Library,reads,1,1,0,0,0,0,0,0,4,487,0.06240903563793458,benign,,0,synthetic macOS Endpoint Security-style fixture
evt-0340-3,2026-01-16 23:43:00+00:00,mac-026,user-37069,session-0340,3,Preview,Safari,file_write,~/Documents,writes,1,1,0,0,0,0,0,0,0,1242,0.07468215667867059,benign,,0,synthetic macOS Endpoint Security-style fixture
evt-0340-4,2026-01-16 23:43:20+00:00,mac-026,user-37069,session-0340,4,Safari,Finder,file_read,~/Library/Preferences,reads,1,1,0,0,0,0,0,0,6,1990,0.04372356978448512,benign,,0,synthetic macOS Endpoint Security-style fixture
evt-0340-5,2026-01-16 23:43:37+00:00,mac-026,user-37069,session-0340,5,Finder,backupd,file_write,~/Pictures,writes,1,1,0,0,0,0,0,0,4,2017,0.0715179320744778,benign,,0,synthetic macOS Endpoint Security-style fixture
evt-0341-0,2026-01-16 23:51:01+00:00,mac-025,user-21849,session-0341,0,launchd,Finder,file_read,~/Documents,reads,1,1,0,0,0,0,0,0,4,1616,0.0,data_exfiltration,T1083,1,synthetic macOS Endpoint Security-style fixture
evt-0341-1,2026-01-16 23:51:19+00:00,mac-025,user-21849,session-0341,1,Finder,zip,exec,/usr/bin/zip,executes,1,1,0,0,0,0,0,0,5,481,0.05334902879540767,data_exfiltration,T1560,1,synthetic macOS Endpoint Security-style fixture
evt-0341-2,2026-01-16 23:51:40+00:00,mac-025,user-21849,session-0341,2,zip,zip,file_write,/tmp/archive.zip,writes,1,1,0,0,0,0,1,0,2,1416,0.25483083331172096,data_exfiltration,T1560,1,synthetic macOS Endpoint Security-style fixture
evt-0341-3,2026-01-16 23:52:01+00:00,mac-025,user-21849,session-0341,3,zip,curl,network_connect,upload.example,connects,1,1,0,0,0,0,1,1,3,186816,0.44042860904299685,data_exfiltration,T1041,1,synthetic macOS Endpoint Security-style fixture
evt-0341-4,2026-01-16 23:52:18+00:00,mac-025,user-21849,session-0341,4,curl,curl,network_connect,upload.example,connects,1,1,0,0,0,0,0,1,3,68572,0.1701374818900248,data_exfiltration,T1041,1,synthetic macOS Endpoint Security-style fixture
evt-0341-5,2026-01-16 23:52:36+00:00,mac-025,user-21849,session-0341,5,curl,rm,file_delete,/tmp/archive.zip,deletes,1,1,0,0,0,0,0,0,1,648,0.03088396510502893,data_exfiltration,T1070,1,synthetic macOS Endpoint Security-style fixture
evt-0342-0,2026-01-16 23:55:01+00:00,mac-021,user-69471,session-0342,0,launchd,Terminal,exec,/bin/zsh,executes,1,1,0,0,0,0,0,0,3,1081,0.011841728495185552,benign,,0,synthetic macOS Endpoint Security-style fixture
evt-0342-1,2026-01-16 23:55:19+00:00,mac-021,user-69471,session-0342,1,Terminal,zsh,exec,/usr/local/bin/brew,executes,0,0,0,0,0,0,0,0,4,2848,0.25480884350426064,benign,,0,synthetic macOS Endpoint Security-style fixture
evt-0342-2,2026-01-16 23:55:40+00:00,mac-021,user-69471,session-0342,2,zsh,brew,network_connect,packages.example,connects,0,0,0,0,0,0,0,0,4,614,0.24246081313076262,benign,,0,synthetic macOS Endpoint Security-style fixture
evt-0342-3,2026-01-16 23:56:00+00:00,mac-021,user-69471,session-0342,3,brew,softwareupdated,file_write,/Library/Updates,writes,1,1,0,0,0,1,0,0,84,2858,0.36443576251790843,benign,,0,synthetic macOS Endpoint Security-style fixture
evt-0342-4,2026-01-16 23:56:16+00:00,mac-021,user-69471,session-0342,4,softwareupdated,security,file_read,login.keychain-db,reads,1,1,0,0,0,0,1,0,6,1517,0.2775282924901276,benign,,0,synthetic macOS Endpoint Security-style fixture
evt-0342-5,2026-01-16 23:56:35+00:00,mac-021,user-69471,session-0342,5,security,backupd,network_connect,backup.example,connects,1,1,0,0,0,0,0,1,3,26994,0.2206191323416479,benign,,0,synthetic macOS Endpoint Security-style fixture
evt-0343-0,2026-01-17 00:03:04+00:00,mac-026,user-67509,session-0343,0,launchd,Notes,network_connect,mail.example,connects,1,1,0,0,0,0,0,0,3,3310,0.04470360348176353,benign,,0,synthetic macOS Endpoint Security-style fixture
evt-0343-1,2026-01-17 00:03:21+00:00,mac-026,user-67509,session-0343,1,Notes,softwareupdated,exec,/usr/bin/open,executes,1,1,0,0,0,0,0,0,7,1799,0.02066054082278303,benign,,0,synthetic macOS Endpoint Security-style fixture
evt-0343-2,2026-01-17 00:03:40+00:00,mac-026,user-67509,session-0343,2,softwareupdated,WindowServer,file_read,/System/Library,reads,1,1,0,0,0,0,0,0,6,6132,0.051415408738422264,benign,,0,synthetic macOS Endpoint Security-style fixture
evt-0343-3,2026-01-17 00:03:58+00:00,mac-026,user-67509,session-0343,3,WindowServer,Notes,file_write,~/Pictures,writes,1,1,0,0,0,0,0,0,1,1710,0.05049709617908554,benign,,0,synthetic macOS Endpoint Security-style fixture
evt-0343-4,2026-01-17 00:04:20+00:00,mac-026,user-67509,session-0343,4,Notes,Preview,network_connect,mail.example,connects,1,1,0,0,0,0,0,0,8,335,0.05554282658306401,benign,,0,synthetic macOS Endpoint Security-style fixture
evt-0343-5,2026-01-17 00:04:36+00:00,mac-026,user-67509,session-0343,5,Preview,Notes,file_write,~/Library/Preferences,writes,1,1,0,0,0,0,0,0,2,465,0.02511856032728019,benign,,0,synthetic macOS Endpoint Security-style fixture
evt-0344-0,2026-01-17 00:08:04+00:00,mac-030,user-75446,session-0344,0,launchd,softwareupdated,file_write,~/Pictures,writes,1,1,0,0,0,0,0,0,3,1480,0.08375584207005549,benign,,0,synthetic macOS Endpoint Security-style fixture
evt-0344-1,2026-01-17 00:08:19+00:00,mac-030,user-75446,session-0344,1,softwareupdated,backupd,network_connect,calendar.example,connects,1,1,0,0,0,0,0,0,4,742,0.0,benign,,0,synthetic macOS Endpoint Security-style fixture
evt-0344-2,2026-01-17 00:08:39+00:00,mac-030,user-75446,session-0344,2,backupd,Safari,file_read,~/Documents,reads,1,1,0,0,0,0,0,0,3,623,0.03540625115323565,benign,,0,synthetic macOS Endpoint Security-style fixture
evt-0344-3,2026-01-17 00:09:01+00:00,mac-030,user-75446,session-0344,3,Safari,mdworker,exec,/System/Library/CoreServices,executes,1,1,0,0,0,0,0,0,4,637,0.023305068643357824,benign,,0,synthetic macOS Endpoint Security-style fixture
evt-0344-4,2026-01-17 00:09:16+00:00,mac-030,user-75446,session-0344,4,mdworker,Calendar,file_write,~/Pictures,writes,1,1,0,0,0,0,0,0,1,5681,0.02468411467230433,benign,,0,synthetic macOS Endpoint Security-style fixture
evt-0344-5,2026-01-17 00:09:38+00:00,mac-030,user-75446,session-0344,5,Calendar,Preview,exec,/System/Applications,executes,1,1,0,0,0,0,0,0,1,2176,0.031316903149510834,benign,,0,synthetic macOS Endpoint Security-style fixture
evt-0345-0,2026-01-17 00:17:02+00:00,mac-014,user-73484,session-0345,0,launchd,WindowServer,file_read,~/Pictures,reads,1,1,0,0,0,0,0,0,5,1256,0.09539877348191736,benign,,0,synthetic macOS Endpoint Security-style fixture
evt-0345-1,2026-01-17 00:17:19+00:00,mac-014,user-73484,session-0345,1,WindowServer,Preview,exec,/usr/bin/open,executes,1,1,0,0,0,0,0,0,3,1076,0.007161045545383771,benign,,0,synthetic macOS Endpoint Security-style fixture
evt-0345-2,2026-01-17 00:17:42+00:00,mac-014,user-73484,session-0345,2,Preview,Preview,network_connect,mail.example,connects,1,1,0,0,0,0,0,0,4,1123,0.06853430261836052,benign,,0,synthetic macOS Endpoint Security-style fixture
evt-0345-3,2026-01-17 00:18:00+00:00,mac-014,user-73484,session-0345,3,Preview,Finder,network_connect,icloud.example,connects,1,1,0,0,0,0,0,0,4,3894,0.01319200713702606,benign,,0,synthetic macOS Endpoint Security-style fixture
evt-0345-4,2026-01-17 00:18:17+00:00,mac-014,user-73484,session-0345,4,Finder,mdworker,file_read,~/Documents,reads,1,1,0,0,0,0,0,0,3,1631,0.0397373855594021,benign,,0,synthetic macOS Endpoint Security-style fixture
evt-0345-5,2026-01-17 00:18:35+00:00,mac-014,user-73484,session-0345,5,mdworker,Mail,auth,loginwindow,authenticates,1,1,0,0,0,0,0,0,5,1405,0.031471862654740945,benign,,0,synthetic macOS Endpoint Security-style fixture
evt-0346-0,2026-01-17 00:25:01+00:00,mac-026,user-31748,session-0346,0,launchd,Notes,file_write,/System/Library,writes,1,1,0,0,0,0,0,0,5,2022,0.06470680839792872,benign,,0,synthetic macOS Endpoint Security-style fixture
evt-0346-1,2026-01-17 00:25:22+00:00,mac-026,user-31748,session-0346,1,Notes,Mail,exec,/System/Library/CoreServices,executes,1,1,0,0,0,0,0,0,2,547,0.045785833267609016,benign,,0,synthetic macOS Endpoint Security-style fixture
evt-0346-2,2026-01-17 00:25:40+00:00,mac-026,user-31748,session-0346,2,Mail,softwareupdated,file_write,~/Pictures,writes,1,1,0,0,0,0,0,0,4,11410,0.0652380929964886,benign,,0,synthetic macOS Endpoint Security-style fixture
evt-0346-3,2026-01-17 00:26:00+00:00,mac-026,user-31748,session-0346,3,softwareupdated,backupd,network_connect,mail.example,connects,1,1,0,0,0,0,0,0,8,1757,0.028067930853247446,benign,,0,synthetic macOS Endpoint Security-style fixture
evt-0346-4,2026-01-17 00:26:16+00:00,mac-026,user-31748,session-0346,4,backupd,WindowServer,file_read,~/Pictures,reads,1,1,0,0,0,0,0,0,3,1648,0.05586812972948052,benign,,0,synthetic macOS Endpoint Security-style fixture
evt-0346-5,2026-01-17 00:26:35+00:00,mac-026,user-31748,session-0346,5,WindowServer,Notes,file_read,~/Library/Preferences,reads,1,1,0,0,0,0,0,0,5,2798,0.05275753607934718,benign,,0,synthetic macOS Endpoint Security-style fixture
evt-0347-0,2026-01-17 00:29:02+00:00,mac-021,user-25119,session-0347,0,launchd,WindowServer,network_connect,mail.example,connects,1,1,0,0,0,0,0,0,7,3204,0.042249589470407405,benign,,0,synthetic macOS Endpoint Security-style fixture
evt-0347-1,2026-01-17 00:29:22+00:00,mac-021,user-25119,session-0347,1,WindowServer,Calendar,file_write,~/Library/Preferences,writes,1,1,0,0,0,0,0,0,8,851,0.055239642035316505,benign,,0,synthetic macOS Endpoint Security-style fixture
evt-0347-2,2026-01-17 00:29:42+00:00,mac-021,user-25119,session-0347,2,Calendar,mdworker,file_read,/System/Library,reads,1,1,0,0,0,0,0,0,3,1429,0.0461794432258372,benign,,0,synthetic macOS Endpoint Security-style fixture
evt-0347-3,2026-01-17 00:30:01+00:00,mac-021,user-25119,session-0347,3,mdworker,Preview,file_write,/System/Library,writes,1,1,0,0,0,0,0,0,2,919,0.020404915168665556,benign,,0,synthetic macOS Endpoint Security-style fixture
evt-0347-4,2026-01-17 00:30:18+00:00,mac-021,user-25119,session-0347,4,Preview,Preview,exec,/usr/bin/open,executes,1,1,0,0,0,0,0,0,5,657,0.017414943436372916,benign,,0,synthetic macOS Endpoint Security-style fixture
evt-0347-5,2026-01-17 00:30:36+00:00,mac-021,user-25119,session-0347,5,Preview,mdworker,network_connect,calendar.example,connects,1,1,0,0,0,0,0,0,4,237,0.001161484564411841,benign,,0,synthetic macOS Endpoint Security-style fixture
evt-0348-0,2026-01-17 00:36:02+00:00,mac-003,user-45006,session-0348,0,launchd,Safari,network_connect,downloads.example,connects,1,1,0,0,0,0,0,0,5,493,0.02201916713632278,download_execute,T1105,1,synthetic macOS Endpoint Security-style fixture
evt-0348-1,2026-01-17 00:36:19+00:00,mac-003,user-45006,session-0348,1,Safari,softwareupdated,file_write,/tmp/sample.bin,writes,1,1,0,0,0,0,0,0,4,1130,0.053512900876141425,download_execute,T1105,1,synthetic macOS Endpoint Security-style fixture
evt-0348-2,2026-01-17 00:36:40+00:00,mac-003,user-45006,session-0348,2,softwareupdated,Finder,exec,/bin/sh,executes,1,1,0,0,0,0,0,0,5,234,0.03660327472758231,download_execute,T1059,1,synthetic macOS Endpoint Security-style fixture
evt-0348-3,2026-01-17 00:37:01+00:00,mac-003,user-45006,session-0348,3,Finder,backupd,file_write,/tmp/sample.bin,writes,1,1,0,0,0,0,0,0,5,302,0.015181246886094103,download_execute,T1222,1,synthetic macOS Endpoint Security-style fixture
evt-0348-4,2026-01-17 00:37:16+00:00,mac-003,user-45006,session-0348,4,backupd,mdworker,exec,/tmp/sample.bin,executes,1,1,0,0,0,0,0,0,3,735,0.09431070911311386,download_execute,T1204,1,synthetic macOS Endpoint Security-style fixture
evt-0348-5,2026-01-17 00:37:39+00:00,mac-003,user-45006,session-0348,5,mdworker,Safari,network_connect,control.example,connects,1,1,0,0,0,0,0,1,5,174,0.25865686264204474,download_execute,T1071,1,synthetic macOS Endpoint Security-style fixture
evt-0349-0,2026-01-17 00:46:00+00:00,mac-011,user-83383,session-0349,0,launchd,Mail,file_read,~/Pictures,reads,1,1,0,0,0,0,0,0,3,1810,0.04535301696670314,benign,,0,synthetic macOS Endpoint Security-style fixture
evt-0349-1,2026-01-17 00:46:19+00:00,mac-011,user-83383,session-0349,1,Mail,Calendar,network_connect,updates.example,connects,1,1,0,0,0,0,0,0,5,459,0.018222507503288958,benign,,0,synthetic macOS Endpoint Security-style fixture
evt-0349-2,2026-01-17 00:46:40+00:00,mac-011,user-83383,session-0349,2,Calendar,softwareupdated,auth,loginwindow,authenticates,1,1,0,0,0,0,0,0,3,574,0.03154385540543671,benign,,0,synthetic macOS Endpoint Security-style fixture
evt-0349-3,2026-01-17 00:46:59+00:00,mac-011,user-83383,session-0349,3,softwareupdated,softwareupdated,network_connect,calendar.example,connects,1,1,0,0,0,0,0,0,5,3797,0.02973567296064774,benign,,0,synthetic macOS Endpoint Security-style fixture
evt-0349-4,2026-01-17 00:47:18+00:00,mac-011,user-83383,session-0349,4,softwareupdated,Mail,exec,/usr/bin/open,executes,1,1,0,0,0,0,0,0,2,1046,0.020730593158627027,benign,,0,synthetic macOS Endpoint Security-style fixture
evt-0349-5,2026-01-17 00:47:38+00:00,mac-011,user-83383,session-0349,5,Mail,Finder,exec,/System/Library/CoreServices,executes,1,1,0,0,0,0,0,0,0,333,0.0,benign,,0,synthetic macOS Endpoint Security-style fixture
evt-0350-0,2026-01-17 00:50:04+00:00,mac-010,user-39031,session-0350,0,launchd,Safari,network_connect,download.example,connects,1,1,0,0,0,0,0,0,8,1901,0.04078239687202864,gatekeeper_bypass,T1105,1,synthetic macOS Endpoint Security-style fixture
evt-0350-1,2026-01-17 00:50:23+00:00,mac-010,user-39031,session-0350,1,Safari,Archive Utility,file_write,~/Downloads/demo.zip,writes,1,1,0,0,0,0,0,0,1,439,0.02932433338947066,gatekeeper_bypass,T1105,1,synthetic macOS Endpoint Security-style fixture
evt-0350-2,2026-01-17 00:50:38+00:00,mac-010,user-39031,session-0350,2,Archive Utility,xattr,exec,/usr/bin/xattr,executes,0,0,0,0,0,0,0,0,3,450,0.28296315499245284,gatekeeper_bypass,T1222,1,synthetic macOS Endpoint Security-style fixture
evt-0350-3,2026-01-17 00:50:59+00:00,mac-010,user-39031,session-0350,3,xattr,Finder,gatekeeper_bypass,unsigned-app.app,bypasses,0,0,1,0,0,0,0,0,1,6193,0.6023356444324853,gatekeeper_bypass,T1553.001,1,synthetic macOS Endpoint Security-style fixture
evt-0350-4,2026-01-17 00:51:17+00:00,mac-010,user-39031,session-0350,4,Finder,unsigned-app,exec,unsigned-app.app,executes,0,0,0,0,0,0,0,0,5,891,0.22817834434986667,gatekeeper_bypass,T1204,1,synthetic macOS Endpoint Security-style fixture
evt-0350-5,2026-01-17 00:51:37+00:00,mac-010,user-39031,session-0350,5,unsigned-app,unsigned-app,network_connect,callback.example,connects,0,0,0,0,0,0,0,1,6,1356,0.47267020047291625,gatekeeper_bypass,T1071,1,synthetic macOS Endpoint Security-style fixture
evt-0351-0,2026-01-17 00:59:04+00:00,mac-025,user-71522,session-0351,0,launchd,Terminal,exec,/bin/zsh,executes,1,1,0,0,0,0,0,0,4,3477,0.06541835768097931,credential_access,T1059,1,synthetic macOS Endpoint Security-style fixture
evt-0351-1,2026-01-17 00:59:22+00:00,mac-025,user-71522,session-0351,1,Terminal,zsh,exec,/usr/bin/python3,executes,1,1,0,0,0,0,0,0,3,999,0.004555787923359672,credential_access,T1059,1,synthetic macOS Endpoint Security-style fixture
evt-0351-2,2026-01-17 00:59:41+00:00,mac-025,user-71522,session-0351,2,zsh,python3,file_read,~/Library/Keychains/login.keychain-db,reads,0,0,0,0,0,0,1,0,6,1325,0.49201950457773286,credential_access,T1555.001,1,synthetic macOS Endpoint Security-style fixture
evt-0351-3,2026-01-17 01:00:00+00:00,mac-025,user-71522,session-0351,3,python3,python3,file_read,~/.ssh/id_ed25519,reads,0,0,0,0,0,0,1,0,5,884,0.46816685476467523,credential_access,T1552.004,1,synthetic macOS Endpoint Security-style fixture
evt-0351-4,2026-01-17 01:00:19+00:00,mac-025,user-71522,session-0351,4,python3,security,exec,/usr/bin/security,executes,0,0,0,0,0,0,0,0,4,1442,0.2482850721508632,credential_access,T1555,1,synthetic macOS Endpoint Security-style fixture
evt-0351-5,2026-01-17 01:00:37+00:00,mac-025,user-71522,session-0351,5,security,python3,network_connect,collector.example,connects,0,0,0,0,0,0,0,1,5,567,0.47489698709991757,credential_access,T1041,1,synthetic macOS Endpoint Security-style fixture
evt-0352-0,2026-01-17 01:08:01+00:00,mac-022,user-26427,session-0352,0,launchd,Calendar,file_read,~/Library/Preferences,reads,1,1,0,0,0,0,0,0,4,1153,0.002086247706561156,benign,,0,synthetic macOS Endpoint Security-style fixture
evt-0352-1,2026-01-17 01:08:21+00:00,mac-022,user-26427,session-0352,1,Calendar,Calendar,exec,/System/Library/CoreServices,executes,1,1,0,0,0,0,0,0,5,1766,0.04246611453695004,benign,,0,synthetic macOS Endpoint Security-style fixture
evt-0352-2,2026-01-17 01:08:40+00:00,mac-022,user-26427,session-0352,2,Calendar,Preview,exec,/System/Library/CoreServices,executes,1,1,0,0,0,0,0,0,2,1144,0.029934821431181813,benign,,0,synthetic macOS Endpoint Security-style fixture
evt-0352-3,2026-01-17 01:09:00+00:00,mac-022,user-26427,session-0352,3,Preview,Mail,auth,loginwindow,authenticates,1,1,0,0,0,0,0,0,5,2565,0.07681727463701765,benign,,0,synthetic macOS Endpoint Security-style fixture
evt-0352-4,2026-01-17 01:09:18+00:00,mac-022,user-26427,session-0352,4,Mail,backupd,network_connect,icloud.example,connects,1,1,0,0,0,0,0,0,2,1889,0.005993774477336934,benign,,0,synthetic macOS Endpoint Security-style fixture
evt-0352-5,2026-01-17 01:09:35+00:00,mac-022,user-26427,session-0352,5,backupd,backupd,file_read,~/Library/Preferences,reads,1,1,0,0,0,0,0,0,3,326,0.04939281634782942,benign,,0,synthetic macOS Endpoint Security-style fixture
evt-0353-0,2026-01-17 01:12:04+00:00,mac-006,user-48276,session-0353,0,launchd,Notes,file_read,/System/Library,reads,1,1,0,0,0,0,0,0,3,1226,0.06166932385917519,benign,,0,synthetic macOS Endpoint Security-style fixture
evt-0353-1,2026-01-17 01:12:23+00:00,mac-006,user-48276,session-0353,1,Notes,WindowServer,network_connect,icloud.example,connects,1,1,0,0,0,0,0,0,5,972,0.01624872934894049,benign,,0,synthetic macOS Endpoint Security-style fixture
evt-0353-2,2026-01-17 01:12:39+00:00,mac-006,user-48276,session-0353,2,WindowServer,Notes,file_read,~/Pictures,reads,1,1,0,0,0,0,0,0,3,1026,0.03354881683572734,benign,,0,synthetic macOS Endpoint Security-style fixture
evt-0353-3,2026-01-17 01:13:01+00:00,mac-006,user-48276,session-0353,3,Notes,Calendar,file_read,~/Library/Preferences,reads,1,1,0,0,0,0,0,0,2,5900,0.04633408476238586,benign,,0,synthetic macOS Endpoint Security-style fixture
evt-0353-4,2026-01-17 01:13:16+00:00,mac-006,user-48276,session-0353,4,Calendar,Calendar,file_write,~/Library/Preferences,writes,1,1,0,0,0,0,0,0,7,851,0.0,benign,,0,synthetic macOS Endpoint Security-style fixture
evt-0353-5,2026-01-17 01:13:37+00:00,mac-006,user-48276,session-0353,5,Calendar,softwareupdated,network_connect,updates.example,connects,1,1,0,0,0,0,0,0,0,632,0.0641288000835139,benign,,0,synthetic macOS Endpoint Security-style fixture
evt-0354-0,2026-01-17 01:21:02+00:00,mac-016,user-80113,session-0354,0,launchd,Safari,exec,/System/Applications,executes,1,1,0,0,0,0,0,0,2,633,0.06213100118894373,benign,,0,synthetic macOS Endpoint Security-style fixture
evt-0354-1,2026-01-17 01:21:20+00:00,mac-016,user-80113,session-0354,1,Safari,softwareupdated,file_read,~/Pictures,reads,1,1,0,0,0,0,0,0,2,1503,0.06518105776461898,benign,,0,synthetic macOS Endpoint Security-style fixture
evt-0354-2,2026-01-17 01:21:39+00:00,mac-016,user-80113,session-0354,2,softwareupdated,Preview,exec,/usr/bin/open,executes,1,1,0,0,0,0,0,0,4,3304,0.05458332408394142,benign,,0,synthetic macOS Endpoint Security-style fixture
evt-0354-3,2026-01-17 01:21:59+00:00,mac-016,user-80113,session-0354,3,Preview,mdworker,exec,/System/Applications,executes,1,1,0,0,0,0,0,0,3,2746,0.034305018158421005,benign,,0,synthetic macOS Endpoint Security-style fixture
evt-0354-4,2026-01-17 01:22:18+00:00,mac-016,user-80113,session-0354,4,mdworker,Preview,exec,/System/Library/CoreServices,executes,1,1,0,0,0,0,0,0,4,518,0.0,benign,,0,synthetic macOS Endpoint Security-style fixture
evt-0354-5,2026-01-17 01:22:38+00:00,mac-016,user-80113,session-0354,5,Preview,Mail,file_read,~/Library/Preferences,reads,1,1,0,0,0,0,0,0,3,2316,0.03011227274868427,benign,,0,synthetic macOS Endpoint Security-style fixture
evt-0355-0,2026-01-17 01:25:01+00:00,mac-006,user-03270,session-0355,0,launchd,WindowServer,exec,/System/Applications,executes,1,1,0,0,0,0,0,0,9,2894,0.034643264212449225,benign,,0,synthetic macOS Endpoint Security-style fixture
evt-0355-1,2026-01-17 01:25:23+00:00,mac-006,user-03270,session-0355,1,WindowServer,softwareupdated,auth,loginwindow,authenticates,1,1,0,0,0,0,0,0,9,7765,0.059640120986038464,benign,,0,synthetic macOS Endpoint Security-style fixture
evt-0355-2,2026-01-17 01:25:40+00:00,mac-006,user-03270,session-0355,2,softwareupdated,Mail,network_connect,icloud.example,connects,1,1,0,0,0,0,0,0,3,1040,0.03988984876887598,benign,,0,synthetic macOS Endpoint Security-style fixture
evt-0355-3,2026-01-17 01:25:59+00:00,mac-006,user-03270,session-0355,3,Mail,WindowServer,network_connect,mail.example,connects,1,1,0,0,0,0,0,0,6,420,0.005159355796254865,benign,,0,synthetic macOS Endpoint Security-style fixture
evt-0355-4,2026-01-17 01:26:19+00:00,mac-006,user-03270,session-0355,4,WindowServer,Mail,auth,loginwindow,authenticates,1,1,0,0,0,0,0,0,3,855,0.04843088696310368,benign,,0,synthetic macOS Endpoint Security-style fixture
evt-0355-5,2026-01-17 01:26:38+00:00,mac-006,user-03270,session-0355,5,Mail,Mail,file_read,~/Library/Preferences,reads,1,1,0,0,0,0,0,0,3,1268,0.05430717959124747,benign,,0,synthetic macOS Endpoint Security-style fixture
evt-0356-0,2026-01-17 01:36:01+00:00,mac-023,user-48276,session-0356,0,launchd,Notes,network_connect,updates.example,connects,1,1,0,0,0,0,0,0,3,622,0.0692299257083264,benign,,0,synthetic macOS Endpoint Security-style fixture
evt-0356-1,2026-01-17 01:36:19+00:00,mac-023,user-48276,session-0356,1,Notes,Notes,auth,loginwindow,authenticates,1,1,0,0,0,0,0,0,4,4729,0.08303558722772253,benign,,0,synthetic macOS Endpoint Security-style fixture
evt-0356-2,2026-01-17 01:36:39+00:00,mac-023,user-48276,session-0356,2,Notes,Finder,file_read,/System/Library,reads,1,1,0,0,0,0,0,0,3,703,0.049374878840192885,benign,,0,synthetic macOS Endpoint Security-style fixture
evt-0356-3,2026-01-17 01:36:59+00:00,mac-023,user-48276,session-0356,3,Finder,WindowServer,exec,/System/Library/CoreServices,executes,1,1,0,0,0,0,0,0,3,4296,0.005874277840252386,benign,,0,synthetic macOS Endpoint Security-style fixture
evt-0356-4,2026-01-17 01:37:20+00:00,mac-023,user-48276,session-0356,4,WindowServer,Preview,file_write,~/Pictures,writes,1,1,0,0,0,0,0,0,3,2993,0.07054512517851966,benign,,0,synthetic macOS Endpoint Security-style fixture
evt-0356-5,2026-01-17 01:37:38+00:00,mac-023,user-48276,session-0356,5,Preview,Safari,exec,/usr/bin/open,executes,1,1,0,0,0,0,0,0,4,731,0.025482561814691294,benign,,0,synthetic macOS Endpoint Security-style fixture
evt-0357-0,2026-01-17 01:42:03+00:00,mac-020,user-31748,session-0357,0,launchd,softwareupdated,file_read,~/Documents,reads,1,1,0,0,0,0,0,0,7,405,0.055985070759649785,benign,,0,synthetic macOS Endpoint Security-style fixture
evt-0357-1,2026-01-17 01:42:19+00:00,mac-020,user-31748,session-0357,1,softwareupdated,backupd,network_connect,icloud.example,connects,1,1,0,0,0,0,0,0,5,1560,0.008562201033627495,benign,,0,synthetic macOS Endpoint Security-style fixture
evt-0357-2,2026-01-17 01:42:42+00:00,mac-020,user-31748,session-0357,2,backupd,Safari,network_connect,mail.example,connects,1,1,0,0,0,0,0,0,5,2047,0.06322039450315345,benign,,0,synthetic macOS Endpoint Security-style fixture
evt-0357-3,2026-01-17 01:43:00+00:00,mac-020,user-31748,session-0357,3,Safari,Safari,file_write,/System/Library,writes,1,1,0,0,0,0,0,0,7,1902,0.02201199551322782,benign,,0,synthetic macOS Endpoint Security-style fixture
evt-0357-4,2026-01-17 01:43:18+00:00,mac-020,user-31748,session-0357,4,Safari,Safari,network_connect,icloud.example,connects,1,1,0,0,0,0,0,0,7,270,0.09103846960792361,benign,,0,synthetic macOS Endpoint Security-style fixture
evt-0357-5,2026-01-17 01:43:37+00:00,mac-020,user-31748,session-0357,5,Safari,Calendar,file_write,~/Documents,writes,1,1,0,0,0,0,0,0,4,1039,0.03703178273292001,benign,,0,synthetic macOS Endpoint Security-style fixture
evt-0358-0,2026-01-17 01:50:03+00:00,mac-001,user-65547,session-0358,0,launchd,Calendar,file_read,~/Library/Preferences,reads,1,1,0,0,0,0,0,0,4,6283,0.012595819132334988,benign,,0,synthetic macOS Endpoint Security-style fixture
evt-0358-1,2026-01-17 01:50:22+00:00,mac-001,user-65547,session-0358,1,Calendar,Notes,exec,/usr/bin/open,executes,1,1,0,0,0,0,0,0,3,1089,0.04147037040522261,benign,,0,synthetic macOS Endpoint Security-style fixture
evt-0358-2,2026-01-17 01:50:40+00:00,mac-001,user-65547,session-0358,2,Notes,softwareupdated,file_read,~/Library/Preferences,reads,1,1,0,0,0,0,0,0,2,1033,0.006945794556925358,benign,,0,synthetic macOS Endpoint Security-style fixture
evt-0358-3,2026-01-17 01:51:01+00:00,mac-001,user-65547,session-0358,3,softwareupdated,mdworker,exec,/System/Library/CoreServices,executes,1,1,0,0,0,0,0,0,4,1119,0.02574972360976601,benign,,0,synthetic macOS Endpoint Security-style fixture
evt-0358-4,2026-01-17 01:51:16+00:00,mac-001,user-65547,session-0358,4,mdworker,mdworker,network_connect,calendar.example,connects,1,1,0,0,0,0,0,0,5,2204,0.06086924046820262,benign,,0,synthetic macOS Endpoint Security-style fixture
evt-0358-5,2026-01-17 01:51:38+00:00,mac-001,user-65547,session-0358,5,mdworker,softwareupdated,exec,/System/Applications,executes,1,1,0,0,0,0,0,0,5,205,0.01694033018538332,benign,,0,synthetic macOS Endpoint Security-style fixture
evt-0359-0,2026-01-17 01:57:00+00:00,mac-005,user-12515,session-0359,0,launchd,Mail,file_write,~/Documents,writes,1,1,0,0,0,0,0,0,1,3889,0.04205659719723748,benign,,0,synthetic macOS Endpoint Security-style fixture
evt-0359-1,2026-01-17 01:57:23+00:00,mac-005,user-12515,session-0359,1,Mail,mdworker,exec,/System/Applications,executes,1,1,0,0,0,0,0,0,4,1164,0.07418297094375587,benign,,0,synthetic macOS Endpoint Security-style fixture
evt-0359-2,2026-01-17 01:57:42+00:00,mac-005,user-12515,session-0359,2,mdworker,Notes,exec,/usr/bin/open,executes,1,1,0,0,0,0,0,0,1,487,0.031955863112412726,benign,,0,synthetic macOS Endpoint Security-style fixture
evt-0359-3,2026-01-17 01:57:57+00:00,mac-005,user-12515,session-0359,3,Notes,Safari,file_read,~/Library/Preferences,reads,1,1,0,0,0,0,0,0,8,838,0.0008422590991290016,benign,,0,synthetic macOS Endpoint Security-style fixture
evt-0359-4,2026-01-17 01:58:20+00:00,mac-005,user-12515,session-0359,4,Safari,Preview,file_read,~/Library/Preferences,reads,1,1,0,0,0,0,0,0,3,525,0.051123553551642456,benign,,0,synthetic macOS Endpoint Security-style fixture
evt-0359-5,2026-01-17 01:58:39+00:00,mac-005,user-12515,session-0359,5,Preview,backupd,file_read,~/Library/Preferences,reads,1,1,0,0,0,0,0,0,5,318,0.07804472433089274,benign,,0,synthetic macOS Endpoint Security-style fixture
evt-0360-0,2026-01-17 02:03:03+00:00,mac-027,user-32402,session-0360,0,launchd,backupd,file_read,~/Pictures,reads,1,1,0,0,0,0,0,0,1,492,0.06864405720977222,benign,,0,synthetic macOS Endpoint Security-style fixture
evt-0360-1,2026-01-17 02:03:23+00:00,mac-027,user-32402,session-0360,1,backupd,softwareupdated,file_read,~/Library/Preferences,reads,1,1,0,0,0,0,0,0,0,1326,0.012225734211197496,benign,,0,synthetic macOS Endpoint Security-style fixture
evt-0360-2,2026-01-17 02:03:41+00:00,mac-027,user-32402,session-0360,2,softwareupdated,Finder,network_connect,updates.example,connects,1,1,0,0,0,0,0,0,3,1344,0.10155546862606155,benign,,0,synthetic macOS Endpoint Security-style fixture
evt-0360-3,2026-01-17 02:03:57+00:00,mac-027,user-32402,session-0360,3,Finder,mdworker,network_connect,mail.example,connects,1,1,0,0,0,0,0,0,5,1739,0.049036886202213796,benign,,0,synthetic macOS Endpoint Security-style fixture
evt-0360-4,2026-01-17 02:04:19+00:00,mac-027,user-32402,session-0360,4,mdworker,softwareupdated,file_write,~/Library/Preferences,writes,1,1,0,0,0,0,0,0,1,1605,0.0355530851330907,benign,,0,synthetic macOS Endpoint Security-style fixture
evt-0360-5,2026-01-17 02:04:38+00:00,mac-027,user-32402,session-0360,5,softwareupdated,Preview,auth,loginwindow,authenticates,1,1,0,0,0,0,0,0,7,1216,0.03493707177745274,benign,,0,synthetic macOS Endpoint Security-style fixture
evt-0361-0,2026-01-17 02:08:04+00:00,mac-008,user-00654,session-0361,0,launchd,Terminal,exec,/bin/zsh,executes,1,1,0,0,0,0,0,0,3,377,0.04793497206200778,benign,,0,synthetic macOS Endpoint Security-style fixture
evt-0361-1,2026-01-17 02:08:21+00:00,mac-008,user-00654,session-0361,1,Terminal,zsh,exec,/usr/local/bin/brew,executes,0,0,0,0,0,0,0,0,5,717,0.23740664621211202,benign,,0,synthetic macOS Endpoint Security-style fixture
evt-0361-2,2026-01-17 02:08:39+00:00,mac-008,user-00654,session-0361,2,zsh,brew,network_connect,packages.example,connects,0,0,0,0,0,0,0,0,7,921,0.2818631845353091,benign,,0,synthetic macOS Endpoint Security-style fixture
evt-0361-3,2026-01-17 02:09:01+00:00,mac-008,user-00654,session-0361,3,brew,softwareupdated,file_write,/Library/Updates,writes,1,1,0,0,0,1,0,0,66,1059,0.35781710618725937,benign,,0,synthetic macOS Endpoint Security-style fixture
evt-0361-4,2026-01-17 02:09:20+00:00,mac-008,user-00654,session-0361,4,softwareupdated,security,file_read,login.keychain-db,reads,1,1,0,0,0,0,1,0,5,966,0.2957597430346911,benign,,0,synthetic macOS Endpoint Security-style fixture
evt-0361-5,2026-01-17 02:09:39+00:00,mac-008,user-00654,session-0361,5,security,backupd,network_connect,backup.example,connects,1,1,0,0,0,0,0,1,5,34876,0.23137008627850822,benign,,0,synthetic macOS Endpoint Security-style fixture
evt-0362-0,2026-01-17 02:15:02+00:00,mac-005,user-46314,session-0362,0,launchd,Mail,file_write,~/Pictures,writes,1,1,0,0,0,0,0,0,5,1041,0.07422203827250982,benign,,0,synthetic macOS Endpoint Security-style fixture
evt-0362-1,2026-01-17 02:15:19+00:00,mac-005,user-46314,session-0362,1,Mail,softwareupdated,exec,/System/Applications,executes,1,1,0,0,0,0,0,0,2,1874,0.0742099835512601,benign,,0,synthetic macOS Endpoint Security-style fixture
evt-0362-2,2026-01-17 02:15:38+00:00,mac-005,user-46314,session-0362,2,softwareupdated,Notes,exec,/usr/bin/open,executes,1,1,0,0,0,0,0,0,3,2139,0.015072719177324681,benign,,0,synthetic macOS Endpoint Security-style fixture
evt-0362-3,2026-01-17 02:15:59+00:00,mac-005,user-46314,session-0362,3,Notes,Safari,file_read,~/Documents,reads,1,1,0,0,0,0,0,0,5,2819,0.039848469269793726,benign,,0,synthetic macOS Endpoint Security-style fixture
evt-0362-4,2026-01-17 02:16:17+00:00,mac-005,user-46314,session-0362,4,Safari,softwareupdated,exec,/System/Applications,executes,1,1,0,0,0,0,0,0,3,604,0.022067770091994114,benign,,0,synthetic macOS Endpoint Security-style fixture
evt-0362-5,2026-01-17 02:16:39+00:00,mac-005,user-46314,session-0362,5,softwareupdated,Finder,file_write,~/Documents,writes,1,1,0,0,0,0,0,0,3,4961,0.05693312534804423,benign,,0,synthetic macOS Endpoint Security-style fixture
evt-0363-0,2026-01-17 02:22:04+00:00,mac-024,user-39031,session-0363,0,launchd,Notes,file_write,~/Pictures,writes,1,1,0,0,0,0,0,0,2,1069,0.07623797435726606,benign,,0,synthetic macOS Endpoint Security-style fixture
evt-0363-1,2026-01-17 02:22:22+00:00,mac-024,user-39031,session-0363,1,Notes,WindowServer,auth,loginwindow,authenticates,1,1,0,0,0,0,0,0,7,2694,0.0317825798173897,benign,,0,synthetic macOS Endpoint Security-style fixture
evt-0363-2,2026-01-17 02:22:39+00:00,mac-024,user-39031,session-0363,2,WindowServer,Mail,exec,/System/Library/CoreServices,executes,1,1,0,0,0,0,0,0,7,924,0.0,benign,,0,synthetic macOS Endpoint Security-style fixture
evt-0363-3,2026-01-17 02:22:58+00:00,mac-024,user-39031,session-0363,3,Mail,Preview,file_read,~/Pictures,reads,1,1,0,0,0,0,0,0,6,285,0.05334400457691738,benign,,0,synthetic macOS Endpoint Security-style fixture
evt-0363-4,2026-01-17 02:23:19+00:00,mac-024,user-39031,session-0363,4,Preview,Mail,exec,/System/Applications,executes,1,1,0,0,0,0,0,0,3,1014,0.016989842293250693,benign,,0,synthetic macOS Endpoint Security-style fixture
evt-0363-5,2026-01-17 02:23:36+00:00,mac-024,user-39031,session-0363,5,Mail,backupd,exec,/System/Library/CoreServices,executes,1,1,0,0,0,0,0,0,5,5448,0.08998507619449123,benign,,0,synthetic macOS Endpoint Security-style fixture
evt-0364-0,2026-01-17 02:28:04+00:00,mac-011,user-69471,session-0364,0,launchd,Finder,exec,/System/Applications,executes,1,1,0,0,0,0,0,0,4,3191,0.049662948385811326,benign,,0,synthetic macOS Endpoint Security-style fixture
evt-0364-1,2026-01-17 02:28:23+00:00,mac-011,user-69471,session-0364,1,Finder,Safari,file_read,/System/Library,reads,1,1,0,0,0,0,0,0,1,2057,0.05014496884553572,benign,,0,synthetic macOS Endpoint Security-style fixture
evt-0364-2,2026-01-17 02:28:42+00:00,mac-011,user-69471,session-0364,2,Safari,mdworker,exec,/usr/bin/open,executes,1,1,0,0,0,0,0,0,4,1720,0.02486282536957659,benign,,0,synthetic macOS Endpoint Security-style fixture
evt-0364-3,2026-01-17 02:29:00+00:00,mac-011,user-69471,session-0364,3,mdworker,Calendar,file_write,/System/Library,writes,1,1,0,0,0,0,0,0,5,1043,0.04462907349335037,benign,,0,synthetic macOS Endpoint Security-style fixture
evt-0364-4,2026-01-17 02:29:16+00:00,mac-011,user-69471,session-0364,4,Calendar,Preview,network_connect,calendar.example,connects,1,1,0,0,0,0,0,0,4,1737,0.08598844138739364,benign,,0,synthetic macOS Endpoint Security-style fixture
evt-0364-5,2026-01-17 02:29:36+00:00,mac-011,user-69471,session-0364,5,Preview,mdworker,exec,/System/Applications,executes,1,1,0,0,0,0,0,0,6,3925,0.018545054547977537,benign,,0,synthetic macOS Endpoint Security-style fixture
evt-0365-0,2026-01-17 02:37:04+00:00,mac-004,user-40993,session-0365,0,launchd,Mail,network_connect,icloud.example,connects,1,1,0,0,0,0,0,0,6,662,0.048006954767475525,benign,,0,synthetic macOS Endpoint Security-style fixture
evt-0365-1,2026-01-17 02:37:22+00:00,mac-004,user-40993,session-0365,1,Mail,WindowServer,network_connect,mail.example,connects,1,1,0,0,0,0,0,0,2,1101,0.03128501278979004,benign,,0,synthetic macOS Endpoint Security-style fixture
evt-0365-2,2026-01-17 02:37:42+00:00,mac-004,user-40993,session-0365,2,WindowServer,Notes,file_write,~/Pictures,writes,1,1,0,0,0,0,0,0,2,1030,0.03099151591303636,benign,,0,synthetic macOS Endpoint Security-style fixture
evt-0365-3,2026-01-17 02:37:58+00:00,mac-004,user-40993,session-0365,3,Notes,Preview,file_write,~/Library/Preferences,writes,1,1,0,0,0,0,0,0,2,1796,0.0,benign,,0,synthetic macOS Endpoint Security-style fixture
evt-0365-4,2026-01-17 02:38:18+00:00,mac-004,user-40993,session-0365,4,Preview,Notes,network_connect,calendar.example,connects,1,1,0,0,0,0,0,0,2,1465,0.0484561193609236,benign,,0,synthetic macOS Endpoint Security-style fixture
evt-0365-5,2026-01-17 02:38:36+00:00,mac-004,user-40993,session-0365,5,Notes,Mail,network_connect,mail.example,connects,1,1,0,0,0,0,0,0,5,5378,0.06448148258134484,benign,,0,synthetic macOS Endpoint Security-style fixture
evt-0366-0,2026-01-17 02:46:04+00:00,mac-007,user-69471,session-0366,0,launchd,backupd,network_connect,icloud.example,connects,1,1,0,0,0,0,0,0,9,2071,0.0784579909158149,benign,,0,synthetic macOS Endpoint Security-style fixture
evt-0366-1,2026-01-17 02:46:23+00:00,mac-007,user-69471,session-0366,1,backupd,Notes,network_connect,icloud.example,connects,1,1,0,0,0,0,0,0,4,2807,0.0,benign,,0,synthetic macOS Endpoint Security-style fixture
evt-0366-2,2026-01-17 02:46:40+00:00,mac-007,user-69471,session-0366,2,Notes,Finder,file_read,~/Pictures,reads,1,1,0,0,0,0,0,0,6,2003,0.008056439358640151,benign,,0,synthetic macOS Endpoint Security-style fixture
evt-0366-3,2026-01-17 02:46:57+00:00,mac-007,user-69471,session-0366,3,Finder,softwareupdated,network_connect,calendar.example,connects,1,1,0,0,0,0,0,0,4,2804,0.04357833094061297,benign,,0,synthetic macOS Endpoint Security-style fixture
evt-0366-4,2026-01-17 02:47:20+00:00,mac-007,user-69471,session-0366,4,softwareupdated,WindowServer,file_read,~/Pictures,reads,1,1,0,0,0,0,0,0,5,3559,0.07379272763431138,benign,,0,synthetic macOS Endpoint Security-style fixture
evt-0366-5,2026-01-17 02:47:39+00:00,mac-007,user-69471,session-0366,5,WindowServer,Calendar,network_connect,updates.example,connects,1,1,0,0,0,0,0,0,0,1375,0.06817329791650192,benign,,0,synthetic macOS Endpoint Security-style fixture
evt-0367-0,2026-01-17 02:50:01+00:00,mac-002,user-39031,session-0367,0,launchd,Mail,file_read,/System/Library,reads,1,1,0,0,0,0,0,0,5,2464,0.08492050168776616,benign,,0,synthetic macOS Endpoint Security-style fixture
evt-0367-1,2026-01-17 02:50:23+00:00,mac-002,user-39031,session-0367,1,Mail,Mail,network_connect,mail.example,connects,1,1,0,0,0,0,0,0,3,3150,0.001456815660115636,benign,,0,synthetic macOS Endpoint Security-style fixture
evt-0367-2,2026-01-17 02:50:40+00:00,mac-002,user-39031,session-0367,2,Mail,Finder,file_write,~/Pictures,writes,1,1,0,0,0,0,0,0,3,5579,0.05074403025018261,benign,,0,synthetic macOS Endpoint Security-style fixture
evt-0367-3,2026-01-17 02:50:58+00:00,mac-002,user-39031,session-0367,3,Finder,mdworker,auth,loginwindow,authenticates,1,1,0,0,0,0,0,0,6,1279,0.027684719665930953,benign,,0,synthetic macOS Endpoint Security-style fixture
evt-0367-4,2026-01-17 02:51:19+00:00,mac-002,user-39031,session-0367,4,mdworker,Mail,exec,/usr/bin/open,executes,1,1,0,0,0,0,0,0,3,529,0.06514878226435455,benign,,0,synthetic macOS Endpoint Security-style fixture
evt-0367-5,2026-01-17 02:51:35+00:00,mac-002,user-39031,session-0367,5,Mail,Finder,file_read,~/Library/Preferences,reads,1,1,0,0,0,0,0,0,2,2725,0.03359473940927306,benign,,0,synthetic macOS Endpoint Security-style fixture
evt-0368-0,2026-01-17 03:00:00+00:00,mac-009,user-79459,session-0368,0,launchd,Preview,exec,/System/Library/CoreServices,executes,1,1,0,0,0,0,0,0,7,1626,0.025846178595854037,benign,,0,synthetic macOS Endpoint Security-style fixture
evt-0368-1,2026-01-17 03:00:22+00:00,mac-009,user-79459,session-0368,1,Preview,Safari,auth,loginwindow,authenticates,1,1,0,0,0,0,0,0,0,1446,0.08434027241635692,benign,,0,synthetic macOS Endpoint Security-style fixture
evt-0368-2,2026-01-17 03:00:40+00:00,mac-009,user-79459,session-0368,2,Safari,Mail,file_read,/System/Library,reads,1,1,0,0,0,0,0,0,1,2585,0.003464359132882254,benign,,0,synthetic macOS Endpoint Security-style fixture
evt-0368-3,2026-01-17 03:00:58+00:00,mac-009,user-79459,session-0368,3,Mail,backupd,file_read,~/Documents,reads,1,1,0,0,0,0,0,0,5,2484,0.08423191926350515,benign,,0,synthetic macOS Endpoint Security-style fixture
evt-0368-4,2026-01-17 03:01:19+00:00,mac-009,user-79459,session-0368,4,backupd,Finder,network_connect,calendar.example,connects,1,1,0,0,0,0,0,0,1,2980,0.0,benign,,0,synthetic macOS Endpoint Security-style fixture
evt-0368-5,2026-01-17 03:01:36+00:00,mac-009,user-79459,session-0368,5,Finder,softwareupdated,auth,loginwindow,authenticates,1,1,0,0,0,0,0,0,4,476,0.021033356766531196,benign,,0,synthetic macOS Endpoint Security-style fixture
evt-0369-0,2026-01-17 03:03:02+00:00,mac-004,user-40339,session-0369,0,launchd,backupd,network_connect,calendar.example,connects,1,1,0,0,0,0,0,0,4,3249,0.04417901626217116,benign,,0,synthetic macOS Endpoint Security-style fixture
evt-0369-1,2026-01-17 03:03:20+00:00,mac-004,user-40339,session-0369,1,backupd,Preview,exec,/System/Library/CoreServices,executes,1,1,0,0,0,0,0,0,6,4671,0.05676535214471074,benign,,0,synthetic macOS Endpoint Security-style fixture
evt-0369-2,2026-01-17 03:03:41+00:00,mac-004,user-40339,session-0369,2,Preview,backupd,file_read,~/Library/Preferences,reads,1,1,0,0,0,0,0,0,7,3281,0.033780505226299676,benign,,0,synthetic macOS Endpoint Security-style fixture
evt-0369-3,2026-01-17 03:03:59+00:00,mac-004,user-40339,session-0369,3,backupd,WindowServer,exec,/usr/bin/open,executes,1,1,0,0,0,0,0,0,7,791,0.02012090575837001,benign,,0,synthetic macOS Endpoint Security-style fixture
evt-0369-4,2026-01-17 03:04:17+00:00,mac-004,user-40339,session-0369,4,WindowServer,backupd,auth,loginwindow,authenticates,1,1,0,0,0,0,0,0,4,1840,0.06480260807287762,benign,,0,synthetic macOS Endpoint Security-style fixture
evt-0369-5,2026-01-17 03:04:36+00:00,mac-004,user-40339,session-0369,5,backupd,Notes,file_write,/System/Library,writes,1,1,0,0,0,0,0,0,9,1425,0.0016173424459698313,benign,,0,synthetic macOS Endpoint Security-style fixture
evt-0370-0,2026-01-17 03:13:00+00:00,mac-029,user-73484,session-0370,0,launchd,Preview,file_read,~/Pictures,reads,1,1,0,0,0,0,0,0,4,1298,0.10173916991817966,benign,,0,synthetic macOS Endpoint Security-style fixture
evt-0370-1,2026-01-17 03:13:21+00:00,mac-029,user-73484,session-0370,1,Preview,Finder,file_read,~/Pictures,reads,1,1,0,0,0,0,0,0,1,842,0.05536082401501949,benign,,0,synthetic macOS Endpoint Security-style fixture
evt-0370-2,2026-01-17 03:13:39+00:00,mac-029,user-73484,session-0370,2,Finder,Finder,file_read,~/Library/Preferences,reads,1,1,0,0,0,0,0,0,7,1855,0.06960076374197723,benign,,0,synthetic macOS Endpoint Security-style fixture
evt-0370-3,2026-01-17 03:13:59+00:00,mac-029,user-73484,session-0370,3,Finder,softwareupdated,file_read,~/Library/Preferences,reads,1,1,0,0,0,0,0,0,3,341,0.03305116168353755,benign,,0,synthetic macOS Endpoint Security-style fixture
evt-0370-4,2026-01-17 03:14:18+00:00,mac-029,user-73484,session-0370,4,softwareupdated,mdworker,network_connect,icloud.example,connects,1,1,0,0,0,0,0,0,3,5408,0.06488996898755559,benign,,0,synthetic macOS Endpoint Security-style fixture
evt-0370-5,2026-01-17 03:14:37+00:00,mac-029,user-73484,session-0370,5,mdworker,Notes,network_connect,updates.example,connects,1,1,0,0,0,0,0,0,2,845,0.039908520262441724,benign,,0,synthetic macOS Endpoint Security-style fixture
evt-0371-0,2026-01-17 03:21:00+00:00,mac-022,user-97949,session-0371,0,launchd,Safari,auth,loginwindow,authenticates,1,1,0,0,0,0,0,0,2,1799,0.01645050850617472,benign,,0,synthetic macOS Endpoint Security-style fixture
evt-0371-1,2026-01-17 03:21:23+00:00,mac-022,user-97949,session-0371,1,Safari,Mail,network_connect,calendar.example,connects,1,1,0,0,0,0,0,0,9,426,0.03276062115299799,benign,,0,synthetic macOS Endpoint Security-style fixture
evt-0371-2,2026-01-17 03:21:39+00:00,mac-022,user-97949,session-0371,2,Mail,softwareupdated,file_read,~/Library/Preferences,reads,1,1,0,0,0,0,0,0,6,4357,0.007910514419169956,benign,,0,synthetic macOS Endpoint Security-style fixture
evt-0371-3,2026-01-17 03:21:58+00:00,mac-022,user-97949,session-0371,3,softwareupdated,Safari,file_write,~/Library/Preferences,writes,1,1,0,0,0,0,0,0,4,6712,0.038730208050109925,benign,,0,synthetic macOS Endpoint Security-style fixture
evt-0371-4,2026-01-17 03:22:18+00:00,mac-022,user-97949,session-0371,4,Safari,Safari,exec,/System/Library/CoreServices,executes,1,1,0,0,0,0,0,0,4,383,0.022449658458505994,benign,,0,synthetic macOS Endpoint Security-style fixture
evt-0371-5,2026-01-17 03:22:37+00:00,mac-022,user-97949,session-0371,5,Safari,mdworker,network_connect,updates.example,connects,1,1,0,0,0,0,0,0,4,699,0.0,benign,,0,synthetic macOS Endpoint Security-style fixture
evt-0372-0,2026-01-17 03:27:00+00:00,mac-016,user-73484,session-0372,0,launchd,WindowServer,file_read,~/Library/Preferences,reads,1,1,0,0,0,0,0,0,2,1978,0.02424758231438235,benign,,0,synthetic macOS Endpoint Security-style fixture
evt-0372-1,2026-01-17 03:27:20+00:00,mac-016,user-73484,session-0372,1,WindowServer,Safari,network_connect,calendar.example,connects,1,1,0,0,0,0,0,0,3,760,0.031373632421165185,benign,,0,synthetic macOS Endpoint Security-style fixture
evt-0372-2,2026-01-17 03:27:41+00:00,mac-016,user-73484,session-0372,2,Safari,mdworker,file_write,~/Pictures,writes,1,1,0,0,0,0,0,0,2,830,0.05219932140282923,benign,,0,synthetic macOS Endpoint Security-style fixture
evt-0372-3,2026-01-17 03:28:01+00:00,mac-016,user-73484,session-0372,3,mdworker,Preview,file_write,/System/Library,writes,1,1,0,0,0,0,0,0,2,1413,0.0005329225962043757,benign,,0,synthetic macOS Endpoint Security-style fixture
evt-0372-4,2026-01-17 03:28:16+00:00,mac-016,user-73484,session-0372,4,Preview,Notes,network_connect,updates.example,connects,1,1,0,0,0,0,0,0,1,887,0.06339450158920326,benign,,0,synthetic macOS Endpoint Security-style fixture
evt-0372-5,2026-01-17 03:28:38+00:00,mac-016,user-73484,session-0372,5,Notes,mdworker,file_read,~/Documents,reads,1,1,0,0,0,0,0,0,4,329,0.04372238695265236,benign,,0,synthetic macOS Endpoint Security-style fixture
evt-0373-0,2026-01-17 03:35:02+00:00,mac-027,user-24465,session-0373,0,launchd,Safari,network_connect,update.example,connects,1,1,0,0,0,0,0,0,4,1176,0.03266096217585675,launchagent_persistence,T1105,1,synthetic macOS Endpoint Security-style fixture
evt-0373-1,2026-01-17 03:35:20+00:00,mac-027,user-24465,session-0373,1,Safari,installer,file_write,/tmp/helper,writes,1,1,0,0,0,0,0,0,5,1978,0.07489452396718017,launchagent_persistence,T1105,1,synthetic macOS Endpoint Security-style fixture
evt-0373-2,2026-01-17 03:35:42+00:00,mac-027,user-24465,session-0373,2,installer,sh,exec,/bin/sh,executes,0,0,0,0,0,0,0,0,5,1012,0.25904735105377974,launchagent_persistence,T1059,1,synthetic macOS Endpoint Security-style fixture
evt-0373-3,2026-01-17 03:35:57+00:00,mac-027,user-24465,session-0373,3,sh,defaults,file_write,~/Library/LaunchAgents/com.demo.agent.plist,writes,0,0,0,0,0,1,0,0,2,552,0.5330849625436606,launchagent_persistence,T1543.001,1,synthetic macOS Endpoint Security-style fixture
evt-0373-4,2026-01-17 03:36:20+00:00,mac-027,user-24465,session-0373,4,defaults,launchctl,exec,com.demo.agent,executes,0,0,0,0,1,1,0,0,2,566,0.5130973718890987,launchagent_persistence,T1543.001,1,synthetic macOS Endpoint Security-style fixture
evt-0373-5,2026-01-17 03:36:38+00:00,mac-027,user-24465,session-0373,5,launchctl,helper,exec,/tmp/helper,executes,0,0,0,0,0,0,0,0,3,1597,0.2517504253894663,launchagent_persistence,T1204,1,synthetic macOS Endpoint Security-style fixture
evt-0374-0,2026-01-17 03:41:00+00:00,mac-016,user-74792,session-0374,0,launchd,Safari,network_connect,download.example,connects,1,1,0,0,0,0,0,0,6,2821,0.05156135440119623,gatekeeper_bypass,T1105,1,synthetic macOS Endpoint Security-style fixture
evt-0374-1,2026-01-17 03:41:20+00:00,mac-016,user-74792,session-0374,1,Safari,Archive Utility,file_write,~/Downloads/demo.zip,writes,1,1,0,0,0,0,0,0,8,3270,0.07099220611271041,gatekeeper_bypass,T1105,1,synthetic macOS Endpoint Security-style fixture
evt-0374-2,2026-01-17 03:41:42+00:00,mac-016,user-74792,session-0374,2,Archive Utility,xattr,exec,/usr/bin/xattr,executes,0,0,0,0,0,0,0,0,5,2538,0.22391648893179864,gatekeeper_bypass,T1222,1,synthetic macOS Endpoint Security-style fixture
evt-0374-3,2026-01-17 03:42:00+00:00,mac-016,user-74792,session-0374,3,xattr,Finder,gatekeeper_bypass,unsigned-app.app,bypasses,0,0,1,0,0,0,0,0,3,1435,0.6021702076989836,gatekeeper_bypass,T1553.001,1,synthetic macOS Endpoint Security-style fixture
evt-0374-4,2026-01-17 03:42:18+00:00,mac-016,user-74792,session-0374,4,Finder,unsigned-app,exec,unsigned-app.app,executes,0,0,0,0,0,0,0,0,5,4613,0.28849963156820563,gatekeeper_bypass,T1204,1,synthetic macOS Endpoint Security-style fixture
evt-0374-5,2026-01-17 03:42:39+00:00,mac-016,user-74792,session-0374,5,unsigned-app,unsigned-app,network_connect,callback.example,connects,0,0,0,0,0,0,0,1,3,1695,0.4510150913245974,gatekeeper_bypass,T1071,1,synthetic macOS Endpoint Security-style fixture
evt-0375-0,2026-01-17 03:46:02+00:00,mac-015,user-90012,session-0375,0,launchd,mdworker,network_connect,mail.example,connects,1,1,0,0,0,0,0,0,5,258,0.038956257312466096,benign,,0,synthetic macOS Endpoint Security-style fixture
evt-0375-1,2026-01-17 03:46:22+00:00,mac-015,user-90012,session-0375,1,mdworker,Notes,file_write,~/Documents,writes,1,1,0,0,0,0,0,0,2,3707,0.03799545072292808,benign,,0,synthetic macOS Endpoint Security-style fixture
evt-0375-2,2026-01-17 03:46:40+00:00,mac-015,user-90012,session-0375,2,Notes,Finder,network_connect,icloud.example,connects,1,1,0,0,0,0,0,0,6,4146,0.03080427881495704,benign,,0,synthetic macOS Endpoint Security-style fixture
evt-0375-3,2026-01-17 03:46:58+00:00,mac-015,user-90012,session-0375,3,Finder,softwareupdated,network_connect,updates.example,connects,1,1,0,0,0,0,0,0,7,1189,0.05618930249600046,benign,,0,synthetic macOS Endpoint Security-style fixture
evt-0375-4,2026-01-17 03:47:16+00:00,mac-015,user-90012,session-0375,4,softwareupdated,Finder,network_connect,updates.example,connects,1,1,0,0,0,0,0,0,4,2485,0.04875845560181328,benign,,0,synthetic macOS Endpoint Security-style fixture
evt-0375-5,2026-01-17 03:47:37+00:00,mac-015,user-90012,session-0375,5,Finder,Calendar,network_connect,updates.example,connects,1,1,0,0,0,0,0,0,6,2453,0.002994899323982489,benign,,0,synthetic macOS Endpoint Security-style fixture
evt-0376-0,2026-01-17 03:53:02+00:00,mac-005,user-54251,session-0376,0,launchd,Safari,file_read,/System/Library,reads,1,1,0,0,0,0,0,0,5,1336,0.04249931943730926,benign,,0,synthetic macOS Endpoint Security-style fixture
evt-0376-1,2026-01-17 03:53:22+00:00,mac-005,user-54251,session-0376,1,Safari,backupd,file_write,~/Documents,writes,1,1,0,0,0,0,0,0,3,286,0.09011204217187738,benign,,0,synthetic macOS Endpoint Security-style fixture
evt-0376-2,2026-01-17 03:53:38+00:00,mac-005,user-54251,session-0376,2,backupd,Mail,network_connect,icloud.example,connects,1,1,0,0,0,0,0,0,6,917,0.0539909061576116,benign,,0,synthetic macOS Endpoint Security-style fixture
evt-0376-3,2026-01-17 03:53:59+00:00,mac-005,user-54251,session-0376,3,Mail,backupd,network_connect,calendar.example,connects,1,1,0,0,0,0,0,0,3,1360,0.0,benign,,0,synthetic macOS Endpoint Security-style fixture
evt-0376-4,2026-01-17 03:54:18+00:00,mac-005,user-54251,session-0376,4,backupd,Safari,network_connect,calendar.example,connects,1,1,0,0,0,0,0,0,5,845,0.03959325841825506,benign,,0,synthetic macOS Endpoint Security-style fixture
evt-0376-5,2026-01-17 03:54:39+00:00,mac-005,user-54251,session-0376,5,Safari,WindowServer,network_connect,updates.example,connects,1,1,0,0,0,0,0,0,6,1305,0.0592684481363984,benign,,0,synthetic macOS Endpoint Security-style fixture
evt-0377-0,2026-01-17 04:01:03+00:00,mac-004,user-91320,session-0377,0,launchd,Calendar,exec,/System/Applications,executes,1,1,0,0,0,0,0,0,3,888,0.02472857426519906,benign,,0,synthetic macOS Endpoint Security-style fixture
evt-0377-1,2026-01-17 04:01:22+00:00,mac-004,user-91320,session-0377,1,Calendar,Preview,file_read,~/Documents,reads,1,1,0,0,0,0,0,0,3,622,0.0347424901303264,benign,,0,synthetic macOS Endpoint Security-style fixture
evt-0377-2,2026-01-17 04:01:40+00:00,mac-004,user-91320,session-0377,2,Preview,Mail,file_read,~/Documents,reads,1,1,0,0,0,0,0,0,7,656,0.059133604297862526,benign,,0,synthetic macOS Endpoint Security-style fixture
evt-0377-3,2026-01-17 04:02:00+00:00,mac-004,user-91320,session-0377,3,Mail,Notes,file_write,~/Pictures,writes,1,1,0,0,0,0,0,0,3,3869,0.06636694401118728,benign,,0,synthetic macOS Endpoint Security-style fixture
evt-0377-4,2026-01-17 04:02:20+00:00,mac-004,user-91320,session-0377,4,Notes,backupd,auth,loginwindow,authenticates,1,1,0,0,0,0,0,0,3,5948,0.06390310124838879,benign,,0,synthetic macOS Endpoint Security-style fixture
evt-0377-5,2026-01-17 04:02:37+00:00,mac-004,user-91320,session-0377,5,backupd,Finder,file_write,~/Documents,writes,1,1,0,0,0,0,0,0,4,963,0.059269848578545316,benign,,0,synthetic macOS Endpoint Security-style fixture
evt-0378-0,2026-01-17 04:07:00+00:00,mac-030,user-08591,session-0378,0,launchd,Safari,file_read,~/Documents,reads,1,1,0,0,0,0,0,0,2,2131,0.05775406195664375,benign,,0,synthetic macOS Endpoint Security-style fixture
evt-0378-1,2026-01-17 04:07:21+00:00,mac-030,user-08591,session-0378,1,Safari,backupd,network_connect,icloud.example,connects,1,1,0,0,0,0,0,0,4,1866,0.03498777082278064,benign,,0,synthetic macOS Endpoint Security-style fixture
evt-0378-2,2026-01-17 04:07:38+00:00,mac-030,user-08591,session-0378,2,backupd,Mail,exec,/System/Library/CoreServices,executes,1,1,0,0,0,0,0,0,2,1049,0.020979752715763647,benign,,0,synthetic macOS Endpoint Security-style fixture
evt-0378-3,2026-01-17 04:08:00+00:00,mac-030,user-08591,session-0378,3,Mail,Preview,file_read,~/Library/Preferences,reads,1,1,0,0,0,0,0,0,7,3126,0.08682164241482992,benign,,0,synthetic macOS Endpoint Security-style fixture
evt-0378-4,2026-01-17 04:08:18+00:00,mac-030,user-08591,session-0378,4,Preview,WindowServer,file_write,~/Pictures,writes,1,1,0,0,0,0,0,0,2,998,0.050188796504457615,benign,,0,synthetic macOS Endpoint Security-style fixture
evt-0378-5,2026-01-17 04:08:36+00:00,mac-030,user-08591,session-0378,5,WindowServer,WindowServer,file_write,~/Documents,writes,1,1,0,0,0,0,0,0,4,1045,0.043062580827595426,benign,,0,synthetic macOS Endpoint Security-style fixture
evt-0379-0,2026-01-17 04:15:03+00:00,mac-007,user-17836,session-0379,0,launchd,Safari,network_connect,update.example,connects,1,1,0,0,0,0,0,0,4,904,0.03182286164889014,launchagent_persistence,T1105,1,synthetic macOS Endpoint Security-style fixture
evt-0379-1,2026-01-17 04:15:20+00:00,mac-007,user-17836,session-0379,1,Safari,installer,file_write,/tmp/helper,writes,1,1,0,0,0,0,0,0,4,1540,0.08131495226976107,launchagent_persistence,T1105,1,synthetic macOS Endpoint Security-style fixture
evt-0379-2,2026-01-17 04:15:38+00:00,mac-007,user-17836,session-0379,2,installer,sh,exec,/bin/sh,executes,0,0,0,0,0,0,0,0,3,1237,0.27618809887147083,launchagent_persistence,T1059,1,synthetic macOS Endpoint Security-style fixture
evt-0379-3,2026-01-17 04:15:59+00:00,mac-007,user-17836,session-0379,3,sh,defaults,file_write,~/Library/LaunchAgents/com.demo.agent.plist,writes,0,0,0,0,0,1,0,0,3,421,0.5793279993273063,launchagent_persistence,T1543.001,1,synthetic macOS Endpoint Security-style fixture
evt-0379-4,2026-01-17 04:16:17+00:00,mac-007,user-17836,session-0379,4,defaults,launchctl,exec,com.demo.agent,executes,0,0,0,0,1,1,0,0,6,985,0.5318650958645539,launchagent_persistence,T1543.001,1,synthetic macOS Endpoint Security-style fixture
evt-0379-5,2026-01-17 04:16:39+00:00,mac-007,user-17836,session-0379,5,launchctl,helper,exec,/tmp/helper,executes,0,0,0,0,0,0,0,0,3,168,0.24410418182509222,launchagent_persistence,T1204,1,synthetic macOS Endpoint Security-style fixture
evt-0380-0,2026-01-17 04:22:04+00:00,mac-011,user-58264,session-0380,0,launchd,Terminal,exec,/bin/zsh,executes,1,1,0,0,0,0,0,0,2,6592,0.030441800918143948,benign,,0,synthetic macOS Endpoint Security-style fixture
evt-0380-1,2026-01-17 04:22:22+00:00,mac-011,user-58264,session-0380,1,Terminal,zsh,exec,/usr/local/bin/brew,executes,0,0,0,0,0,0,0,0,6,1016,0.23950091000247245,benign,,0,synthetic macOS Endpoint Security-style fixture
evt-0380-2,2026-01-17 04:22:39+00:00,mac-011,user-58264,session-0380,2,zsh,brew,network_connect,packages.example,connects,0,0,0,0,0,0,0,0,2,542,0.2859402452855416,benign,,0,synthetic macOS Endpoint Security-style fixture
evt-0380-3,2026-01-17 04:22:58+00:00,mac-011,user-58264,session-0380,3,brew,softwareupdated,file_write,/Library/Updates,writes,1,1,0,0,0,1,0,0,60,750,0.3536430498814244,benign,,0,synthetic macOS Endpoint Security-style fixture
evt-0380-4,2026-01-17 04:23:17+00:00,mac-011,user-58264,session-0380,4,softwareupdated,security,file_read,login.keychain-db,reads,1,1,0,0,0,0,1,0,3,1843,0.26345135950652926,benign,,0,synthetic macOS Endpoint Security-style fixture
evt-0380-5,2026-01-17 04:23:36+00:00,mac-011,user-58264,session-0380,5,security,backupd,network_connect,backup.example,connects,1,1,0,0,0,0,0,1,4,95138,0.24688858412966133,benign,,0,synthetic macOS Endpoint Security-style fixture
evt-0381-0,2026-01-17 04:31:01+00:00,mac-017,user-82075,session-0381,0,launchd,mdworker,exec,/usr/bin/open,executes,1,1,0,0,0,0,0,0,7,6404,0.0704905768551411,benign,,0,synthetic macOS Endpoint Security-style fixture
evt-0381-1,2026-01-17 04:31:22+00:00,mac-017,user-82075,session-0381,1,mdworker,Notes,file_read,~/Pictures,reads,1,1,0,0,0,0,0,0,5,1801,0.05800182933023568,benign,,0,synthetic macOS Endpoint Security-style fixture
evt-0381-2,2026-01-17 04:31:39+00:00,mac-017,user-82075,session-0381,2,Notes,backupd,file_write,~/Pictures,writes,1,1,0,0,0,0,0,0,7,587,0.020174296266706287,benign,,0,synthetic macOS Endpoint Security-style fixture
evt-0381-3,2026-01-17 04:31:58+00:00,mac-017,user-82075,session-0381,3,backupd,Mail,network_connect,calendar.example,connects,1,1,0,0,0,0,0,0,7,4278,0.09664882615285186,benign,,0,synthetic macOS Endpoint Security-style fixture
evt-0381-4,2026-01-17 04:32:17+00:00,mac-017,user-82075,session-0381,4,Mail,WindowServer,file_write,/System/Library,writes,1,1,0,0,0,0,0,0,1,1004,0.06411012238401323,benign,,0,synthetic macOS Endpoint Security-style fixture
evt-0381-5,2026-01-17 04:32:35+00:00,mac-017,user-82075,session-0381,5,WindowServer,Safari,exec,/System/Applications,executes,1,1,0,0,0,0,0,0,7,1617,0.052359074596535125,benign,,0,synthetic macOS Endpoint Security-style fixture
evt-0382-0,2026-01-17 04:37:02+00:00,mac-006,user-60226,session-0382,0,launchd,backupd,exec,/System/Library/CoreServices,executes,1,1,0,0,0,0,0,0,6,1144,0.05248266692351921,benign,,0,synthetic macOS Endpoint Security-style fixture
evt-0382-1,2026-01-17 04:37:21+00:00,mac-006,user-60226,session-0382,1,backupd,Calendar,file_read,~/Library/Preferences,reads,1,1,0,0,0,0,0,0,6,1660,0.03652530434567894,benign,,0,synthetic macOS Endpoint Security-style fixture
evt-0382-2,2026-01-17 04:37:39+00:00,mac-006,user-60226,session-0382,2,Calendar,Safari,exec,/System/Library/CoreServices,executes,1,1,0,0,0,0,0,0,3,892,0.04333590394586735,benign,,0,synthetic macOS Endpoint Security-style fixture
evt-0382-3,2026-01-17 04:37:57+00:00,mac-006,user-60226,session-0382,3,Safari,WindowServer,exec,/System/Applications,executes,1,1,0,0,0,0,0,0,9,770,0.055876124135797095,benign,,0,synthetic macOS Endpoint Security-style fixture
evt-0382-4,2026-01-17 04:38:20+00:00,mac-006,user-60226,session-0382,4,WindowServer,Calendar,auth,loginwindow,authenticates,1,1,0,0,0,0,0,0,6,676,0.0026074822620719695,benign,,0,synthetic macOS Endpoint Security-style fixture
evt-0382-5,2026-01-17 04:38:39+00:00,mac-006,user-60226,session-0382,5,Calendar,Finder,network_connect,icloud.example,connects,1,1,0,0,0,0,0,0,2,460,0.0,benign,,0,synthetic macOS Endpoint Security-style fixture
evt-0383-0,2026-01-17 04:42:00+00:00,mac-006,user-07937,session-0383,0,launchd,Mail,file_read,~/Documents,reads,1,1,0,0,0,0,0,0,1,842,0.0694821744684028,benign,,0,synthetic macOS Endpoint Security-style fixture
evt-0383-1,2026-01-17 04:42:23+00:00,mac-006,user-07937,session-0383,1,Mail,Safari,exec,/System/Library/CoreServices,executes,1,1,0,0,0,0,0,0,4,6435,0.0,benign,,0,synthetic macOS Endpoint Security-style fixture
evt-0383-2,2026-01-17 04:42:41+00:00,mac-006,user-07937,session-0383,2,Safari,WindowServer,network_connect,calendar.example,connects,1,1,0,0,0,0,0,0,3,1431,0.0,benign,,0,synthetic macOS Endpoint Security-style fixture
evt-0383-3,2026-01-17 04:42:58+00:00,mac-006,user-07937,session-0383,3,WindowServer,Preview,exec,/System/Library/CoreServices,executes,1,1,0,0,0,0,0,0,4,1128,0.030588954365293027,benign,,0,synthetic macOS Endpoint Security-style fixture
evt-0383-4,2026-01-17 04:43:19+00:00,mac-006,user-07937,session-0383,4,Preview,WindowServer,exec,/System/Library/CoreServices,executes,1,1,0,0,0,0,0,0,2,1745,0.03498315774686567,benign,,0,synthetic macOS Endpoint Security-style fixture
evt-0383-5,2026-01-17 04:43:37+00:00,mac-006,user-07937,session-0383,5,WindowServer,mdworker,file_read,~/Library/Preferences,reads,1,1,0,0,0,0,0,0,6,1591,0.02225728018887012,benign,,0,synthetic macOS Endpoint Security-style fixture
evt-0384-0,2026-01-17 04:48:02+00:00,mac-028,user-29132,session-0384,0,launchd,WindowServer,file_write,~/Documents,writes,1,1,0,0,0,0,0,0,4,656,0.03555762450133325,benign,,0,synthetic macOS Endpoint Security-style fixture
evt-0384-1,2026-01-17 04:48:20+00:00,mac-028,user-29132,session-0384,1,WindowServer,Notes,exec,/usr/bin/open,executes,1,1,0,0,0,0,0,0,8,1274,0.04982269429359234,benign,,0,synthetic macOS Endpoint Security-style fixture
evt-0384-2,2026-01-17 04:48:42+00:00,mac-028,user-29132,session-0384,2,Notes,Safari,network_connect,updates.example,connects,1,1,0,0,0,0,0,0,11,1023,0.0,benign,,0,synthetic macOS Endpoint Security-style fixture
evt-0384-3,2026-01-17 04:48:58+00:00,mac-028,user-29132,session-0384,3,Safari,Calendar,file_read,~/Library/Preferences,reads,1,1,0,0,0,0,0,0,2,303,0.045937901325671646,benign,,0,synthetic macOS Endpoint Security-style fixture
evt-0384-4,2026-01-17 04:49:16+00:00,mac-028,user-29132,session-0384,4,Calendar,mdworker,exec,/System/Applications,executes,1,1,0,0,0,0,0,0,1,3805,0.05768614498924947,benign,,0,synthetic macOS Endpoint Security-style fixture
evt-0384-5,2026-01-17 04:49:35+00:00,mac-028,user-29132,session-0384,5,mdworker,Notes,file_write,/System/Library,writes,1,1,0,0,0,0,0,0,3,1063,0.04845271261780045,benign,,0,synthetic macOS Endpoint Security-style fixture
evt-0385-0,2026-01-17 04:59:01+00:00,mac-004,user-72176,session-0385,0,launchd,mdworker,file_write,/System/Library,writes,1,1,0,0,0,0,0,0,4,306,0.03649298023222733,benign,,0,synthetic macOS Endpoint Security-style fixture
evt-0385-1,2026-01-17 04:59:21+00:00,mac-004,user-72176,session-0385,1,mdworker,Mail,network_connect,calendar.example,connects,1,1,0,0,0,0,0,0,5,2600,0.07839363678056654,benign,,0,synthetic macOS Endpoint Security-style fixture
evt-0385-2,2026-01-17 04:59:40+00:00,mac-004,user-72176,session-0385,2,Mail,mdworker,exec,/System/Library/CoreServices,executes,1,1,0,0,0,0,0,0,4,202,0.014021979223111387,benign,,0,synthetic macOS Endpoint Security-style fixture
evt-0385-3,2026-01-17 04:59:57+00:00,mac-004,user-72176,session-0385,3,mdworker,Notes,file_write,~/Pictures,writes,1,1,0,0,0,0,0,0,2,957,0.009524484891891501,benign,,0,synthetic macOS Endpoint Security-style fixture
evt-0385-4,2026-01-17 05:00:18+00:00,mac-004,user-72176,session-0385,4,Notes,Notes,file_write,/System/Library,writes,1,1,0,0,0,0,0,0,6,797,0.018523725291412402,benign,,0,synthetic macOS Endpoint Security-style fixture
evt-0385-5,2026-01-17 05:00:37+00:00,mac-004,user-72176,session-0385,5,Notes,mdworker,file_read,~/Pictures,reads,1,1,0,0,0,0,0,0,2,614,0.01911740132592087,benign,,0,synthetic macOS Endpoint Security-style fixture
evt-0386-0,2026-01-17 05:03:03+00:00,mac-014,user-14566,session-0386,0,launchd,softwareupdated,file_read,~/Documents,reads,1,1,0,0,0,0,0,0,4,307,0.05562008337563769,benign,,0,synthetic macOS Endpoint Security-style fixture
evt-0386-1,2026-01-17 05:03:23+00:00,mac-014,user-14566,session-0386,1,softwareupdated,Calendar,file_read,~/Pictures,reads,1,1,0,0,0,0,0,0,2,1126,0.046558825758054465,benign,,0,synthetic macOS Endpoint Security-style fixture
evt-0386-2,2026-01-17 05:03:41+00:00,mac-014,user-14566,session-0386,2,Calendar,Notes,file_read,/System/Library,reads,1,1,0,0,0,0,0,0,2,1227,0.04613481601585202,benign,,0,synthetic macOS Endpoint Security-style fixture
evt-0386-3,2026-01-17 05:03:59+00:00,mac-014,user-14566,session-0386,3,Notes,softwareupdated,file_read,~/Library/Preferences,reads,1,1,0,0,0,0,0,0,3,2644,0.0,benign,,0,synthetic macOS Endpoint Security-style fixture
evt-0386-4,2026-01-17 05:04:19+00:00,mac-014,user-14566,session-0386,4,softwareupdated,Calendar,network_connect,mail.example,connects,1,1,0,0,0,0,0,0,3,1458,0.039411734411569734,benign,,0,synthetic macOS Endpoint Security-style fixture
evt-0386-5,2026-01-17 05:04:39+00:00,mac-014,user-14566,session-0386,5,Calendar,backupd,file_read,~/Documents,reads,1,1,0,0,0,0,0,0,3,2027,0.0678928925449593,benign,,0,synthetic macOS Endpoint Security-style fixture
evt-0387-0,2026-01-17 05:10:02+00:00,mac-022,user-94025,session-0387,0,launchd,Calendar,file_read,~/Documents,reads,1,1,0,0,0,0,0,0,2,2236,0.05771403962093333,benign,,0,synthetic macOS Endpoint Security-style fixture
evt-0387-1,2026-01-17 05:10:19+00:00,mac-022,user-94025,session-0387,1,Calendar,softwareupdated,exec,/System/Applications,executes,1,1,0,0,0,0,0,0,5,522,0.03222877738417275,benign,,0,synthetic macOS Endpoint Security-style fixture
evt-0387-2,2026-01-17 05:10:38+00:00,mac-022,user-94025,session-0387,2,softwareupdated,softwareupdated,auth,loginwindow,authenticates,1,1,0,0,0,0,0,0,5,3411,0.0,benign,,0,synthetic macOS Endpoint Security-style fixture
evt-0387-3,2026-01-17 05:10:59+00:00,mac-022,user-94025,session-0387,3,softwareupdated,Mail,file_write,~/Pictures,writes,1,1,0,0,0,0,0,0,4,6299,0.006469025234128123,benign,,0,synthetic macOS Endpoint Security-style fixture
evt-0387-4,2026-01-17 05:11:18+00:00,mac-022,user-94025,session-0387,4,Mail,softwareupdated,exec,/System/Library/CoreServices,executes,1,1,0,0,0,0,0,0,7,1619,0.06373168139318658,benign,,0,synthetic macOS Endpoint Security-style fixture
evt-0387-5,2026-01-17 05:11:37+00:00,mac-022,user-94025,session-0387,5,softwareupdated,Preview,network_connect,updates.example,connects,1,1,0,0,0,0,0,0,3,467,0.05402412066530062,benign,,0,synthetic macOS Endpoint Security-style fixture
evt-0388-0,2026-01-17 05:20:04+00:00,mac-029,user-32402,session-0388,0,launchd,Calendar,file_write,~/Documents,writes,1,1,0,0,0,0,0,0,4,4724,0.04601800726449501,benign,,0,synthetic macOS Endpoint Security-style fixture
evt-0388-1,2026-01-17 05:20:19+00:00,mac-029,user-32402,session-0388,1,Calendar,Preview,file_read,~/Pictures,reads,1,1,0,0,0,0,0,0,1,1588,0.004621076512852047,benign,,0,synthetic macOS Endpoint Security-style fixture
evt-0388-2,2026-01-17 05:20:41+00:00,mac-029,user-32402,session-0388,2,Preview,WindowServer,file_write,~/Pictures,writes,1,1,0,0,0,0,0,0,5,1319,0.01877939033594872,benign,,0,synthetic macOS Endpoint Security-style fixture
evt-0388-3,2026-01-17 05:21:00+00:00,mac-029,user-32402,session-0388,3,WindowServer,Mail,file_read,~/Pictures,reads,1,1,0,0,0,0,0,0,5,1724,0.04969963960972036,benign,,0,synthetic macOS Endpoint Security-style fixture
evt-0388-4,2026-01-17 05:21:20+00:00,mac-029,user-32402,session-0388,4,Mail,Notes,file_read,~/Library/Preferences,reads,1,1,0,0,0,0,0,0,4,691,0.07693786354858152,benign,,0,synthetic macOS Endpoint Security-style fixture
evt-0388-5,2026-01-17 05:21:35+00:00,mac-029,user-32402,session-0388,5,Notes,backupd,file_read,~/Documents,reads,1,1,0,0,0,0,0,0,8,724,0.028246946059478285,benign,,0,synthetic macOS Endpoint Security-style fixture
evt-0389-0,2026-01-17 05:25:03+00:00,mac-029,user-03924,session-0389,0,launchd,Calendar,network_connect,updates.example,connects,1,1,0,0,0,0,0,0,5,355,0.05956652192950526,benign,,0,synthetic macOS Endpoint Security-style fixture
evt-0389-1,2026-01-17 05:25:19+00:00,mac-029,user-03924,session-0389,1,Calendar,softwareupdated,network_connect,updates.example,connects,1,1,0,0,0,0,0,0,3,938,0.01268310455705255,benign,,0,synthetic macOS Endpoint Security-style fixture
evt-0389-2,2026-01-17 05:25:40+00:00,mac-029,user-03924,session-0389,2,softwareupdated,Mail,exec,/System/Library/CoreServices,executes,1,1,0,0,0,0,0,0,6,148,0.03134596599750515,benign,,0,synthetic macOS Endpoint Security-style fixture
evt-0389-3,2026-01-17 05:25:59+00:00,mac-029,user-03924,session-0389,3,Mail,Preview,exec,/System/Applications,executes,1,1,0,0,0,0,0,0,2,998,0.08216064189838149,benign,,0,synthetic macOS Endpoint Security-style fixture
evt-0389-4,2026-01-17 05:26:20+00:00,mac-029,user-03924,session-0389,4,Preview,Safari,exec,/usr/bin/open,executes,1,1,0,0,0,0,0,0,6,3767,0.09172995323892477,benign,,0,synthetic macOS Endpoint Security-style fixture
evt-0389-5,2026-01-17 05:26:36+00:00,mac-029,user-03924,session-0389,5,Safari,softwareupdated,auth,loginwindow,authenticates,1,1,0,0,0,0,0,0,4,1135,0.0,benign,,0,synthetic macOS Endpoint Security-style fixture
evt-0390-0,2026-01-17 05:34:04+00:00,mac-009,user-19144,session-0390,0,launchd,softwareupdated,exec,/System/Library/CoreServices,executes,1,1,0,0,0,0,0,0,4,1302,0.05623437148470918,benign,,0,synthetic macOS Endpoint Security-style fixture
evt-0390-1,2026-01-17 05:34:20+00:00,mac-009,user-19144,session-0390,1,softwareupdated,mdworker,network_connect,calendar.example,connects,1,1,0,0,0,0,0,0,3,1044,0.022235980932750633,benign,,0,synthetic macOS Endpoint Security-style fixture
evt-0390-2,2026-01-17 05:34:39+00:00,mac-009,user-19144,session-0390,2,mdworker,Notes,network_connect,updates.example,connects,1,1,0,0,0,0,0,0,6,2575,0.06481712089426325,benign,,0,synthetic macOS Endpoint Security-style fixture
evt-0390-3,2026-01-17 05:35:00+00:00,mac-009,user-19144,session-0390,3,Notes,softwareupdated,file_read,~/Documents,reads,1,1,0,0,0,0,0,0,5,1055,0.03773904027838212,benign,,0,synthetic macOS Endpoint Security-style fixture
evt-0390-4,2026-01-17 05:35:20+00:00,mac-009,user-19144,session-0390,4,softwareupdated,backupd,file_read,~/Pictures,reads,1,1,0,0,0,0,0,0,3,794,0.061258972300355326,benign,,0,synthetic macOS Endpoint Security-style fixture
evt-0390-5,2026-01-17 05:35:35+00:00,mac-009,user-19144,session-0390,5,backupd,backupd,exec,/System/Library/CoreServices,executes,1,1,0,0,0,0,0,0,4,221,0.03494740277051059,benign,,0,synthetic macOS Endpoint Security-style fixture
evt-0391-0,2026-01-17 05:37:02+00:00,mac-027,user-07283,session-0391,0,launchd,mdworker,file_write,~/Library/Preferences,writes,1,1,0,0,0,0,0,0,2,271,0.04823079840794843,benign,,0,synthetic macOS Endpoint Security-style fixture
evt-0391-1,2026-01-17 05:37:20+00:00,mac-027,user-07283,session-0391,1,mdworker,Safari,auth,loginwindow,authenticates,1,1,0,0,0,0,0,0,5,683,0.018458199356577436,benign,,0,synthetic macOS Endpoint Security-style fixture
evt-0391-2,2026-01-17 05:37:42+00:00,mac-027,user-07283,session-0391,2,Safari,WindowServer,network_connect,calendar.example,connects,1,1,0,0,0,0,0,0,4,1350,0.055963237606497115,benign,,0,synthetic macOS Endpoint Security-style fixture
evt-0391-3,2026-01-17 05:37:59+00:00,mac-027,user-07283,session-0391,3,WindowServer,Safari,exec,/usr/bin/open,executes,1,1,0,0,0,0,0,0,4,615,0.0,benign,,0,synthetic macOS Endpoint Security-style fixture
evt-0391-4,2026-01-17 05:38:16+00:00,mac-027,user-07283,session-0391,4,Safari,Calendar,file_read,/System/Library,reads,1,1,0,0,0,0,0,0,4,574,0.05336099131709131,benign,,0,synthetic macOS Endpoint Security-style fixture
evt-0391-5,2026-01-17 05:38:35+00:00,mac-027,user-07283,session-0391,5,Calendar,Preview,file_write,/System/Library,writes,1,1,0,0,0,0,0,0,4,404,0.02716269563962334,benign,,0,synthetic macOS Endpoint Security-style fixture
evt-0392-0,2026-01-17 05:46:00+00:00,mac-030,user-17836,session-0392,0,launchd,Mail,file_read,/System/Library,reads,1,1,0,0,0,0,0,0,3,787,0.015014340060394572,benign,,0,synthetic macOS Endpoint Security-style fixture
evt-0392-1,2026-01-17 05:46:21+00:00,mac-030,user-17836,session-0392,1,Mail,Calendar,exec,/System/Applications,executes,1,1,0,0,0,0,0,0,1,2489,0.050417995494626805,benign,,0,synthetic macOS Endpoint Security-style fixture
evt-0392-2,2026-01-17 05:46:38+00:00,mac-030,user-17836,session-0392,2,Calendar,WindowServer,network_connect,updates.example,connects,1,1,0,0,0,0,0,0,1,1034,0.03527013950394357,benign,,0,synthetic macOS Endpoint Security-style fixture
evt-0392-3,2026-01-17 05:47:01+00:00,mac-030,user-17836,session-0392,3,WindowServer,Finder,exec,/System/Applications,executes,1,1,0,0,0,0,0,0,2,2390,0.04139352531893979,benign,,0,synthetic macOS Endpoint Security-style fixture
evt-0392-4,2026-01-17 05:47:18+00:00,mac-030,user-17836,session-0392,4,Finder,Notes,file_read,/System/Library,reads,1,1,0,0,0,0,0,0,4,2208,0.0669113042722205,benign,,0,synthetic macOS Endpoint Security-style fixture
evt-0392-5,2026-01-17 05:47:38+00:00,mac-030,user-17836,session-0392,5,Notes,softwareupdated,auth,loginwindow,authenticates,1,1,0,0,0,0,0,0,5,1897,0.04454405865776985,benign,,0,synthetic macOS Endpoint Security-style fixture
evt-0393-0,2026-01-17 05:54:02+00:00,mac-009,user-21849,session-0393,0,launchd,Mail,network_connect,updates.example,connects,1,1,0,0,0,0,0,0,1,800,0.06257121091048554,benign,,0,synthetic macOS Endpoint Security-style fixture
evt-0393-1,2026-01-17 05:54:23+00:00,mac-009,user-21849,session-0393,1,Mail,softwareupdated,exec,/usr/bin/open,executes,1,1,0,0,0,0,0,0,5,2229,0.06154694099224601,benign,,0,synthetic macOS Endpoint Security-style fixture
evt-0393-2,2026-01-17 05:54:40+00:00,mac-009,user-21849,session-0393,2,softwareupdated,Calendar,file_read,/System/Library,reads,1,1,0,0,0,0,0,0,5,1008,0.0,benign,,0,synthetic macOS Endpoint Security-style fixture
evt-0393-3,2026-01-17 05:54:58+00:00,mac-009,user-21849,session-0393,3,Calendar,Calendar,file_read,~/Documents,reads,1,1,0,0,0,0,0,0,6,570,0.06073924029637232,benign,,0,synthetic macOS Endpoint Security-style fixture
evt-0393-4,2026-01-17 05:55:19+00:00,mac-009,user-21849,session-0393,4,Calendar,WindowServer,network_connect,mail.example,connects,1,1,0,0,0,0,0,0,4,5035,0.0,benign,,0,synthetic macOS Endpoint Security-style fixture
evt-0393-5,2026-01-17 05:55:36+00:00,mac-009,user-21849,session-0393,5,WindowServer,Calendar,network_connect,mail.example,connects,1,1,0,0,0,0,0,0,2,5117,0.06750666023240257,benign,,0,synthetic macOS Endpoint Security-style fixture
evt-0394-0,2026-01-17 06:01:03+00:00,mac-023,user-55559,session-0394,0,launchd,WindowServer,network_connect,updates.example,connects,1,1,0,0,0,0,0,0,6,1675,0.01148456705011994,benign,,0,synthetic macOS Endpoint Security-style fixture
evt-0394-1,2026-01-17 06:01:19+00:00,mac-023,user-55559,session-0394,1,WindowServer,Notes,exec,/System/Library/CoreServices,executes,1,1,0,0,0,0,0,0,10,1974,0.022172630144658537,benign,,0,synthetic macOS Endpoint Security-style fixture
evt-0394-2,2026-01-17 06:01:40+00:00,mac-023,user-55559,session-0394,2,Notes,Safari,file_write,~/Pictures,writes,1,1,0,0,0,0,0,0,3,897,0.032432112441427546,benign,,0,synthetic macOS Endpoint Security-style fixture
evt-0394-3,2026-01-17 06:01:57+00:00,mac-023,user-55559,session-0394,3,Safari,Calendar,network_connect,icloud.example,connects,1,1,0,0,0,0,0,0,5,2004,0.07258945509007259,benign,,0,synthetic macOS Endpoint Security-style fixture
evt-0394-4,2026-01-17 06:02:18+00:00,mac-023,user-55559,session-0394,4,Calendar,mdworker,network_connect,mail.example,connects,1,1,0,0,0,0,0,0,2,2557,0.0553215213935257,benign,,0,synthetic macOS Endpoint Security-style fixture
evt-0394-5,2026-01-17 06:02:39+00:00,mac-023,user-55559,session-0394,5,mdworker,mdworker,network_connect,updates.example,connects,1,1,0,0,0,0,0,0,3,3042,0.0025858138764412314,benign,,0,synthetic macOS Endpoint Security-style fixture
evt-0395-0,2026-01-17 06:05:03+00:00,mac-014,user-72176,session-0395,0,launchd,Finder,file_read,~/Documents,reads,1,1,0,0,0,0,0,0,6,594,0.04598575176451416,data_exfiltration,T1083,1,synthetic macOS Endpoint Security-style fixture
evt-0395-1,2026-01-17 06:05:22+00:00,mac-014,user-72176,session-0395,1,Finder,zip,exec,/usr/bin/zip,executes,1,1,0,0,0,0,0,0,7,1075,0.0018151609466745197,data_exfiltration,T1560,1,synthetic macOS Endpoint Security-style fixture
evt-0395-2,2026-01-17 06:05:38+00:00,mac-014,user-72176,session-0395,2,zip,zip,file_write,/tmp/archive.zip,writes,1,1,0,0,0,0,1,0,3,1899,0.27257551801383867,data_exfiltration,T1560,1,synthetic macOS Endpoint Security-style fixture
evt-0395-3,2026-01-17 06:05:59+00:00,mac-014,user-72176,session-0395,3,zip,curl,network_connect,upload.example,connects,1,1,0,0,0,0,1,1,8,54931,0.43161964666098895,data_exfiltration,T1041,1,synthetic macOS Endpoint Security-style fixture
evt-0395-4,2026-01-17 06:06:20+00:00,mac-014,user-72176,session-0395,4,curl,curl,network_connect,upload.example,connects,1,1,0,0,0,0,0,1,2,123487,0.21120762046469968,data_exfiltration,T1041,1,synthetic macOS Endpoint Security-style fixture
evt-0395-5,2026-01-17 06:06:39+00:00,mac-014,user-72176,session-0395,5,curl,rm,file_delete,/tmp/archive.zip,deletes,1,1,0,0,0,0,0,0,3,1374,0.0,data_exfiltration,T1070,1,synthetic macOS Endpoint Security-style fixture
evt-0396-0,2026-01-17 06:15:00+00:00,mac-007,user-19798,session-0396,0,launchd,Notes,exec,/System/Library/CoreServices,executes,1,1,0,0,0,0,0,0,0,376,0.04015463547446134,benign,,0,synthetic macOS Endpoint Security-style fixture
evt-0396-1,2026-01-17 06:15:19+00:00,mac-007,user-19798,session-0396,1,Notes,WindowServer,file_write,~/Library/Preferences,writes,1,1,0,0,0,0,0,0,4,1179,0.019968301635551373,benign,,0,synthetic macOS Endpoint Security-style fixture
evt-0396-2,2026-01-17 06:15:38+00:00,mac-007,user-19798,session-0396,2,WindowServer,Safari,file_read,~/Pictures,reads,1,1,0,0,0,0,0,0,2,566,0.0020514078166128796,benign,,0,synthetic macOS Endpoint Security-style fixture
evt-0396-3,2026-01-17 06:15:57+00:00,mac-007,user-19798,session-0396,3,Safari,Safari,network_connect,mail.example,connects,1,1,0,0,0,0,0,0,4,1751,0.04341006658612455,benign,,0,synthetic macOS Endpoint Security-style fixture
evt-0396-4,2026-01-17 06:16:17+00:00,mac-007,user-19798,session-0396,4,Safari,Safari,exec,/System/Applications,executes,1,1,0,0,0,0,0,0,2,2216,0.03217900624287039,benign,,0,synthetic macOS Endpoint Security-style fixture
evt-0396-5,2026-01-17 06:16:37+00:00,mac-007,user-19798,session-0396,5,Safari,WindowServer,network_connect,icloud.example,connects,1,1,0,0,0,0,0,0,5,1378,0.022876385218345726,benign,,0,synthetic macOS Endpoint Security-style fixture
evt-0397-0,2026-01-17 06:19:01+00:00,mac-018,user-31094,session-0397,0,launchd,mdworker,exec,/System/Library/CoreServices,executes,1,1,0,0,0,0,0,0,3,341,0.06550475348668611,benign,,0,synthetic macOS Endpoint Security-style fixture
evt-0397-1,2026-01-17 06:19:23+00:00,mac-018,user-31094,session-0397,1,mdworker,Calendar,network_connect,calendar.example,connects,1,1,0,0,0,0,0,0,6,5253,0.0379226605953501,benign,,0,synthetic macOS Endpoint Security-style fixture
evt-0397-2,2026-01-17 06:19:41+00:00,mac-018,user-31094,session-0397,2,Calendar,WindowServer,network_connect,updates.example,connects,1,1,0,0,0,0,0,0,6,3414,0.047759396225898476,benign,,0,synthetic macOS Endpoint Security-style fixture
evt-0397-3,2026-01-17 06:20:01+00:00,mac-018,user-31094,session-0397,3,WindowServer,Mail,exec,/System/Applications,executes,1,1,0,0,0,0,0,0,3,2704,0.03472220713118723,benign,,0,synthetic macOS Endpoint Security-style fixture
evt-0397-4,2026-01-17 06:20:19+00:00,mac-018,user-31094,session-0397,4,Mail,WindowServer,file_write,/System/Library,writes,1,1,0,0,0,0,0,0,3,1441,0.06147800419552079,benign,,0,synthetic macOS Endpoint Security-style fixture
evt-0397-5,2026-01-17 06:20:37+00:00,mac-018,user-31094,session-0397,5,WindowServer,Preview,file_read,~/Documents,reads,1,1,0,0,0,0,0,0,5,1558,0.01779027702656777,benign,,0,synthetic macOS Endpoint Security-style fixture
evt-0398-0,2026-01-17 06:28:02+00:00,mac-004,user-30440,session-0398,0,launchd,mdworker,file_read,~/Pictures,reads,1,1,0,0,0,0,0,0,6,484,0.08512931198442206,benign,,0,synthetic macOS Endpoint Security-style fixture
evt-0398-1,2026-01-17 06:28:22+00:00,mac-004,user-30440,session-0398,1,mdworker,Mail,network_connect,icloud.example,connects,1,1,0,0,0,0,0,0,5,148,0.03967181839389296,benign,,0,synthetic macOS Endpoint Security-style fixture
evt-0398-2,2026-01-17 06:28:41+00:00,mac-004,user-30440,session-0398,2,Mail,Finder,file_read,/System/Library,reads,1,1,0,0,0,0,0,0,5,3546,0.008033270551870995,benign,,0,synthetic macOS Endpoint Security-style fixture
evt-0398-3,2026-01-17 06:28:57+00:00,mac-004,user-30440,session-0398,3,Finder,Mail,file_read,/System/Library,reads,1,1,0,0,0,0,0,0,3,183,0.06059873117976793,benign,,0,synthetic macOS Endpoint Security-style fixture
evt-0398-4,2026-01-17 06:29:19+00:00,mac-004,user-30440,session-0398,4,Mail,Mail,network_connect,mail.example,connects,1,1,0,0,0,0,0,0,4,402,0.024309995597644966,benign,,0,synthetic macOS Endpoint Security-style fixture
evt-0398-5,2026-01-17 06:29:38+00:00,mac-004,user-30440,session-0398,5,Mail,mdworker,file_read,~/Documents,reads,1,1,0,0,0,0,0,0,6,2335,0.05841433548816155,benign,,0,synthetic macOS Endpoint Security-style fixture
evt-0399-0,2026-01-17 06:34:04+00:00,mac-021,user-74792,session-0399,0,launchd,Terminal,exec,/bin/zsh,executes,1,1,0,0,0,0,0,0,1,614,0.05644649979390242,benign,,0,synthetic macOS Endpoint Security-style fixture
evt-0399-1,2026-01-17 06:34:22+00:00,mac-021,user-74792,session-0399,1,Terminal,zsh,exec,/usr/local/bin/brew,executes,0,0,0,0,0,0,0,0,5,1401,0.2577275250669348,benign,,0,synthetic macOS Endpoint Security-style fixture
evt-0399-2,2026-01-17 06:34:40+00:00,mac-021,user-74792,session-0399,2,zsh,brew,network_connect,packages.example,connects,0,0,0,0,0,0,0,0,3,1019,0.24350627097727157,benign,,0,synthetic macOS Endpoint Security-style fixture
evt-0399-3,2026-01-17 06:35:00+00:00,mac-021,user-74792,session-0399,3,brew,softwareupdated,file_write,/Library/Updates,writes,1,1,0,0,0,1,0,0,39,1637,0.31519467703106296,benign,,0,synthetic macOS Endpoint Security-style fixture
evt-0399-4,2026-01-17 06:35:20+00:00,mac-021,user-74792,session-0399,4,softwareupdated,security,file_read,login.keychain-db,reads,1,1,0,0,0,0,1,0,6,1191,0.2616517170981623,benign,,0,synthetic macOS Endpoint Security-style fixture
evt-0399-5,2026-01-17 06:35:38+00:00,mac-021,user-74792,session-0399,5,security,backupd,network_connect,backup.example,connects,1,1,0,0,0,0,0,1,7,5318,0.21000163427157173,benign,,0,synthetic macOS Endpoint Security-style fixture
evt-0400-0,2026-01-17 06:41:03+00:00,mac-029,user-15220,session-0400,0,launchd,Finder,exec,/System/Library/CoreServices,executes,1,1,0,0,0,0,0,0,7,391,0.024014816898257723,benign,,0,synthetic macOS Endpoint Security-style fixture
evt-0400-1,2026-01-17 06:41:19+00:00,mac-029,user-15220,session-0400,1,Finder,Notes,network_connect,mail.example,connects,1,1,0,0,0,0,0,0,4,488,0.055969937155697286,benign,,0,synthetic macOS Endpoint Security-style fixture
evt-0400-2,2026-01-17 06:41:41+00:00,mac-029,user-15220,session-0400,2,Notes,Finder,network_connect,updates.example,connects,1,1,0,0,0,0,0,0,5,496,0.08765139664388305,benign,,0,synthetic macOS Endpoint Security-style fixture
evt-0400-3,2026-01-17 06:41:59+00:00,mac-029,user-15220,session-0400,3,Finder,Mail,exec,/usr/bin/open,executes,1,1,0,0,0,0,0,0,3,1090,0.036733868463428146,benign,,0,synthetic macOS Endpoint Security-style fixture
evt-0400-4,2026-01-17 06:42:19+00:00,mac-029,user-15220,session-0400,4,Mail,WindowServer,file_write,/System/Library,writes,1,1,0,0,0,0,0,0,5,1023,0.037970316236514916,benign,,0,synthetic macOS Endpoint Security-style fixture
evt-0400-5,2026-01-17 06:42:39+00:00,mac-029,user-15220,session-0400,5,WindowServer,Safari,file_read,~/Library/Preferences,reads,1,1,0,0,0,0,0,0,4,916,0.08607504067416943,benign,,0,synthetic macOS Endpoint Security-style fixture
evt-0401-0,2026-01-17 06:48:01+00:00,mac-027,user-02616,session-0401,0,launchd,softwareupdated,network_connect,calendar.example,connects,1,1,0,0,0,0,0,0,2,1610,0.05353302403391149,benign,,0,synthetic macOS Endpoint Security-style fixture
evt-0401-1,2026-01-17 06:48:19+00:00,mac-027,user-02616,session-0401,1,softwareupdated,softwareupdated,network_connect,mail.example,connects,1,1,0,0,0,0,0,0,8,603,0.062364815151044396,benign,,0,synthetic macOS Endpoint Security-style fixture
evt-0401-2,2026-01-17 06:48:39+00:00,mac-027,user-02616,session-0401,2,softwareupdated,mdworker,file_read,/System/Library,reads,1,1,0,0,0,0,0,0,9,3158,0.03861530209889455,benign,,0,synthetic macOS Endpoint Security-style fixture
evt-0401-3,2026-01-17 06:48:58+00:00,mac-027,user-02616,session-0401,3,mdworker,Calendar,file_read,~/Pictures,reads,1,1,0,0,0,0,0,0,3,1009,0.032356640446697865,benign,,0,synthetic macOS Endpoint Security-style fixture
evt-0401-4,2026-01-17 06:49:17+00:00,mac-027,user-02616,session-0401,4,Calendar,softwareupdated,file_write,/System/Library,writes,1,1,0,0,0,0,0,0,1,915,0.03917773617294183,benign,,0,synthetic macOS Endpoint Security-style fixture
evt-0401-5,2026-01-17 06:49:39+00:00,mac-027,user-02616,session-0401,5,softwareupdated,softwareupdated,exec,/System/Applications,executes,1,1,0,0,0,0,0,0,5,719,0.0,benign,,0,synthetic macOS Endpoint Security-style fixture
evt-0402-0,2026-01-17 06:56:01+00:00,mac-012,user-80113,session-0402,0,launchd,Mail,network_connect,mail.example,connects,1,1,0,0,0,0,0,0,4,1317,0.049343746051723175,benign,,0,synthetic macOS Endpoint Security-style fixture
evt-0402-1,2026-01-17 06:56:20+00:00,mac-012,user-80113,session-0402,1,Mail,Safari,file_read,~/Documents,reads,1,1,0,0,0,0,0,0,7,404,0.027686547109657914,benign,,0,synthetic macOS Endpoint Security-style fixture
evt-0402-2,2026-01-17 06:56:42+00:00,mac-012,user-80113,session-0402,2,Safari,Calendar,exec,/System/Library/CoreServices,executes,1,1,0,0,0,0,0,0,3,606,0.04538050571350967,benign,,0,synthetic macOS Endpoint Security-style fixture
evt-0402-3,2026-01-17 06:56:59+00:00,mac-012,user-80113,session-0402,3,Calendar,Mail,file_read,/System/Library,reads,1,1,0,0,0,0,0,0,1,482,0.022919083267675163,benign,,0,synthetic macOS Endpoint Security-style fixture
evt-0402-4,2026-01-17 06:57:20+00:00,mac-012,user-80113,session-0402,4,Mail,backupd,auth,loginwindow,authenticates,1,1,0,0,0,0,0,0,1,857,0.02025900619281567,benign,,0,synthetic macOS Endpoint Security-style fixture
evt-0402-5,2026-01-17 06:57:37+00:00,mac-012,user-80113,session-0402,5,backupd,Preview,file_read,~/Documents,reads,1,1,0,0,0,0,0,0,2,864,0.035773349592181265,benign,,0,synthetic macOS Endpoint Security-style fixture
evt-0403-0,2026-01-17 07:04:00+00:00,mac-020,user-22503,session-0403,0,launchd,Safari,network_connect,update.example,connects,1,1,0,0,0,0,0,0,7,587,0.06767627280846938,launchagent_persistence,T1105,1,synthetic macOS Endpoint Security-style fixture
evt-0403-1,2026-01-17 07:04:19+00:00,mac-020,user-22503,session-0403,1,Safari,installer,file_write,/tmp/helper,writes,1,1,0,0,0,0,0,0,4,501,0.10055464867416958,launchagent_persistence,T1105,1,synthetic macOS Endpoint Security-style fixture
evt-0403-2,2026-01-17 07:04:41+00:00,mac-020,user-22503,session-0403,2,installer,sh,exec,/bin/sh,executes,0,0,0,0,0,0,0,0,3,3964,0.2811671824644123,launchagent_persistence,T1059,1,synthetic macOS Endpoint Security-style fixture
evt-0403-3,2026-01-17 07:05:01+00:00,mac-020,user-22503,session-0403,3,sh,defaults,file_write,~/Library/LaunchAgents/com.demo.agent.plist,writes,0,0,0,0,0,1,0,0,0,1353,0.5565816895884376,launchagent_persistence,T1543.001,1,synthetic macOS Endpoint Security-style fixture
evt-0403-4,2026-01-17 07:05:17+00:00,mac-020,user-22503,session-0403,4,defaults,launchctl,exec,com.demo.agent,executes,0,0,0,0,1,1,0,0,0,1488,0.6034993450352617,launchagent_persistence,T1543.001,1,synthetic macOS Endpoint Security-style fixture
evt-0403-5,2026-01-17 07:05:39+00:00,mac-020,user-22503,session-0403,5,launchctl,helper,exec,/tmp/helper,executes,0,0,0,0,0,0,0,0,4,1525,0.25602889378011595,launchagent_persistence,T1204,1,synthetic macOS Endpoint Security-style fixture
evt-0404-0,2026-01-17 07:09:04+00:00,mac-008,user-53597,session-0404,0,launchd,Notes,file_read,~/Library/Preferences,reads,1,1,0,0,0,0,0,0,8,150,0.026922252423753894,benign,,0,synthetic macOS Endpoint Security-style fixture
evt-0404-1,2026-01-17 07:09:22+00:00,mac-008,user-53597,session-0404,1,Notes,backupd,file_read,~/Library/Preferences,reads,1,1,0,0,0,0,0,0,4,930,0.06875597794952854,benign,,0,synthetic macOS Endpoint Security-style fixture
evt-0404-2,2026-01-17 07:09:42+00:00,mac-008,user-53597,session-0404,2,backupd,mdworker,file_write,/System/Library,writes,1,1,0,0,0,0,0,0,3,715,0.05073329817965945,benign,,0,synthetic macOS Endpoint Security-style fixture
evt-0404-3,2026-01-17 07:09:58+00:00,mac-008,user-53597,session-0404,3,mdworker,Notes,file_write,~/Library/Preferences,writes,1,1,0,0,0,0,0,0,3,766,0.06681404357486626,benign,,0,synthetic macOS Endpoint Security-style fixture
evt-0404-4,2026-01-17 07:10:18+00:00,mac-008,user-53597,session-0404,4,Notes,mdworker,file_write,~/Library/Preferences,writes,1,1,0,0,0,0,0,0,4,1329,0.039448466369047294,benign,,0,synthetic macOS Endpoint Security-style fixture
evt-0404-5,2026-01-17 07:10:36+00:00,mac-008,user-53597,session-0404,5,mdworker,Calendar,auth,loginwindow,authenticates,1,1,0,0,0,0,0,0,5,128,0.037088308590835124,benign,,0,synthetic macOS Endpoint Security-style fixture
evt-0405-0,2026-01-17 07:19:00+00:00,mac-006,user-88050,session-0405,0,launchd,Calendar,file_read,~/Library/Preferences,reads,1,1,0,0,0,0,0,0,5,5765,0.044492632782734,benign,,0,synthetic macOS Endpoint Security-style fixture
evt-0405-1,2026-01-17 07:19:22+00:00,mac-006,user-88050,session-0405,1,Calendar,mdworker,auth,loginwindow,authenticates,1,1,0,0,0,0,0,0,3,1449,0.013271989050232493,benign,,0,synthetic macOS Endpoint Security-style fixture
evt-0405-2,2026-01-17 07:19:39+00:00,mac-006,user-88050,session-0405,2,mdworker,Mail,file_read,~/Library/Preferences,reads,1,1,0,0,0,0,0,0,5,507,0.09243510195440904,benign,,0,synthetic macOS Endpoint Security-style fixture
evt-0405-3,2026-01-17 07:19:59+00:00,mac-006,user-88050,session-0405,3,Mail,Finder,exec,/System/Library/CoreServices,executes,1,1,0,0,0,0,0,0,5,1102,0.036424636923568954,benign,,0,synthetic macOS Endpoint Security-style fixture
evt-0405-4,2026-01-17 07:20:18+00:00,mac-006,user-88050,session-0405,4,Finder,Mail,file_write,~/Pictures,writes,1,1,0,0,0,0,0,0,7,515,0.030513104534620562,benign,,0,synthetic macOS Endpoint Security-style fixture
evt-0405-5,2026-01-17 07:20:37+00:00,mac-006,user-88050,session-0405,5,Mail,softwareupdated,file_read,~/Library/Preferences,reads,1,1,0,0,0,0,0,0,5,2258,0.027290953116411616,benign,,0,synthetic macOS Endpoint Security-style fixture
evt-0406-0,2026-01-17 07:25:04+00:00,mac-011,user-17182,session-0406,0,launchd,WindowServer,auth,loginwindow,authenticates,1,1,0,0,0,0,0,0,3,1129,0.03433792284942436,benign,,0,synthetic macOS Endpoint Security-style fixture
evt-0406-1,2026-01-17 07:25:21+00:00,mac-011,user-17182,session-0406,1,WindowServer,backupd,file_read,/System/Library,reads,1,1,0,0,0,0,0,0,4,1152,0.0,benign,,0,synthetic macOS Endpoint Security-style fixture
evt-0406-2,2026-01-17 07:25:41+00:00,mac-011,user-17182,session-0406,2,backupd,Finder,file_read,/System/Library,reads,1,1,0,0,0,0,0,0,6,2363,0.06325288684444291,benign,,0,synthetic macOS Endpoint Security-style fixture
evt-0406-3,2026-01-17 07:25:57+00:00,mac-011,user-17182,session-0406,3,Finder,Safari,auth,loginwindow,authenticates,1,1,0,0,0,0,0,0,3,1762,0.07493859046535965,benign,,0,synthetic macOS Endpoint Security-style fixture
evt-0406-4,2026-01-17 07:26:16+00:00,mac-011,user-17182,session-0406,4,Safari,WindowServer,exec,/System/Library/CoreServices,executes,1,1,0,0,0,0,0,0,7,1370,0.02331157793821596,benign,,0,synthetic macOS Endpoint Security-style fixture
evt-0406-5,2026-01-17 07:26:37+00:00,mac-011,user-17182,session-0406,5,WindowServer,Preview,exec,/System/Library/CoreServices,executes,1,1,0,0,0,0,0,0,6,176,0.03091849439015373,benign,,0,synthetic macOS Endpoint Security-style fixture
evt-0407-0,2026-01-17 07:32:02+00:00,mac-003,user-57610,session-0407,0,launchd,Finder,file_read,~/Documents,reads,1,1,0,0,0,0,0,0,2,1175,0.024563868299962006,data_exfiltration,T1083,1,synthetic macOS Endpoint Security-style fixture
evt-0407-1,2026-01-17 07:32:22+00:00,mac-003,user-57610,session-0407,1,Finder,zip,exec,/usr/bin/zip,executes,1,1,0,0,0,0,0,0,3,1381,0.010598372777099893,data_exfiltration,T1560,1,synthetic macOS Endpoint Security-style fixture
evt-0407-2,2026-01-17 07:32:42+00:00,mac-003,user-57610,session-0407,2,zip,zip,file_write,/tmp/archive.zip,writes,1,1,0,0,0,0,1,0,8,324,0.2755275752242028,data_exfiltration,T1560,1,synthetic macOS Endpoint Security-style fixture
evt-0407-3,2026-01-17 07:33:00+00:00,mac-003,user-57610,session-0407,3,zip,curl,network_connect,upload.example,connects,1,1,0,0,0,0,1,1,3,155907,0.4615115326250374,data_exfiltration,T1041,1,synthetic macOS Endpoint Security-style fixture
evt-0407-4,2026-01-17 07:33:17+00:00,mac-003,user-57610,session-0407,4,curl,curl,network_connect,upload.example,connects,1,1,0,0,0,0,0,1,4,42418,0.28673786653281275,data_exfiltration,T1041,1,synthetic macOS Endpoint Security-style fixture
evt-0407-5,2026-01-17 07:33:37+00:00,mac-003,user-57610,session-0407,5,curl,rm,file_delete,/tmp/archive.zip,deletes,1,1,0,0,0,0,0,0,9,900,2.9178170816518412e-05,data_exfiltration,T1070,1,synthetic macOS Endpoint Security-style fixture
evt-0408-0,2026-01-17 07:38:03+00:00,mac-013,user-78805,session-0408,0,launchd,WindowServer,file_read,~/Pictures,reads,1,1,0,0,0,0,0,0,2,1943,0.02001215787253438,benign,,0,synthetic macOS Endpoint Security-style fixture
evt-0408-1,2026-01-17 07:38:21+00:00,mac-013,user-78805,session-0408,1,WindowServer,backupd,file_read,~/Library/Preferences,reads,1,1,0,0,0,0,0,0,3,511,0.06920652085565385,benign,,0,synthetic macOS Endpoint Security-style fixture
evt-0408-2,2026-01-17 07:38:38+00:00,mac-013,user-78805,session-0408,2,backupd,Calendar,exec,/System/Applications,executes,1,1,0,0,0,0,0,0,2,1915,0.050531057216031225,benign,,0,synthetic macOS Endpoint Security-style fixture
evt-0408-3,2026-01-17 07:38:59+00:00,mac-013,user-78805,session-0408,3,Calendar,Calendar,file_write,~/Pictures,writes,1,1,0,0,0,0,0,0,4,1349,0.03575099997279891,benign,,0,synthetic macOS Endpoint Security-style fixture
evt-0408-4,2026-01-17 07:39:17+00:00,mac-013,user-78805,session-0408,4,Calendar,Notes,exec,/System/Library/CoreServices,executes,1,1,0,0,0,0,0,0,2,1332,0.046584970977376926,benign,,0,synthetic macOS Endpoint Security-style fixture
evt-0408-5,2026-01-17 07:39:38+00:00,mac-013,user-78805,session-0408,5,Notes,Mail,network_connect,updates.example,connects,1,1,0,0,0,0,0,0,2,1991,0.03790352084069183,benign,,0,synthetic macOS Endpoint Security-style fixture
evt-0409-0,2026-01-17 07:46:03+00:00,mac-026,user-24465,session-0409,0,launchd,Finder,network_connect,mail.example,connects,1,1,0,0,0,0,0,0,4,2651,0.019214508748174177,benign,,0,synthetic macOS Endpoint Security-style fixture
evt-0409-1,2026-01-17 07:46:19+00:00,mac-026,user-24465,session-0409,1,Finder,backupd,exec,/System/Applications,executes,1,1,0,0,0,0,0,0,4,4739,0.021369133756913367,benign,,0,synthetic macOS Endpoint Security-style fixture
evt-0409-2,2026-01-17 07:46:42+00:00,mac-026,user-24465,session-0409,2,backupd,backupd,network_connect,icloud.example,connects,1,1,0,0,0,0,0,0,6,1638,0.03237939621366064,benign,,0,synthetic macOS Endpoint Security-style fixture
evt-0409-3,2026-01-17 07:47:00+00:00,mac-026,user-24465,session-0409,3,backupd,Notes,file_read,~/Documents,reads,1,1,0,0,0,0,0,0,3,659,0.04407468688866986,benign,,0,synthetic macOS Endpoint Security-style fixture
evt-0409-4,2026-01-17 07:47:18+00:00,mac-026,user-24465,session-0409,4,Notes,Calendar,exec,/System/Applications,executes,1,1,0,0,0,0,0,0,4,1277,0.017070401415229055,benign,,0,synthetic macOS Endpoint Security-style fixture
evt-0409-5,2026-01-17 07:47:35+00:00,mac-026,user-24465,session-0409,5,Calendar,WindowServer,auth,loginwindow,authenticates,1,1,0,0,0,0,0,0,5,2083,0.03324486198968696,benign,,0,synthetic macOS Endpoint Security-style fixture
evt-0410-0,2026-01-17 07:54:03+00:00,mac-003,user-66201,session-0410,0,launchd,Preview,file_read,/System/Library,reads,1,1,0,0,0,0,0,0,0,1035,0.03860230264310452,benign,,0,synthetic macOS Endpoint Security-style fixture
evt-0410-1,2026-01-17 07:54:19+00:00,mac-003,user-66201,session-0410,1,Preview,softwareupdated,file_read,~/Pictures,reads,1,1,0,0,0,0,0,0,3,275,0.013585558625353107,benign,,0,synthetic macOS Endpoint Security-style fixture
evt-0410-2,2026-01-17 07:54:39+00:00,mac-003,user-66201,session-0410,2,softwareupdated,WindowServer,network_connect,icloud.example,connects,1,1,0,0,0,0,0,0,3,499,5.0215995216450204e-05,benign,,0,synthetic macOS Endpoint Security-style fixture
evt-0410-3,2026-01-17 07:54:58+00:00,mac-003,user-66201,session-0410,3,WindowServer,backupd,file_read,~/Documents,reads,1,1,0,0,0,0,0,0,3,910,0.07517984103787032,benign,,0,synthetic macOS Endpoint Security-style fixture
evt-0410-4,2026-01-17 07:55:18+00:00,mac-003,user-66201,session-0410,4,backupd,softwareupdated,file_write,~/Pictures,writes,1,1,0,0,0,0,0,0,4,287,0.06011495155152878,benign,,0,synthetic macOS Endpoint Security-style fixture
evt-0410-5,2026-01-17 07:55:37+00:00,mac-003,user-66201,session-0410,5,softwareupdated,mdworker,exec,/System/Applications,executes,1,1,0,0,0,0,0,0,4,536,0.07595616517327226,benign,,0,synthetic macOS Endpoint Security-style fixture
evt-0411-0,2026-01-17 07:58:03+00:00,mac-015,user-75446,session-0411,0,launchd,mdworker,network_connect,mail.example,connects,1,1,0,0,0,0,0,0,5,8152,0.041825605640375324,benign,,0,synthetic macOS Endpoint Security-style fixture
evt-0411-1,2026-01-17 07:58:21+00:00,mac-015,user-75446,session-0411,1,mdworker,backupd,file_read,~/Library/Preferences,reads,1,1,0,0,0,0,0,0,4,3535,0.06828047931325604,benign,,0,synthetic macOS Endpoint Security-style fixture
evt-0411-2,2026-01-17 07:58:39+00:00,mac-015,user-75446,session-0411,2,backupd,WindowServer,exec,/System/Library/CoreServices,executes,1,1,0,0,0,0,0,0,3,1150,0.055860620792282364,benign,,0,synthetic macOS Endpoint Security-style fixture
evt-0411-3,2026-01-17 07:58:58+00:00,mac-015,user-75446,session-0411,3,WindowServer,WindowServer,file_read,~/Pictures,reads,1,1,0,0,0,0,0,0,5,2442,0.06836793111416567,benign,,0,synthetic macOS Endpoint Security-style fixture
evt-0411-4,2026-01-17 07:59:18+00:00,mac-015,user-75446,session-0411,4,WindowServer,softwareupdated,exec,/usr/bin/open,executes,1,1,0,0,0,0,0,0,4,756,0.028840612166444755,benign,,0,synthetic macOS Endpoint Security-style fixture
evt-0411-5,2026-01-17 07:59:36+00:00,mac-015,user-75446,session-0411,5,softwareupdated,Calendar,exec,/usr/bin/open,executes,1,1,0,0,0,0,0,0,4,488,0.047362172020165044,benign,,0,synthetic macOS Endpoint Security-style fixture
evt-0412-0,2026-01-17 08:06:00+00:00,mac-009,user-89358,session-0412,0,launchd,softwareupdated,network_connect,updates.example,connects,1,1,0,0,0,0,0,0,1,577,0.024680380778099115,benign,,0,synthetic macOS Endpoint Security-style fixture
evt-0412-1,2026-01-17 08:06:22+00:00,mac-009,user-89358,session-0412,1,softwareupdated,WindowServer,file_read,~/Documents,reads,1,1,0,0,0,0,0,0,3,1624,0.04008045938844445,benign,,0,synthetic macOS Endpoint Security-style fixture
evt-0412-2,2026-01-17 08:06:38+00:00,mac-009,user-89358,session-0412,2,WindowServer,Safari,file_read,~/Pictures,reads,1,1,0,0,0,0,0,0,4,462,0.05954693983843228,benign,,0,synthetic macOS Endpoint Security-style fixture
evt-0412-3,2026-01-17 08:06:58+00:00,mac-009,user-89358,session-0412,3,Safari,WindowServer,file_read,~/Library/Preferences,reads,1,1,0,0,0,0,0,0,6,1733,0.0997905686551422,benign,,0,synthetic macOS Endpoint Security-style fixture
evt-0412-4,2026-01-17 08:07:19+00:00,mac-009,user-89358,session-0412,4,WindowServer,Safari,exec,/usr/bin/open,executes,1,1,0,0,0,0,0,0,4,1034,0.03742518828333857,benign,,0,synthetic macOS Endpoint Security-style fixture
evt-0412-5,2026-01-17 08:07:35+00:00,mac-009,user-89358,session-0412,5,Safari,mdworker,file_read,/System/Library,reads,1,1,0,0,0,0,0,0,6,2149,0.04362175429598969,benign,,0,synthetic macOS Endpoint Security-style fixture
evt-0413-0,2026-01-17 08:12:00+00:00,mac-009,user-88704,session-0413,0,launchd,Calendar,file_read,~/Library/Preferences,reads,1,1,0,0,0,0,0,0,4,1097,0.08521120500964847,benign,,0,synthetic macOS Endpoint Security-style fixture
evt-0413-1,2026-01-17 08:12:22+00:00,mac-009,user-88704,session-0413,1,Calendar,Notes,file_write,~/Library/Preferences,writes,1,1,0,0,0,0,0,0,3,4905,0.02959539366415139,benign,,0,synthetic macOS Endpoint Security-style fixture
evt-0413-2,2026-01-17 08:12:40+00:00,mac-009,user-88704,session-0413,2,Notes,Mail,file_write,~/Pictures,writes,1,1,0,0,0,0,0,0,4,1113,0.05165923976298058,benign,,0,synthetic macOS Endpoint Security-style fixture
evt-0413-3,2026-01-17 08:12:57+00:00,mac-009,user-88704,session-0413,3,Mail,Preview,auth,loginwindow,authenticates,1,1,0,0,0,0,0,0,4,2133,0.013988059141067495,benign,,0,synthetic macOS Endpoint Security-style fixture
evt-0413-4,2026-01-17 08:13:17+00:00,mac-009,user-88704,session-0413,4,Preview,Mail,network_connect,mail.example,connects,1,1,0,0,0,0,0,0,5,761,0.02382425529957611,benign,,0,synthetic macOS Endpoint Security-style fixture
evt-0413-5,2026-01-17 08:13:36+00:00,mac-009,user-88704,session-0413,5,Mail,Safari,network_connect,mail.example,connects,1,1,0,0,0,0,0,0,4,612,0.05333304882289824,benign,,0,synthetic macOS Endpoint Security-style fixture
evt-0414-0,2026-01-17 08:22:04+00:00,mac-027,user-87396,session-0414,0,launchd,mdworker,exec,/System/Applications,executes,1,1,0,0,0,0,0,0,3,350,0.041866339371966224,benign,,0,synthetic macOS Endpoint Security-style fixture
evt-0414-1,2026-01-17 08:22:19+00:00,mac-027,user-87396,session-0414,1,mdworker,Mail,auth,loginwindow,authenticates,1,1,0,0,0,0,0,0,4,1389,0.031886417041100214,benign,,0,synthetic macOS Endpoint Security-style fixture
evt-0414-2,2026-01-17 08:22:42+00:00,mac-027,user-87396,session-0414,2,Mail,backupd,network_connect,mail.example,connects,1,1,0,0,0,0,0,0,9,515,0.052932355921438766,benign,,0,synthetic macOS Endpoint Security-style fixture
evt-0414-3,2026-01-17 08:23:00+00:00,mac-027,user-87396,session-0414,3,backupd,WindowServer,exec,/System/Library/CoreServices,executes,1,1,0,0,0,0,0,0,3,5892,0.08690093814561572,benign,,0,synthetic macOS Endpoint Security-style fixture
evt-0414-4,2026-01-17 08:23:19+00:00,mac-027,user-87396,session-0414,4,WindowServer,Notes,network_connect,updates.example,connects,1,1,0,0,0,0,0,0,3,873,0.020692305561690834,benign,,0,synthetic macOS Endpoint Security-style fixture
evt-0414-5,2026-01-17 08:23:37+00:00,mac-027,user-87396,session-0414,5,Notes,WindowServer,auth,loginwindow,authenticates,1,1,0,0,0,0,0,0,0,2407,0.07199605775864598,benign,,0,synthetic macOS Endpoint Security-style fixture
evt-0415-0,2026-01-17 08:29:04+00:00,mac-003,user-90012,session-0415,0,launchd,Preview,exec,/System/Applications,executes,1,1,0,0,0,0,0,0,6,929,0.015185916699411106,benign,,0,synthetic macOS Endpoint Security-style fixture
evt-0415-1,2026-01-17 08:29:23+00:00,mac-003,user-90012,session-0415,1,Preview,Finder,exec,/System/Applications,executes,1,1,0,0,0,0,0,0,1,389,0.026885236242449546,benign,,0,synthetic macOS Endpoint Security-style fixture
evt-0415-2,2026-01-17 08:29:38+00:00,mac-003,user-90012,session-0415,2,Finder,softwareupdated,file_read,~/Library/Preferences,reads,1,1,0,0,0,0,0,0,5,2364,0.03945858762406503,benign,,0,synthetic macOS Endpoint Security-style fixture
evt-0415-3,2026-01-17 08:30:01+00:00,mac-003,user-90012,session-0415,3,softwareupdated,Preview,exec,/System/Applications,executes,1,1,0,0,0,0,0,0,5,2536,0.019471123955777943,benign,,0,synthetic macOS Endpoint Security-style fixture
evt-0415-4,2026-01-17 08:30:18+00:00,mac-003,user-90012,session-0415,4,Preview,Preview,network_connect,calendar.example,connects,1,1,0,0,0,0,0,0,3,1146,0.04055999182541888,benign,,0,synthetic macOS Endpoint Security-style fixture
evt-0415-5,2026-01-17 08:30:37+00:00,mac-003,user-90012,session-0415,5,Preview,Finder,file_write,~/Documents,writes,1,1,0,0,0,0,0,0,3,819,0.04021310708175313,benign,,0,synthetic macOS Endpoint Security-style fixture
evt-0416-0,2026-01-17 08:36:03+00:00,mac-004,user-83383,session-0416,0,launchd,Calendar,file_write,/System/Library,writes,1,1,0,0,0,0,0,0,3,1003,0.053143057027470894,benign,,0,synthetic macOS Endpoint Security-style fixture
evt-0416-1,2026-01-17 08:36:22+00:00,mac-004,user-83383,session-0416,1,Calendar,softwareupdated,exec,/System/Applications,executes,1,1,0,0,0,0,0,0,1,903,0.04115698670018471,benign,,0,synthetic macOS Endpoint Security-style fixture
evt-0416-2,2026-01-17 08:36:39+00:00,mac-004,user-83383,session-0416,2,softwareupdated,Calendar,exec,/System/Library/CoreServices,executes,1,1,0,0,0,0,0,0,3,864,0.07400982303891643,benign,,0,synthetic macOS Endpoint Security-style fixture
evt-0416-3,2026-01-17 08:36:59+00:00,mac-004,user-83383,session-0416,3,Calendar,Finder,file_write,~/Pictures,writes,1,1,0,0,0,0,0,0,9,1661,0.05698232201674798,benign,,0,synthetic macOS Endpoint Security-style fixture
evt-0416-4,2026-01-17 08:37:18+00:00,mac-004,user-83383,session-0416,4,Finder,Finder,file_read,~/Documents,reads,1,1,0,0,0,0,0,0,5,819,0.003385212289131391,benign,,0,synthetic macOS Endpoint Security-style fixture
evt-0416-5,2026-01-17 08:37:36+00:00,mac-004,user-83383,session-0416,5,Finder,mdworker,network_connect,calendar.example,connects,1,1,0,0,0,0,0,0,0,465,0.04746918212427079,benign,,0,synthetic macOS Endpoint Security-style fixture
evt-0417-0,2026-01-17 08:41:04+00:00,mac-018,user-32402,session-0417,0,launchd,Notes,file_read,~/Pictures,reads,1,1,0,0,0,0,0,0,3,1419,0.048571287300285135,benign,,0,synthetic macOS Endpoint Security-style fixture
evt-0417-1,2026-01-17 08:41:21+00:00,mac-018,user-32402,session-0417,1,Notes,mdworker,file_write,~/Library/Preferences,writes,1,1,0,0,0,0,0,0,4,1591,0.07501310726535479,benign,,0,synthetic macOS Endpoint Security-style fixture
evt-0417-2,2026-01-17 08:41:39+00:00,mac-018,user-32402,session-0417,2,mdworker,Notes,network_connect,calendar.example,connects,1,1,0,0,0,0,0,0,7,832,0.034731670605426576,benign,,0,synthetic macOS Endpoint Security-style fixture
evt-0417-3,2026-01-17 08:42:00+00:00,mac-018,user-32402,session-0417,3,Notes,backupd,network_connect,icloud.example,connects,1,1,0,0,0,0,0,0,1,1609,0.03965872200203845,benign,,0,synthetic macOS Endpoint Security-style fixture
evt-0417-4,2026-01-17 08:42:16+00:00,mac-018,user-32402,session-0417,4,backupd,WindowServer,exec,/System/Library/CoreServices,executes,1,1,0,0,0,0,0,0,1,209,0.04967445806972748,benign,,0,synthetic macOS Endpoint Security-style fixture
evt-0417-5,2026-01-17 08:42:35+00:00,mac-018,user-32402,session-0417,5,WindowServer,mdworker,auth,loginwindow,authenticates,1,1,0,0,0,0,0,0,3,566,0.033501898781133424,benign,,0,synthetic macOS Endpoint Security-style fixture
evt-0418-0,2026-01-17 08:50:01+00:00,mac-023,user-03270,session-0418,0,launchd,Terminal,exec,/bin/zsh,executes,1,1,0,0,0,0,0,0,3,767,0.049995397159892235,benign,,0,synthetic macOS Endpoint Security-style fixture
evt-0418-1,2026-01-17 08:50:20+00:00,mac-023,user-03270,session-0418,1,Terminal,zsh,exec,/usr/local/bin/brew,executes,0,0,0,0,0,0,0,0,4,885,0.274376773060616,benign,,0,synthetic macOS Endpoint Security-style fixture
evt-0418-2,2026-01-17 08:50:39+00:00,mac-023,user-03270,session-0418,2,zsh,brew,network_connect,packages.example,connects,0,0,0,0,0,0,0,0,3,853,0.23033718157700608,benign,,0,synthetic macOS Endpoint Security-style fixture
evt-0418-3,2026-01-17 08:50:58+00:00,mac-023,user-03270,session-0418,3,brew,softwareupdated,file_write,/Library/Updates,writes,1,1,0,0,0,1,0,0,52,943,0.32339326681011055,benign,,0,synthetic macOS Endpoint Security-style fixture
evt-0418-4,2026-01-17 08:51:17+00:00,mac-023,user-03270,session-0418,4,softwareupdated,security,file_read,login.keychain-db,reads,1,1,0,0,0,0,1,0,3,2384,0.2642644567668212,benign,,0,synthetic macOS Endpoint Security-style fixture
evt-0418-5,2026-01-17 08:51:39+00:00,mac-023,user-03270,session-0418,5,security,backupd,network_connect,backup.example,connects,1,1,0,0,0,0,0,1,4,30535,0.2526297368229583,benign,,0,synthetic macOS Endpoint Security-style fixture
evt-0419-0,2026-01-17 08:57:04+00:00,mac-002,user-46968,session-0419,0,launchd,Preview,exec,/usr/bin/open,executes,1,1,0,0,0,0,0,0,3,1379,0.05277112534423727,benign,,0,synthetic macOS Endpoint Security-style fixture
evt-0419-1,2026-01-17 08:57:20+00:00,mac-002,user-46968,session-0419,1,Preview,WindowServer,file_read,~/Library/Preferences,reads,1,1,0,0,0,0,0,0,3,1022,0.06901643319778171,benign,,0,synthetic macOS Endpoint Security-style fixture
evt-0419-2,2026-01-17 08:57:39+00:00,mac-002,user-46968,session-0419,2,WindowServer,softwareupdated,network_connect,icloud.example,connects,1,1,0,0,0,0,0,0,5,539,0.040067219026978386,benign,,0,synthetic macOS Endpoint Security-style fixture
evt-0419-3,2026-01-17 08:57:59+00:00,mac-002,user-46968,session-0419,3,softwareupdated,softwareupdated,exec,/usr/bin/open,executes,1,1,0,0,0,0,0,0,5,1957,0.0294115048704812,benign,,0,synthetic macOS Endpoint Security-style fixture
evt-0419-4,2026-01-17 08:58:19+00:00,mac-002,user-46968,session-0419,4,softwareupdated,backupd,file_read,~/Library/Preferences,reads,1,1,0,0,0,0,0,0,7,1095,0.038290971354377604,benign,,0,synthetic macOS Endpoint Security-style fixture
evt-0419-5,2026-01-17 08:58:38+00:00,mac-002,user-46968,session-0419,5,backupd,Preview,auth,loginwindow,authenticates,1,1,0,0,0,0,0,0,5,1802,0.0061962466574712535,benign,,0,synthetic macOS Endpoint Security-style fixture
